stage,candidate_cat_ids,selected_cat_ids,cat_count,xgb_weight,lr_weight,cat_weight,threshold,ROC AUC,AP,Accuracy,Balanced Acc,Precision,Recall,Specificity,F1,F2,MCC,delta_auc,delta_ap,delta_f2,delta_mcc,guardrail_passed,guardrail_reason
baseline,,,0,0.6,0.4,0.0,0.17,0.7857905982905984,0.41358033307002995,0.5882352941176471,0.7254273504273505,0.2608695652173913,0.9230769230769231,0.5277777777777778,0.4067796610169491,0.6122448979591837,0.32565916668073464,0.0,0.0,0.0,0.0,1,baseline
candidate_eval,cat_member_03,cat_member_03,1,0.45,0.5,0.05,0.19,0.7804487179487181,0.4103111845988543,0.5882352941176471,0.7254273504273505,0.2608695652173913,0.9230769230769231,0.5277777777777778,0.4067796610169491,0.6122448979591837,0.32565916668073464,-0.005341880341880323,-0.0032691484711756535,0.0,0.0,0,auc_gain_too_small|ap_drop_too_large
candidate_eval,cat_member_01,cat_member_01,1,0.3,0.65,0.05,0.2,0.7804487179487181,0.40460108587404975,0.5882352941176471,0.7254273504273505,0.2608695652173913,0.9230769230769231,0.5277777777777778,0.4067796610169491,0.6122448979591837,0.32565916668073464,-0.005341880341880323,-0.0089792471959802,0.0,0.0,0,auc_gain_too_small|ap_drop_too_large
candidate_eval,cat_member_01,cat_member_01,1,0.45,0.5,0.05,0.19,0.7804487179487181,0.40460108587404975,0.5882352941176471,0.7254273504273505,0.2608695652173913,0.9230769230769231,0.5277777777777778,0.4067796610169491,0.6122448979591837,0.32565916668073464,-0.005341880341880323,-0.0089792471959802,0.0,0.0,0,auc_gain_too_small|ap_drop_too_large
candidate_eval,cat_member_01|cat_member_03,cat_member_01|cat_member_03,2,0.3,0.65,0.05,0.2,0.780448717948718,0.4075819889119121,0.5882352941176471,0.7254273504273505,0.2608695652173913,0.9230769230769231,0.5277777777777778,0.4067796610169491,0.6122448979591837,0.32565916668073464,-0.005341880341880434,-0.005998344158117841,0.0,0.0,0,auc_gain_too_small|ap_drop_too_large
candidate_eval,cat_member_01|cat_member_03,cat_member_01|cat_member_03,2,0.35,0.6,0.05,0.2,0.780448717948718,0.4075819889119121,0.5882352941176471,0.7254273504273505,0.2608695652173913,0.9230769230769231,0.5277777777777778,0.4067796610169491,0.6122448979591837,0.32565916668073464,-0.005341880341880434,-0.005998344158117841,0.0,0.0,0,auc_gain_too_small|ap_drop_too_large
candidate_eval,cat_member_01|cat_member_04,cat_member_01|cat_member_04,2,0.55,0.4,0.05,0.19,0.77991452991453,0.4085263468415642,0.5882352941176471,0.7254273504273505,0.2608695652173913,0.9230769230769231,0.5277777777777778,0.4067796610169491,0.6122448979591837,0.32565916668073464,-0.005876068376068355,-0.005053986228465757,0.0,0.0,0,auc_gain_too_small|ap_drop_too_large
candidate_eval,cat_member_04,cat_member_04,1,0.5,0.45,0.05,0.19,0.77991452991453,0.40460108587404975,0.5882352941176471,0.7254273504273505,0.2608695652173913,0.9230769230769231,0.5277777777777778,0.4067796610169491,0.6122448979591837,0.32565916668073464,-0.005876068376068355,-0.0089792471959802,0.0,0.0,0,auc_gain_too_small|ap_drop_too_large
candidate_eval,cat_member_01|cat_member_02,cat_member_01|cat_member_02,2,0.25,0.7,0.05,0.2,0.77991452991453,0.40460108587404975,0.5882352941176471,0.7254273504273505,0.2608695652173913,0.9230769230769231,0.5277777777777778,0.4067796610169491,0.6122448979591837,0.32565916668073464,-0.005876068376068355,-0.0089792471959802,0.0,0.0,0,auc_gain_too_small|ap_drop_too_large
candidate_eval,cat_member_01|cat_member_04,cat_member_01|cat_member_04,2,0.5,0.45,0.05,0.19,0.77991452991453,0.40460108587404975,0.5882352941176471,0.7254273504273505,0.2608695652173913,0.9230769230769231,0.5277777777777778,0.4067796610169491,0.6122448979591837,0.32565916668073464,-0.005876068376068355,-0.0089792471959802,0.0,0.0,0,auc_gain_too_small|ap_drop_too_large
candidate_eval,cat_member_03,cat_member_03,1,0.5,0.45,0.05,0.18,0.779380341880342,0.4061903054779752,0.5882352941176471,0.7254273504273505,0.2608695652173913,0.9230769230769231,0.5277777777777778,0.4067796610169491,0.6122448979591837,0.32565916668073464,-0.0064102564102563875,-0.00739002759205476,0.0,0.0,0,auc_gain_too_small|ap_drop_too_large
candidate_eval,cat_member_01,cat_member_01,1,0.35,0.6,0.05,0.2,0.779380341880342,0.40391549695316664,0.5882352941176471,0.7254273504273505,0.2608695652173913,0.9230769230769231,0.5277777777777778,0.4067796610169491,0.6122448979591837,0.32565916668073464,-0.0064102564102563875,-0.009664836116863307,0.0,0.0,0,auc_gain_too_small|ap_drop_too_large
candidate_eval,cat_member_01,cat_member_01,1,0.25,0.7,0.05,0.21,0.779380341880342,0.4027061859022266,0.5882352941176471,0.7254273504273505,0.2608695652173913,0.9230769230769231,0.5277777777777778,0.4067796610169491,0.6122448979591837,0.32565916668073464,-0.0064102564102563875,-0.010874147167803327,0.0,0.0,0,auc_gain_too_small|ap_drop_too_large
candidate_eval,cat_member_01,cat_member_01,1,0.55,0.4,0.05,0.19,0.7793803418803419,0.40781481449146495,0.5882352941176471,0.7254273504273505,0.2608695652173913,0.9230769230769231,0.5277777777777778,0.4067796610169491,0.6122448979591837,0.32565916668073464,-0.0064102564102564985,-0.005765518578564999,0.0,0.0,0,auc_gain_too_small|ap_drop_too_large
candidate_eval,cat_member_01,cat_member_01,1,0.5,0.45,0.05,0.19,0.7793803418803419,0.4071456118991854,0.5882352941176471,0.7254273504273505,0.2608695652173913,0.9230769230769231,0.5277777777777778,0.4067796610169491,0.6122448979591837,0.32565916668073464,-0.0064102564102564985,-0.006434721170844537,0.0,0.0,0,auc_gain_too_small|ap_drop_too_large
candidate_eval,cat_member_01|cat_member_03,cat_member_01|cat_member_03,2,0.45,0.5,0.05,0.19,0.7793803418803419,0.406650281730205,0.5882352941176471,0.7254273504273505,0.2608695652173913,0.9230769230769231,0.5277777777777778,0.4067796610169491,0.6122448979591837,0.32565916668073464,-0.0064102564102564985,-0.006930051339824939,0.0,0.0,0,auc_gain_too_small|ap_drop_too_large
candidate_eval,cat_member_01|cat_member_03,cat_member_01|cat_member_03,2,0.5,0.45,0.05,0.19,0.7793803418803419,0.406650281730205,0.5882352941176471,0.7254273504273505,0.2608695652173913,0.9230769230769231,0.5277777777777778,0.4067796610169491,0.6122448979591837,0.32565916668073464,-0.0064102564102564985,-0.006930051339824939,0.0,0.0,0,auc_gain_too_small|ap_drop_too_large
candidate_eval,cat_member_01|cat_member_03,cat_member_01|cat_member_03,2,0.25,0.7,0.05,0.2,0.7793803418803419,0.40583971409271424,0.5882352941176471,0.7254273504273505,0.2608695652173913,0.9230769230769231,0.5277777777777778,0.4067796610169491,0.6122448979591837,0.32565916668073464,-0.0064102564102564985,-0.007740618977315705,0.0,0.0,0,auc_gain_too_small|ap_drop_too_large
candidate_eval,cat_member_02|cat_member_03,cat_member_02|cat_member_03,2,0.3,0.65,0.05,0.2,0.778846153846154,0.41011556644548974,0.5882352941176471,0.7254273504273505,0.2608695652173913,0.9230769230769231,0.5277777777777778,0.4067796610169491,0.6122448979591837,0.32565916668073464,-0.00694444444444442,-0.0034647666245402053,0.0,0.0,0,auc_gain_too_small|ap_drop_too_large
candidate_eval,cat_member_02|cat_member_03,cat_member_02|cat_member_03,2,0.25,0.7,0.05,0.2,0.778846153846154,0.4073807816684514,0.5882352941176471,0.7254273504273505,0.2608695652173913,0.9230769230769231,0.5277777777777778,0.4067796610169491,0.6122448979591837,0.32565916668073464,-0.00694444444444442,-0.0061995514015785735,0.0,0.0,0,auc_gain_too_small|ap_drop_too_large
candidate_eval,cat_member_01|cat_member_04,cat_member_01|cat_member_04,2,0.3,0.65,0.05,0.2,0.778846153846154,0.40391549695316664,0.5882352941176471,0.7254273504273505,0.2608695652173913,0.9230769230769231,0.5277777777777778,0.4067796610169491,0.6122448979591837,0.32565916668073464,-0.00694444444444442,-0.009664836116863307,0.0,0.0,0,auc_gain_too_small|ap_drop_too_large
candidate_eval,cat_member_04,cat_member_04,1,0.55,0.4,0.05,0.18,0.7788461538461539,0.41192400344228286,0.5882352941176471,0.7254273504273505,0.2608695652173913,0.9230769230769231,0.5277777777777778,0.4067796610169491,0.6122448979591837,0.32565916668073464,-0.006944444444444531,-0.0016563296277470885,0.0,0.0,0,auc_gain_too_small
candidate_eval,cat_member_02|cat_member_04,cat_member_02|cat_member_04,2,0.3,0.65,0.05,0.2,0.7788461538461539,0.4061903054779752,0.5882352941176471,0.7254273504273505,0.2608695652173913,0.9230769230769231,0.5277777777777778,0.4067796610169491,0.6122448979591837,0.32565916668073464,-0.006944444444444531,-0.00739002759205476,0.0,0.0,0,auc_gain_too_small|ap_drop_too_large
candidate_eval,cat_member_03|cat_member_04,cat_member_03|cat_member_04,2,0.25,0.7,0.05,0.2,0.7788461538461539,0.40583971409271424,0.5882352941176471,0.7254273504273505,0.2608695652173913,0.9230769230769231,0.5277777777777778,0.4067796610169491,0.6122448979591837,0.32565916668073464,-0.006944444444444531,-0.007740618977315705,0.0,0.0,0,auc_gain_too_small|ap_drop_too_large
candidate_eval,cat_member_03|cat_member_04,cat_member_03|cat_member_04,2,0.3,0.65,0.05,0.2,0.7788461538461539,0.403461109791033,0.5882352941176471,0.7254273504273505,0.2608695652173913,0.9230769230769231,0.5277777777777778,0.4067796610169491,0.6122448979591837,0.32565916668073464,-0.006944444444444531,-0.010119223278996947,0.0,0.0,0,auc_gain_too_small|ap_drop_too_large
candidate_eval,cat_member_03,cat_member_03,1,0.3,0.65,0.05,0.2,0.7783119658119659,0.4103908435020426,0.5882352941176471,0.7254273504273505,0.2608695652173913,0.9230769230769231,0.5277777777777778,0.4067796610169491,0.6122448979591837,0.32565916668073464,-0.007478632478632452,-0.003189489567987369,0.0,0.0,0,auc_gain_too_small|ap_drop_too_large
candidate_eval,cat_member_03,cat_member_03,1,0.35,0.6,0.05,0.19,0.7783119658119659,0.4103908435020426,0.5882352941176471,0.7254273504273505,0.2608695652173913,0.9230769230769231,0.5277777777777778,0.4067796610169491,0.6122448979591837,0.32565916668073464,-0.007478632478632452,-0.003189489567987369,0.0,0.0,0,auc_gain_too_small|ap_drop_too_large
candidate_eval,cat_member_01,cat_member_01,1,0.4,0.55,0.05,0.2,0.7783119658119659,0.40325990254757227,0.5882352941176471,0.7254273504273505,0.2608695652173913,0.9230769230769231,0.5277777777777778,0.4067796610169491,0.6122448979591837,0.32565916668073464,-0.007478632478632452,-0.01032043052245768,0.0,0.0,0,auc_gain_too_small|ap_drop_too_large
candidate_eval,cat_member_03,cat_member_03,1,0.4,0.55,0.05,0.19,0.7783119658119658,0.40904774215894135,0.5882352941176471,0.7254273504273505,0.2608695652173913,0.9230769230769231,0.5277777777777778,0.4067796610169491,0.6122448979591837,0.32565916668073464,-0.007478632478632563,-0.0045325909110885965,0.0,0.0,0,auc_gain_too_small|ap_drop_too_large
candidate_eval,cat_member_01,cat_member_01,1,0.6,0.35,0.05,0.18,0.7783119658119658,0.4073913361385224,0.5882352941176471,0.7254273504273505,0.2608695652173913,0.9230769230769231,0.5277777777777778,0.4067796610169491,0.6122448979591837,0.32565916668073464,-0.007478632478632563,-0.00618899693150754,0.0,0.0,0,auc_gain_too_small|ap_drop_too_large
candidate_eval,cat_member_01,cat_member_01,1,0.2,0.7,0.1,0.22,0.7783119658119658,0.4042152089687825,0.5882352941176471,0.7254273504273505,0.2608695652173913,0.9230769230769231,0.5277777777777778,0.4067796610169491,0.6122448979591837,0.32565916668073464,-0.007478632478632563,-0.009365124101247457,0.0,0.0,0,auc_gain_too_small|ap_drop_too_large
candidate_eval,cat_member_01,cat_member_01,1,0.05,0.9,0.05,0.14,0.7783119658119658,0.3925116699435177,0.5764705882352941,0.718482905982906,0.2553191489361702,0.9230769230769231,0.5138888888888888,0.4,0.6060606060606061,0.31633311383796653,-0.007478632478632563,-0.021068663126512233,-0.00618429189857761,-0.009326052842768107,0,auc_gain_too_small|f2_drop_too_large|ap_drop_too_large
candidate_eval,cat_member_01,cat_member_01,1,0.1,0.85,0.05,0.14,0.7783119658119658,0.3925116699435177,0.5764705882352941,0.718482905982906,0.2553191489361702,0.9230769230769231,0.5138888888888888,0.4,0.6060606060606061,0.31633311383796653,-0.007478632478632563,-0.021068663126512233,-0.00618429189857761,-0.009326052842768107,0,auc_gain_too_small|f2_drop_too_large|ap_drop_too_large
candidate_eval,cat_member_04,cat_member_04,1,0.35,0.6,0.05,0.2,0.7777777777777779,0.40325990254757227,0.5882352941176471,0.7254273504273505,0.2608695652173913,0.9230769230769231,0.5277777777777778,0.4067796610169491,0.6122448979591837,0.32565916668073464,-0.008012820512820484,-0.01032043052245768,0.0,0.0,0,auc_gain_too_small|ap_drop_too_large
candidate_eval,cat_member_04,cat_member_04,1,0.4,0.55,0.05,0.19,0.7777777777777779,0.40325990254757227,0.5882352941176471,0.7254273504273505,0.2608695652173913,0.9230769230769231,0.5277777777777778,0.4067796610169491,0.6122448979591837,0.32565916668073464,-0.008012820512820484,-0.01032043052245768,0.0,0.0,0,auc_gain_too_small|ap_drop_too_large
candidate_eval,cat_member_04,cat_member_04,1,0.45,0.5,0.05,0.19,0.7777777777777779,0.40325990254757227,0.5882352941176471,0.7254273504273505,0.2608695652173913,0.9230769230769231,0.5277777777777778,0.4067796610169491,0.6122448979591837,0.32565916668073464,-0.008012820512820484,-0.01032043052245768,0.0,0.0,0,auc_gain_too_small|ap_drop_too_large
candidate_eval,cat_member_01|cat_member_04,cat_member_01|cat_member_04,2,0.35,0.6,0.05,0.2,0.7777777777777779,0.40325990254757227,0.5882352941176471,0.7254273504273505,0.2608695652173913,0.9230769230769231,0.5277777777777778,0.4067796610169491,0.6122448979591837,0.32565916668073464,-0.008012820512820484,-0.01032043052245768,0.0,0.0,0,auc_gain_too_small|ap_drop_too_large
candidate_eval,cat_member_01|cat_member_04,cat_member_01|cat_member_04,2,0.4,0.55,0.05,0.2,0.7777777777777779,0.40325990254757227,0.5882352941176471,0.7254273504273505,0.2608695652173913,0.9230769230769231,0.5277777777777778,0.4067796610169491,0.6122448979591837,0.32565916668073464,-0.008012820512820484,-0.01032043052245768,0.0,0.0,0,auc_gain_too_small|ap_drop_too_large
candidate_eval,cat_member_01|cat_member_04,cat_member_01|cat_member_04,2,0.45,0.5,0.05,0.19,0.7777777777777779,0.40325990254757227,0.5882352941176471,0.7254273504273505,0.2608695652173913,0.9230769230769231,0.5277777777777778,0.4067796610169491,0.6122448979591837,0.32565916668073464,-0.008012820512820484,-0.01032043052245768,0.0,0.0,0,auc_gain_too_small|ap_drop_too_large
candidate_eval,cat_member_03|cat_member_04,cat_member_03|cat_member_04,2,0.35,0.6,0.05,0.2,0.7777777777777779,0.40325990254757227,0.5882352941176471,0.7254273504273505,0.2608695652173913,0.9230769230769231,0.5277777777777778,0.4067796610169491,0.6122448979591837,0.32565916668073464,-0.008012820512820484,-0.01032043052245768,0.0,0.0,0,auc_gain_too_small|ap_drop_too_large
candidate_eval,cat_member_04,cat_member_04,1,0.3,0.65,0.05,0.2,0.7777777777777779,0.4013513943890641,0.5882352941176471,0.7254273504273505,0.2608695652173913,0.9230769230769231,0.5277777777777778,0.4067796610169491,0.6122448979591837,0.32565916668073464,-0.008012820512820484,-0.012228938680965862,0.0,0.0,0,auc_gain_too_small|ap_drop_too_large
candidate_eval,cat_member_02|cat_member_04,cat_member_02|cat_member_04,2,0.25,0.7,0.05,0.2,0.7777777777777779,0.4004638204245671,0.5882352941176471,0.7254273504273505,0.2608695652173913,0.9230769230769231,0.5277777777777778,0.4067796610169491,0.6122448979591837,0.32565916668073464,-0.008012820512820484,-0.013116512645462874,0.0,0.0,0,auc_gain_too_small|ap_drop_too_large
candidate_eval,cat_member_01|cat_member_04,cat_member_01|cat_member_04,2,0.25,0.7,0.05,0.21,0.7777777777777779,0.3985853067813475,0.5882352941176471,0.7254273504273505,0.2608695652173913,0.9230769230769231,0.5277777777777778,0.4067796610169491,0.6122448979591837,0.32565916668073464,-0.008012820512820484,-0.014995026288682434,0.0,0.0,0,auc_gain_too_small|ap_drop_too_large
candidate_eval,cat_member_04,cat_member_04,1,0.6,0.35,0.05,0.18,0.7777777777777778,0.4110692238169834,0.5882352941176471,0.7254273504273505,0.2608695652173913,0.9230769230769231,0.5277777777777778,0.4067796610169491,0.6122448979591837,0.32565916668073464,-0.008012820512820595,-0.0025111092530465395,0.0,0.0,0,auc_gain_too_small|ap_drop_too_large
candidate_eval,cat_member_01|cat_member_04,cat_member_01|cat_member_04,2,0.6,0.35,0.05,0.18,0.7777777777777778,0.4101874182615276,0.5882352941176471,0.7254273504273505,0.2608695652173913,0.9230769230769231,0.5277777777777778,0.4067796610169491,0.6122448979591837,0.32565916668073464,-0.008012820512820595,-0.0033929148085023453,0.0,0.0,0,auc_gain_too_small|ap_drop_too_large
candidate_eval,cat_member_02|cat_member_04,cat_member_02|cat_member_04,2,0.35,0.6,0.05,0.2,0.7777777777777778,0.40599468732461064,0.5882352941176471,0.7254273504273505,0.2608695652173913,0.9230769230769231,0.5277777777777778,0.4067796610169491,0.6122448979591837,0.32565916668073464,-0.008012820512820595,-0.007585645745419312,0.0,0.0,0,auc_gain_too_small|ap_drop_too_large
candidate_eval,cat_member_02|cat_member_03,cat_member_02|cat_member_03,2,0.15,0.8,0.05,0.14,0.7777777777777778,0.3943576095959038,0.5764705882352941,0.718482905982906,0.2553191489361702,0.9230769230769231,0.5138888888888888,0.4,0.6060606060606061,0.31633311383796653,-0.008012820512820595,-0.019222723474126124,-0.00618429189857761,-0.009326052842768107,0,auc_gain_too_small|f2_drop_too_large|ap_drop_too_large
candidate_eval,cat_member_01|cat_member_03,cat_member_01|cat_member_03,2,0.2,0.7,0.1,0.22,0.7772435897435899,0.410195225348678,0.5882352941176471,0.7254273504273505,0.2608695652173913,0.9230769230769231,0.5277777777777778,0.4067796610169491,0.6122448979591837,0.32565916668073464,-0.008547008547008517,-0.003385107721351921,0.0,0.0,0,auc_gain_too_small|ap_drop_too_large
candidate_eval,cat_member_03,cat_member_03,1,0.25,0.7,0.05,0.2,0.7772435897435899,0.40782674093794,0.5882352941176471,0.7254273504273505,0.2608695652173913,0.9230769230769231,0.5277777777777778,0.4067796610169491,0.6122448979591837,0.32565916668073464,-0.008547008547008517,-0.005753592132089924,0.0,0.0,0,auc_gain_too_small|ap_drop_too_large
candidate_eval,cat_member_01|cat_member_03,cat_member_01|cat_member_03,2,0.4,0.55,0.05,0.19,0.7772435897435899,0.4030642843942076,0.5882352941176471,0.7254273504273505,0.2608695652173913,0.9230769230769231,0.5277777777777778,0.4067796610169491,0.6122448979591837,0.32565916668073464,-0.008547008547008517,-0.010516048675822343,0.0,0.0,0,auc_gain_too_small|ap_drop_too_large
candidate_eval,cat_member_01|cat_member_03,cat_member_01|cat_member_03,2,0.2,0.75,0.05,0.21,0.7772435897435898,0.39179350703180127,0.5882352941176471,0.7254273504273505,0.2608695652173913,0.9230769230769231,0.5277777777777778,0.4067796610169491,0.6122448979591837,0.32565916668073464,-0.008547008547008628,-0.02178682603822868,0.0,0.0,0,auc_gain_too_small|ap_drop_too_large
candidate_eval,cat_member_01|cat_member_03,cat_member_01|cat_member_03,2,0.15,0.8,0.05,0.14,0.7772435897435898,0.39179350703180127,0.5764705882352941,0.718482905982906,0.2553191489361702,0.9230769230769231,0.5138888888888888,0.4,0.6060606060606061,0.31633311383796653,-0.008547008547008628,-0.02178682603822868,-0.00618429189857761,-0.009326052842768107,0,auc_gain_too_small|f2_drop_too_large|ap_drop_too_large
candidate_eval,cat_member_03|cat_member_04,cat_member_03|cat_member_04,2,0.5,0.45,0.05,0.19,0.7767094017094018,0.4030642843942076,0.5882352941176471,0.7254273504273505,0.2608695652173913,0.9230769230769231,0.5277777777777778,0.4067796610169491,0.6122448979591837,0.32565916668073464,-0.009081196581196549,-0.010516048675822343,0.0,0.0,0,auc_gain_too_small|ap_drop_too_large
candidate_eval,cat_member_04,cat_member_04,1,0.65,0.3,0.05,0.23,0.7767094017094017,0.41346323079565206,0.6,0.7323717948717949,0.26666666666666666,0.9230769230769231,0.5416666666666666,0.4137931034482759,0.6185567010309279,0.3351313685527426,-0.00908119658119666,-0.00011710227437788934,0.006311803071744171,0.00947220187200798,0,auc_gain_too_small
candidate_eval,cat_member_01|cat_member_04,cat_member_01|cat_member_04,2,0.65,0.3,0.05,0.23,0.7767094017094017,0.4080692550801712,0.6,0.7323717948717949,0.26666666666666666,0.9230769230769231,0.5416666666666666,0.4137931034482759,0.6185567010309279,0.3351313685527426,-0.00908119658119666,-0.005511077989858726,0.006311803071744171,0.00947220187200798,0,auc_gain_too_small|ap_drop_too_large
candidate_eval,cat_member_02|cat_member_03,cat_member_02|cat_member_03,2,0.45,0.5,0.05,0.19,0.7767094017094017,0.40627490635482955,0.5882352941176471,0.7254273504273505,0.2608695652173913,0.9230769230769231,0.5277777777777778,0.4067796610169491,0.6122448979591837,0.32565916668073464,-0.00908119658119666,-0.007305426715200403,0.0,0.0,0,auc_gain_too_small|ap_drop_too_large
candidate_eval,cat_member_01|cat_member_02,cat_member_01|cat_member_02,2,0.3,0.65,0.05,0.2,0.7767094017094017,0.40580442857270804,0.5882352941176471,0.7254273504273505,0.2608695652173913,0.9230769230769231,0.5277777777777778,0.4067796610169491,0.6122448979591837,0.32565916668073464,-0.00908119658119666,-0.007775904497321906,0.0,0.0,0,auc_gain_too_small|ap_drop_too_large
candidate_eval,cat_member_01|cat_member_02,cat_member_01|cat_member_02,2,0.35,0.6,0.05,0.2,0.7767094017094017,0.40580442857270804,0.5882352941176471,0.7254273504273505,0.2608695652173913,0.9230769230769231,0.5277777777777778,0.4067796610169491,0.6122448979591837,0.32565916668073464,-0.00908119658119666,-0.007775904497321906,0.0,0.0,0,auc_gain_too_small|ap_drop_too_large
candidate_eval,cat_member_01|cat_member_02,cat_member_01|cat_member_02,2,0.4,0.55,0.05,0.19,0.7767094017094017,0.40580442857270804,0.5882352941176471,0.7254273504273505,0.2608695652173913,0.9230769230769231,0.5277777777777778,0.4067796610169491,0.6122448979591837,0.32565916668073464,-0.00908119658119666,-0.007775904497321906,0.0,0.0,0,auc_gain_too_small|ap_drop_too_large
candidate_eval,cat_member_02|cat_member_04,cat_member_02|cat_member_04,2,0.4,0.55,0.05,0.19,0.7767094017094017,0.40580442857270804,0.5882352941176471,0.7254273504273505,0.2608695652173913,0.9230769230769231,0.5277777777777778,0.4067796610169491,0.6122448979591837,0.32565916668073464,-0.00908119658119666,-0.007775904497321906,0.0,0.0,0,auc_gain_too_small|ap_drop_too_large
candidate_eval,cat_member_01|cat_member_02,cat_member_01|cat_member_02,2,0.45,0.5,0.05,0.19,0.7767094017094016,0.4067803150955325,0.5882352941176471,0.7254273504273505,0.2608695652173913,0.9230769230769231,0.5277777777777778,0.4067796610169491,0.6122448979591837,0.32565916668073464,-0.009081196581196771,-0.006800017974497474,0.0,0.0,0,auc_gain_too_small|ap_drop_too_large
candidate_eval,cat_member_01|cat_member_02,cat_member_01|cat_member_02,2,0.5,0.45,0.05,0.19,0.7767094017094016,0.4067803150955325,0.5882352941176471,0.7254273504273505,0.2608695652173913,0.9230769230769231,0.5277777777777778,0.4067796610169491,0.6122448979591837,0.32565916668073464,-0.009081196581196771,-0.006800017974497474,0.0,0.0,0,auc_gain_too_small|ap_drop_too_large
candidate_eval,cat_member_02|cat_member_04,cat_member_02|cat_member_04,2,0.45,0.5,0.05,0.19,0.7767094017094016,0.4067803150955325,0.5882352941176471,0.7254273504273505,0.2608695652173913,0.9230769230769231,0.5277777777777778,0.4067796610169491,0.6122448979591837,0.32565916668073464,-0.009081196581196771,-0.006800017974497474,0.0,0.0,0,auc_gain_too_small|ap_drop_too_large
candidate_eval,cat_member_02|cat_member_04,cat_member_02|cat_member_04,2,0.5,0.45,0.05,0.19,0.7767094017094016,0.4067803150955325,0.5882352941176471,0.7254273504273505,0.2608695652173913,0.9230769230769231,0.5277777777777778,0.4067796610169491,0.6122448979591837,0.32565916668073464,-0.009081196581196771,-0.006800017974497474,0.0,0.0,0,auc_gain_too_small|ap_drop_too_large
candidate_eval,cat_member_03,cat_member_03,1,0.2,0.7,0.1,0.21,0.7761752136752138,0.4076311227845755,0.5882352941176471,0.7254273504273505,0.2608695652173913,0.9230769230769231,0.5277777777777778,0.4067796610169491,0.6122448979591837,0.32565916668073464,-0.009615384615384581,-0.005949210285454476,0.0,0.0,0,auc_gain_too_small|ap_drop_too_large
candidate_eval,cat_member_03,cat_member_03,1,0.15,0.75,0.1,0.21,0.7761752136752138,0.405564297499026,0.5882352941176471,0.7254273504273505,0.2608695652173913,0.9230769230769231,0.5277777777777778,0.4067796610169491,0.6122448979591837,0.32565916668073464,-0.009615384615384581,-0.008016035571003943,0.0,0.0,0,auc_gain_too_small|ap_drop_too_large
candidate_eval,cat_member_03,cat_member_03,1,0.55,0.4,0.05,0.18,0.7761752136752138,0.40189659838489267,0.5882352941176471,0.7254273504273505,0.2608695652173913,0.9230769230769231,0.5277777777777778,0.4067796610169491,0.6122448979591837,0.32565916668073464,-0.009615384615384581,-0.011683734685137281,0.0,0.0,0,auc_gain_too_small|ap_drop_too_large
candidate_eval,cat_member_01|cat_member_03,cat_member_01|cat_member_03,2,0.25,0.65,0.1,0.21,0.7761752136752137,0.41000496659677543,0.5882352941176471,0.7254273504273505,0.2608695652173913,0.9230769230769231,0.5277777777777778,0.4067796610169491,0.6122448979591837,0.32565916668073464,-0.009615384615384692,-0.0035753664732545154,0.0,0.0,0,auc_gain_too_small|ap_drop_too_large
candidate_eval,cat_member_01,cat_member_01,1,0.25,0.65,0.1,0.22,0.7761752136752137,0.40334450342442674,0.5882352941176471,0.7254273504273505,0.2608695652173913,0.9230769230769231,0.5277777777777778,0.4067796610169491,0.6122448979591837,0.32565916668073464,-0.009615384615384692,-0.010235829645603212,0.0,0.0,0,auc_gain_too_small|ap_drop_too_large
candidate_eval,cat_member_01|cat_member_03,cat_member_01|cat_member_03,2,0.55,0.4,0.05,0.18,0.7761752136752137,0.40282322982623,0.5882352941176471,0.7254273504273505,0.2608695652173913,0.9230769230769231,0.5277777777777778,0.4067796610169491,0.6122448979591837,0.32565916668073464,-0.009615384615384692,-0.01075710324379997,0.0,0.0,0,auc_gain_too_small|ap_drop_too_large
candidate_eval,cat_member_03,cat_member_03,1,0.6,0.35,0.05,0.18,0.7761752136752137,0.4021535668244033,0.5882352941176471,0.7254273504273505,0.2608695652173913,0.9230769230769231,0.5277777777777778,0.4067796610169491,0.6122448979591837,0.32565916668073464,-0.009615384615384692,-0.011426766245626663,0.0,0.0,0,auc_gain_too_small|ap_drop_too_large
candidate_eval,cat_member_01,cat_member_01,1,0.65,0.3,0.05,0.23,0.7761752136752137,0.40076777103450123,0.6,0.7323717948717949,0.26666666666666666,0.9230769230769231,0.5416666666666666,0.4137931034482759,0.6185567010309279,0.3351313685527426,-0.009615384615384692,-0.012812562035528718,0.006311803071744171,0.00947220187200798,0,auc_gain_too_small|ap_drop_too_large
candidate_eval,cat_member_01,cat_member_01,1,0.15,0.75,0.1,0.22,0.7761752136752137,0.39819942987608037,0.5882352941176471,0.7254273504273505,0.2608695652173913,0.9230769230769231,0.5277777777777778,0.4067796610169491,0.6122448979591837,0.32565916668073464,-0.009615384615384692,-0.01538090319394958,0.0,0.0,0,auc_gain_too_small|ap_drop_too_large
candidate_eval,cat_member_01|cat_member_03,cat_member_01|cat_member_03,2,0.1,0.85,0.05,0.14,0.7761752136752137,0.3913665519332459,0.5764705882352941,0.718482905982906,0.2553191489361702,0.9230769230769231,0.5138888888888888,0.4,0.6060606060606061,0.31633311383796653,-0.009615384615384692,-0.022213781136784072,-0.00618429189857761,-0.009326052842768107,0,auc_gain_too_small|f2_drop_too_large|ap_drop_too_large
candidate_eval,cat_member_01|cat_member_03,cat_member_01|cat_member_03,2,0.05,0.9,0.05,0.14,0.7761752136752137,0.38955133568574507,0.5764705882352941,0.718482905982906,0.2553191489361702,0.9230769230769231,0.5138888888888888,0.4,0.6060606060606061,0.31633311383796653,-0.009615384615384692,-0.024028997384284878,-0.00618429189857761,-0.009326052842768107,0,auc_gain_too_small|f2_drop_too_large|ap_drop_too_large
candidate_eval,cat_member_01|cat_member_02,cat_member_01|cat_member_02,2,0.55,0.4,0.05,0.18,0.7756410256410258,0.4093005217286232,0.5882352941176471,0.7254273504273505,0.2608695652173913,0.9230769230769231,0.5277777777777778,0.4067796610169491,0.6122448979591837,0.32565916668073464,-0.010149572649572614,-0.0042798113414067585,0.0,0.0,0,auc_gain_too_small|ap_drop_too_large
candidate_eval,cat_member_03|cat_member_04,cat_member_03|cat_member_04,2,0.4,0.55,0.05,0.19,0.7756410256410258,0.4024178719830893,0.5882352941176471,0.7254273504273505,0.2608695652173913,0.9230769230769231,0.5277777777777778,0.4067796610169491,0.6122448979591837,0.32565916668073464,-0.010149572649572614,-0.011162461086940634,0.0,0.0,0,auc_gain_too_small|ap_drop_too_large
candidate_eval,cat_member_01|cat_member_02,cat_member_01|cat_member_02,2,0.05,0.9,0.05,0.13,0.7756410256410258,0.3937294472538876,0.5764705882352941,0.718482905982906,0.2553191489361702,0.9230769230769231,0.5138888888888888,0.4,0.6060606060606061,0.31633311383796653,-0.010149572649572614,-0.01985088581614236,-0.00618429189857761,-0.009326052842768107,0,auc_gain_too_small|f2_drop_too_large|ap_drop_too_large
candidate_eval,cat_member_01|cat_member_04,cat_member_01|cat_member_04,2,0.15,0.8,0.05,0.14,0.7756410256410258,0.39159229978834054,0.5764705882352941,0.718482905982906,0.2553191489361702,0.9230769230769231,0.5138888888888888,0.4,0.6060606060606061,0.31633311383796653,-0.010149572649572614,-0.021988033281689412,-0.00618429189857761,-0.009326052842768107,0,auc_gain_too_small|f2_drop_too_large|ap_drop_too_large
candidate_eval,cat_member_01|cat_member_02,cat_member_01|cat_member_02,2,0.15,0.8,0.05,0.14,0.7756410256410258,0.3907375989336397,0.5764705882352941,0.718482905982906,0.2553191489361702,0.9230769230769231,0.5138888888888888,0.4,0.6060606060606061,0.31633311383796653,-0.010149572649572614,-0.022842734136390264,-0.00618429189857761,-0.009326052842768107,0,auc_gain_too_small|f2_drop_too_large|ap_drop_too_large
candidate_eval,cat_member_01|cat_member_02,cat_member_01|cat_member_02,2,0.2,0.75,0.05,0.14,0.7756410256410258,0.3907375989336397,0.5764705882352941,0.718482905982906,0.2553191489361702,0.9230769230769231,0.5138888888888888,0.4,0.6060606060606061,0.31633311383796653,-0.010149572649572614,-0.022842734136390264,-0.00618429189857761,-0.009326052842768107,0,auc_gain_too_small|f2_drop_too_large|ap_drop_too_large
candidate_eval,cat_member_03|cat_member_04,cat_member_03|cat_member_04,2,0.65,0.3,0.05,0.23,0.7756410256410257,0.4100115542670525,0.6,0.7323717948717949,0.26666666666666666,0.9230769230769231,0.5416666666666666,0.4137931034482759,0.6185567010309279,0.3351313685527426,-0.010149572649572725,-0.003568778802977457,0.006311803071744171,0.00947220187200798,0,auc_gain_too_small|ap_drop_too_large
candidate_eval,cat_member_02|cat_member_03,cat_member_02|cat_member_03,2,0.35,0.6,0.05,0.2,0.7756410256410257,0.40515801616158964,0.5882352941176471,0.7254273504273505,0.2608695652173913,0.9230769230769231,0.5277777777777778,0.4067796610169491,0.6122448979591837,0.32565916668073464,-0.010149572649572725,-0.008422316908440308,0.0,0.0,0,auc_gain_too_small|ap_drop_too_large
candidate_eval,cat_member_02|cat_member_03,cat_member_02|cat_member_03,2,0.4,0.55,0.05,0.19,0.7756410256410257,0.40515801616158964,0.5882352941176471,0.7254273504273505,0.2608695652173913,0.9230769230769231,0.5277777777777778,0.4067796610169491,0.6122448979591837,0.32565916668073464,-0.010149572649572725,-0.008422316908440308,0.0,0.0,0,auc_gain_too_small|ap_drop_too_large
candidate_eval,cat_member_03|cat_member_04,cat_member_03|cat_member_04,2,0.55,0.4,0.05,0.18,0.7756410256410257,0.40515801616158964,0.5882352941176471,0.7254273504273505,0.2608695652173913,0.9230769230769231,0.5277777777777778,0.4067796610169491,0.6122448979591837,0.32565916668073464,-0.010149572649572725,-0.008422316908440308,0.0,0.0,0,auc_gain_too_small|ap_drop_too_large
candidate_eval,cat_member_03|cat_member_04,cat_member_03|cat_member_04,2,0.6,0.35,0.05,0.18,0.7756410256410257,0.4049882133242082,0.5882352941176471,0.7254273504273505,0.2608695652173913,0.9230769230769231,0.5277777777777778,0.4067796610169491,0.6122448979591837,0.32565916668073464,-0.010149572649572725,-0.008592119745821747,0.0,0.0,0,auc_gain_too_small|ap_drop_too_large
candidate_eval,cat_member_02|cat_member_03,cat_member_02|cat_member_03,2,0.05,0.9,0.05,0.13,0.7756410256410257,0.3913665519332459,0.5764705882352941,0.718482905982906,0.2553191489361702,0.9230769230769231,0.5138888888888888,0.4,0.6060606060606061,0.31633311383796653,-0.010149572649572725,-0.022213781136784072,-0.00618429189857761,-0.009326052842768107,0,auc_gain_too_small|f2_drop_too_large|ap_drop_too_large
candidate_eval,cat_member_02|cat_member_03,cat_member_02|cat_member_03,2,0.1,0.85,0.05,0.13,0.7756410256410257,0.3913665519332459,0.5764705882352941,0.718482905982906,0.2553191489361702,0.9230769230769231,0.5138888888888888,0.4,0.6060606060606061,0.31633311383796653,-0.010149572649572725,-0.022213781136784072,-0.00618429189857761,-0.009326052842768107,0,auc_gain_too_small|f2_drop_too_large|ap_drop_too_large
candidate_eval,cat_member_03|cat_member_04,cat_member_03|cat_member_04,2,0.2,0.75,0.05,0.14,0.7756410256410257,0.3911079181109183,0.5764705882352941,0.718482905982906,0.2553191489361702,0.9230769230769231,0.5138888888888888,0.4,0.6060606060606061,0.31633311383796653,-0.010149572649572725,-0.022472414959111675,-0.00618429189857761,-0.009326052842768107,0,auc_gain_too_small|f2_drop_too_large|ap_drop_too_large
candidate_eval,cat_member_01|cat_member_04,cat_member_01|cat_member_04,2,0.05,0.9,0.05,0.14,0.7756410256410257,0.38955133568574507,0.5764705882352941,0.718482905982906,0.2553191489361702,0.9230769230769231,0.5138888888888888,0.4,0.6060606060606061,0.31633311383796653,-0.010149572649572725,-0.024028997384284878,-0.00618429189857761,-0.009326052842768107,0,auc_gain_too_small|f2_drop_too_large|ap_drop_too_large
candidate_eval,cat_member_03|cat_member_04,cat_member_03|cat_member_04,2,0.05,0.9,0.05,0.14,0.7756410256410257,0.38955133568574507,0.5764705882352941,0.718482905982906,0.2553191489361702,0.9230769230769231,0.5138888888888888,0.4,0.6060606060606061,0.31633311383796653,-0.010149572649572725,-0.024028997384284878,-0.00618429189857761,-0.009326052842768107,0,auc_gain_too_small|f2_drop_too_large|ap_drop_too_large
candidate_eval,cat_member_03|cat_member_04,cat_member_03|cat_member_04,2,0.15,0.8,0.05,0.14,0.7756410256410257,0.38953106359288725,0.5764705882352941,0.718482905982906,0.2553191489361702,0.9230769230769231,0.5138888888888888,0.4,0.6060606060606061,0.31633311383796653,-0.010149572649572725,-0.0240492694771427,-0.00618429189857761,-0.009326052842768107,0,auc_gain_too_small|f2_drop_too_large|ap_drop_too_large
candidate_eval,cat_member_01|cat_member_03,cat_member_01|cat_member_03,2,0.15,0.75,0.1,0.22,0.7751068376068377,0.4041794462559758,0.5882352941176471,0.7254273504273505,0.2608695652173913,0.9230769230769231,0.5277777777777778,0.4067796610169491,0.6122448979591837,0.32565916668073464,-0.010683760683760646,-0.009400886814054155,0.0,0.0,0,auc_gain_too_small|ap_drop_too_large
candidate_eval,cat_member_03,cat_member_03,1,0.2,0.75,0.05,0.2,0.7751068376068377,0.3939267904150847,0.5882352941176471,0.7254273504273505,0.2608695652173913,0.9230769230769231,0.5277777777777778,0.4067796610169491,0.6122448979591837,0.32565916668073464,-0.010683760683760646,-0.019653542654945233,0.0,0.0,0,auc_gain_too_small|ap_drop_too_large
candidate_eval,cat_member_01,cat_member_01,1,0.2,0.75,0.05,0.21,0.7751068376068377,0.38817349636953713,0.5882352941176471,0.7254273504273505,0.2608695652173913,0.9230769230769231,0.5277777777777778,0.4067796610169491,0.6122448979591837,0.32565916668073464,-0.010683760683760646,-0.02540683670049282,0.0,0.0,0,auc_gain_too_small|ap_drop_too_large
candidate_eval,cat_member_01,cat_member_01,1,0.15,0.8,0.05,0.14,0.7751068376068377,0.38817349636953713,0.5764705882352941,0.718482905982906,0.2553191489361702,0.9230769230769231,0.5138888888888888,0.4,0.6060606060606061,0.31633311383796653,-0.010683760683760646,-0.02540683670049282,-0.00618429189857761,-0.009326052842768107,0,auc_gain_too_small|f2_drop_too_large|ap_drop_too_large
candidate_eval,cat_member_01,cat_member_01,1,0.6,0.25,0.15,0.23,0.7751068376068376,0.41876600895588234,0.6,0.7323717948717949,0.26666666666666666,0.9230769230769231,0.5416666666666666,0.4137931034482759,0.6185567010309279,0.3351313685527426,-0.010683760683760757,0.005185675885852392,0.006311803071744171,0.00947220187200798,0,auc_gain_too_small
candidate_eval,cat_member_01,cat_member_01,1,0.3,0.45,0.25,0.25,0.7751068376068376,0.4165163785050324,0.5882352941176471,0.7254273504273505,0.2608695652173913,0.9230769230769231,0.5277777777777778,0.4067796610169491,0.6122448979591837,0.32565916668073464,-0.010683760683760757,0.0029360454350024767,0.0,0.0,0,auc_gain_too_small
candidate_eval,cat_member_03,cat_member_03,1,0.35,0.55,0.1,0.2,0.7751068376068376,0.4130116641558289,0.5882352941176471,0.7254273504273505,0.2608695652173913,0.9230769230769231,0.5277777777777778,0.4067796610169491,0.6122448979591837,0.32565916668073464,-0.010683760683760757,-0.0005686689142010426,0.0,0.0,0,auc_gain_too_small
candidate_eval,cat_member_03,cat_member_03,1,0.25,0.65,0.1,0.21,0.7751068376068376,0.4074408640326729,0.5882352941176471,0.7254273504273505,0.2608695652173913,0.9230769230769231,0.5277777777777778,0.4067796610169491,0.6122448979591837,0.32565916668073464,-0.010683760683760757,-0.00613946903735707,0.0,0.0,0,auc_gain_too_small|ap_drop_too_large
candidate_eval,cat_member_01,cat_member_01,1,0.55,0.35,0.1,0.2,0.7751068376068376,0.40660109054096394,0.5882352941176471,0.7254273504273505,0.2608695652173913,0.9230769230769231,0.5277777777777778,0.4067796610169491,0.6122448979591837,0.32565916668073464,-0.010683760683760757,-0.00697924252906601,0.0,0.0,0,auc_gain_too_small|ap_drop_too_large
candidate_eval,cat_member_01|cat_member_03,cat_member_01|cat_member_03,2,0.65,0.3,0.05,0.23,0.7751068376068376,0.40602881186325745,0.6,0.7323717948717949,0.26666666666666666,0.9230769230769231,0.5416666666666666,0.4137931034482759,0.6185567010309279,0.3351313685527426,-0.010683760683760757,-0.0075515212067724935,0.006311803071744171,0.00947220187200798,0,auc_gain_too_small|ap_drop_too_large
candidate_eval,cat_member_01|cat_member_03,cat_member_01|cat_member_03,2,0.6,0.35,0.05,0.18,0.7751068376068376,0.4019684502009305,0.5882352941176471,0.7254273504273505,0.2608695652173913,0.9230769230769231,0.5277777777777778,0.4067796610169491,0.6122448979591837,0.32565916668073464,-0.010683760683760757,-0.011611882869099421,0.0,0.0,0,auc_gain_too_small|ap_drop_too_large
candidate_eval,cat_member_03,cat_member_03,1,0.05,0.9,0.05,0.13,0.7751068376068376,0.38910410849433186,0.5764705882352941,0.718482905982906,0.2553191489361702,0.9230769230769231,0.5138888888888888,0.4,0.6060606060606061,0.31633311383796653,-0.010683760683760757,-0.02447622457569809,-0.00618429189857761,-0.009326052842768107,0,auc_gain_too_small|f2_drop_too_large|ap_drop_too_large
candidate_eval,cat_member_01,cat_member_01,1,0.4,0.4,0.2,0.27,0.7751068376068375,0.4164912004310739,0.6,0.7323717948717949,0.26666666666666666,0.9230769230769231,0.5416666666666666,0.4137931034482759,0.6185567010309279,0.3351313685527426,-0.010683760683760868,0.002910867361043956,0.006311803071744171,0.00947220187200798,0,auc_gain_too_small
candidate_eval,cat_member_01,cat_member_01,1,0.45,0.35,0.2,0.26,0.7751068376068375,0.4164912004310739,0.6,0.7323717948717949,0.26666666666666666,0.9230769230769231,0.5416666666666666,0.4137931034482759,0.6185567010309279,0.3351313685527426,-0.010683760683760868,0.002910867361043956,0.006311803071744171,0.00947220187200798,0,auc_gain_too_small
candidate_eval,cat_member_01,cat_member_01,1,0.5,0.35,0.15,0.25,0.7751068376068375,0.4164912004310739,0.6,0.7323717948717949,0.26666666666666666,0.9230769230769231,0.5416666666666666,0.4137931034482759,0.6185567010309279,0.3351313685527426,-0.010683760683760868,0.002910867361043956,0.006311803071744171,0.00947220187200798,0,auc_gain_too_small
candidate_eval,cat_member_02|cat_member_03,cat_member_02|cat_member_03,2,0.2,0.75,0.05,0.14,0.7745726495726497,0.3935172947280413,0.5764705882352941,0.718482905982906,0.2553191489361702,0.9230769230769231,0.5138888888888888,0.4,0.6060606060606061,0.31633311383796653,-0.011217948717948678,-0.020063038341988637,-0.00618429189857761,-0.009326052842768107,0,auc_gain_too_small|f2_drop_too_large|ap_drop_too_large
candidate_eval,cat_member_01|cat_member_02,cat_member_01|cat_member_02,2,0.1,0.85,0.05,0.14,0.7745726495726497,0.3903106438350842,0.5764705882352941,0.718482905982906,0.2553191489361702,0.9230769230769231,0.5138888888888888,0.4,0.6060606060606061,0.31633311383796653,-0.011217948717948678,-0.023269689234945767,-0.00618429189857761,-0.009326052842768107,0,auc_gain_too_small|f2_drop_too_large|ap_drop_too_large
candidate_eval,cat_member_02|cat_member_04,cat_member_02|cat_member_04,2,0.15,0.8,0.05,0.14,0.7745726495726497,0.38817349636953713,0.5764705882352941,0.718482905982906,0.2553191489361702,0.9230769230769231,0.5138888888888888,0.4,0.6060606060606061,0.31633311383796653,-0.011217948717948678,-0.02540683670049282,-0.00618429189857761,-0.009326052842768107,0,auc_gain_too_small|f2_drop_too_large|ap_drop_too_large
candidate_eval,cat_member_02|cat_member_04,cat_member_02|cat_member_04,2,0.2,0.75,0.05,0.14,0.7745726495726497,0.3875324707285115,0.5764705882352941,0.718482905982906,0.2553191489361702,0.9230769230769231,0.5138888888888888,0.4,0.6060606060606061,0.31633311383796653,-0.011217948717948678,-0.026047862341518457,-0.00618429189857761,-0.009326052842768107,0,auc_gain_too_small|f2_drop_too_large|ap_drop_too_large
candidate_eval,cat_member_04,cat_member_04,1,0.15,0.8,0.05,0.14,0.7745726495726497,0.3863582801220363,0.5764705882352941,0.718482905982906,0.2553191489361702,0.9230769230769231,0.5138888888888888,0.4,0.6060606060606061,0.31633311383796653,-0.011217948717948678,-0.027222052947993625,-0.00618429189857761,-0.009326052842768107,0,auc_gain_too_small|f2_drop_too_large|ap_drop_too_large
candidate_eval,cat_member_01|cat_member_04,cat_member_01|cat_member_04,2,0.7,0.25,0.05,0.22,0.7745726495726496,0.40422398114705804,0.6,0.7323717948717949,0.26666666666666666,0.9230769230769231,0.5416666666666666,0.4137931034482759,0.6185567010309279,0.3351313685527426,-0.011217948717948789,-0.009356351922971906,0.006311803071744171,0.00947220187200798,0,auc_gain_too_small|ap_drop_too_large
candidate_eval,cat_member_01|cat_member_04,cat_member_01|cat_member_04,2,0.25,0.65,0.1,0.22,0.7745726495726496,0.40268890901883225,0.5882352941176471,0.7254273504273505,0.2608695652173913,0.9230769230769231,0.5277777777777778,0.4067796610169491,0.6122448979591837,0.32565916668073464,-0.011217948717948789,-0.010891424051197696,0.0,0.0,0,auc_gain_too_small|ap_drop_too_large
candidate_eval,cat_member_03|cat_member_04,cat_member_03|cat_member_04,2,0.45,0.5,0.05,0.19,0.7745726495726496,0.40180084195429466,0.5882352941176471,0.7254273504273505,0.2608695652173913,0.9230769230769231,0.5277777777777778,0.4067796610169491,0.6122448979591837,0.32565916668073464,-0.011217948717948789,-0.011779491115735286,0.0,0.0,0,auc_gain_too_small|ap_drop_too_large
candidate_eval,cat_member_02|cat_member_04,cat_member_02|cat_member_04,2,0.05,0.9,0.05,0.14,0.7745726495726496,0.39116534468978503,0.5764705882352941,0.718482905982906,0.2553191489361702,0.9230769230769231,0.5138888888888888,0.4,0.6060606060606061,0.31633311383796653,-0.011217948717948789,-0.022414988380244916,-0.00618429189857761,-0.009326052842768107,0,auc_gain_too_small|f2_drop_too_large|ap_drop_too_large
candidate_eval,cat_member_04,cat_member_04,1,0.05,0.9,0.05,0.14,0.7745726495726496,0.38935012844228434,0.5764705882352941,0.718482905982906,0.2553191489361702,0.9230769230769231,0.5138888888888888,0.4,0.6060606060606061,0.31633311383796653,-0.011217948717948789,-0.02423020462774561,-0.00618429189857761,-0.009326052842768107,0,auc_gain_too_small|f2_drop_too_large|ap_drop_too_large
candidate_eval,cat_member_04,cat_member_04,1,0.1,0.85,0.05,0.14,0.7745726495726496,0.38935012844228434,0.5764705882352941,0.718482905982906,0.2553191489361702,0.9230769230769231,0.5138888888888888,0.4,0.6060606060606061,0.31633311383796653,-0.011217948717948789,-0.02423020462774561,-0.00618429189857761,-0.009326052842768107,0,auc_gain_too_small|f2_drop_too_large|ap_drop_too_large
candidate_eval,cat_member_01|cat_member_04,cat_member_01|cat_member_04,2,0.1,0.85,0.05,0.14,0.7745726495726496,0.38935012844228434,0.5764705882352941,0.718482905982906,0.2553191489361702,0.9230769230769231,0.5138888888888888,0.4,0.6060606060606061,0.31633311383796653,-0.011217948717948789,-0.02423020462774561,-0.00618429189857761,-0.009326052842768107,0,auc_gain_too_small|f2_drop_too_large|ap_drop_too_large
candidate_eval,cat_member_03|cat_member_04,cat_member_03|cat_member_04,2,0.1,0.85,0.05,0.14,0.7745726495726496,0.38910410849433186,0.5764705882352941,0.718482905982906,0.2553191489361702,0.9230769230769231,0.5138888888888888,0.4,0.6060606060606061,0.31633311383796653,-0.011217948717948789,-0.02447622457569809,-0.00618429189857761,-0.009326052842768107,0,auc_gain_too_small|f2_drop_too_large|ap_drop_too_large
candidate_eval,cat_member_02,cat_member_02,1,0.45,0.5,0.05,0.19,0.7745726495726495,0.40643399474921216,0.5882352941176471,0.7254273504273505,0.2608695652173913,0.9230769230769231,0.5277777777777778,0.4067796610169491,0.6122448979591837,0.32565916668073464,-0.0112179487179489,-0.007146338320817791,0.0,0.0,0,auc_gain_too_small|ap_drop_too_large
candidate_eval,cat_member_02,cat_member_02,1,0.3,0.65,0.05,0.2,0.7745726495726495,0.405439131769055,0.5882352941176471,0.7254273504273505,0.2608695652173913,0.9230769230769231,0.5277777777777778,0.4067796610169491,0.6122448979591837,0.32565916668073464,-0.0112179487179489,-0.008141201300974954,0.0,0.0,0,auc_gain_too_small|ap_drop_too_large
candidate_eval,cat_member_02,cat_member_02,1,0.35,0.6,0.05,0.2,0.7745726495726495,0.405439131769055,0.5882352941176471,0.7254273504273505,0.2608695652173913,0.9230769230769231,0.5277777777777778,0.4067796610169491,0.6122448979591837,0.32565916668073464,-0.0112179487179489,-0.008141201300974954,0.0,0.0,0,auc_gain_too_small|ap_drop_too_large
candidate_eval,cat_member_02,cat_member_02,1,0.4,0.55,0.05,0.19,0.7745726495726495,0.405439131769055,0.5882352941176471,0.7254273504273505,0.2608695652173913,0.9230769230769231,0.5277777777777778,0.4067796610169491,0.6122448979591837,0.32565916668073464,-0.0112179487179489,-0.008141201300974954,0.0,0.0,0,auc_gain_too_small|ap_drop_too_large
candidate_eval,cat_member_02|cat_member_04,cat_member_02|cat_member_04,2,0.55,0.4,0.05,0.18,0.7745726495726495,0.405439131769055,0.5882352941176471,0.7254273504273505,0.2608695652173913,0.9230769230769231,0.5277777777777778,0.4067796610169491,0.6122448979591837,0.32565916668073464,-0.0112179487179489,-0.008141201300974954,0.0,0.0,0,auc_gain_too_small|ap_drop_too_large
candidate_eval,cat_member_01,cat_member_01,1,0.25,0.5,0.25,0.25,0.7740384615384617,0.416070447624319,0.5882352941176471,0.7254273504273505,0.2608695652173913,0.9230769230769231,0.5277777777777778,0.4067796610169491,0.6122448979591837,0.32565916668073464,-0.01175213675213671,0.002490114554289047,0.0,0.0,0,auc_gain_too_small
candidate_eval,cat_member_01,cat_member_01,1,0.15,0.6,0.25,0.26,0.7740384615384616,0.41622548149527816,0.5882352941176471,0.7254273504273505,0.2608695652173913,0.9230769230769231,0.5277777777777778,0.4067796610169491,0.6122448979591837,0.32565916668073464,-0.011752136752136821,0.0026451484252482116,0.0,0.0,0,auc_gain_too_small
candidate_eval,cat_member_01,cat_member_01,1,0.2,0.55,0.25,0.26,0.7740384615384616,0.41622548149527816,0.5882352941176471,0.7254273504273505,0.2608695652173913,0.9230769230769231,0.5277777777777778,0.4067796610169491,0.6122448979591837,0.32565916668073464,-0.011752136752136821,0.0026451484252482116,0.0,0.0,0,auc_gain_too_small
candidate_eval,cat_member_01,cat_member_01,1,0.65,0.25,0.1,0.25,0.7740384615384616,0.41593870805165833,0.611764705882353,0.7393162393162394,0.2727272727272727,0.9230769230769231,0.5555555555555556,0.4210526315789473,0.625,0.34476393030979247,-0.011752136752136821,0.002358374981628386,0.012755102040816313,0.01910476362905783,0,auc_gain_too_small
candidate_eval,cat_member_01,cat_member_01,1,0.55,0.3,0.15,0.24,0.7740384615384616,0.4158356060254794,0.6,0.7323717948717949,0.26666666666666666,0.9230769230769231,0.5416666666666666,0.4137931034482759,0.6185567010309279,0.3351313685527426,-0.011752136752136821,0.002255272955449472,0.006311803071744171,0.00947220187200798,0,auc_gain_too_small
candidate_eval,cat_member_03,cat_member_03,1,0.4,0.5,0.1,0.2,0.7740384615384616,0.41284078240599975,0.5882352941176471,0.7254273504273505,0.2608695652173913,0.9230769230769231,0.5277777777777778,0.4067796610169491,0.6122448979591837,0.32565916668073464,-0.011752136752136821,-0.0007395506640301974,0.0,0.0,0,auc_gain_too_small
candidate_eval,cat_member_03,cat_member_03,1,0.45,0.45,0.1,0.19,0.7740384615384616,0.41284078240599975,0.5882352941176471,0.7254273504273505,0.2608695652173913,0.9230769230769231,0.5277777777777778,0.4067796610169491,0.6122448979591837,0.32565916668073464,-0.011752136752136821,-0.0007395506640301974,0.0,0.0,0,auc_gain_too_small
candidate_eval,cat_member_01,cat_member_01,1,0.35,0.4,0.25,0.28,0.7740384615384616,0.41215603296821623,0.6,0.7323717948717949,0.26666666666666666,0.9230769230769231,0.5416666666666666,0.4137931034482759,0.6185567010309279,0.3351313685527426,-0.011752136752136821,-0.0014243001018137136,0.006311803071744171,0.00947220187200798,0,auc_gain_too_small
candidate_eval,cat_member_01,cat_member_01,1,0.4,0.35,0.25,0.27,0.7740384615384616,0.41201638602978885,0.6,0.7323717948717949,0.26666666666666666,0.9230769230769231,0.5416666666666666,0.4137931034482759,0.6185567010309279,0.3351313685527426,-0.011752136752136821,-0.0015639470402410982,0.006311803071744171,0.00947220187200798,0,auc_gain_too_small
candidate_eval,cat_member_03,cat_member_03,1,0.3,0.6,0.1,0.2,0.7740384615384616,0.4096396697931224,0.5882352941176471,0.7254273504273505,0.2608695652173913,0.9230769230769231,0.5277777777777778,0.4067796610169491,0.6122448979591837,0.32565916668073464,-0.011752136752136821,-0.003940663276907563,0.0,0.0,0,auc_gain_too_small|ap_drop_too_large
candidate_eval,cat_member_01,cat_member_01,1,0.6,0.3,0.1,0.23,0.7740384615384616,0.406614698727649,0.6,0.7323717948717949,0.26666666666666666,0.9230769230769231,0.5416666666666666,0.4137931034482759,0.6185567010309279,0.3351313685527426,-0.011752136752136821,-0.006965634342380955,0.006311803071744171,0.00947220187200798,0,auc_gain_too_small|ap_drop_too_large
candidate_eval,cat_member_01,cat_member_01,1,0.75,0.2,0.05,0.2,0.7740384615384616,0.4040574809805578,0.6,0.7323717948717949,0.26666666666666666,0.9230769230769231,0.5416666666666666,0.4137931034482759,0.6185567010309279,0.3351313685527426,-0.011752136752136821,-0.009522852089472122,0.006311803071744171,0.00947220187200798,0,auc_gain_too_small|ap_drop_too_large
candidate_eval,cat_member_01,cat_member_01,1,0.4,0.5,0.1,0.21,0.7740384615384616,0.4035035918188091,0.5882352941176471,0.7254273504273505,0.2608695652173913,0.9230769230769231,0.5277777777777778,0.4067796610169491,0.6122448979591837,0.32565916668073464,-0.011752136752136821,-0.010076741251220822,0.0,0.0,0,auc_gain_too_small|ap_drop_too_large
candidate_eval,cat_member_01,cat_member_01,1,0.45,0.45,0.1,0.2,0.7740384615384616,0.4035035918188091,0.5882352941176471,0.7254273504273505,0.2608695652173913,0.9230769230769231,0.5277777777777778,0.4067796610169491,0.6122448979591837,0.32565916668073464,-0.011752136752136821,-0.010076741251220822,0.0,0.0,0,auc_gain_too_small|ap_drop_too_large
candidate_eval,cat_member_01,cat_member_01,1,0.15,0.7,0.15,0.24,0.7740384615384616,0.40326523008933945,0.5882352941176471,0.7254273504273505,0.2608695652173913,0.9230769230769231,0.5277777777777778,0.4067796610169491,0.6122448979591837,0.32565916668073464,-0.011752136752136821,-0.010315102980690494,0.0,0.0,0,auc_gain_too_small|ap_drop_too_large
candidate_eval,cat_member_01,cat_member_01,1,0.7,0.25,0.05,0.22,0.7740384615384616,0.3999504768735538,0.6,0.7323717948717949,0.26666666666666666,0.9230769230769231,0.5416666666666666,0.4137931034482759,0.6185567010309279,0.3351313685527426,-0.011752136752136821,-0.013629856196476164,0.006311803071744171,0.00947220187200798,0,auc_gain_too_small|ap_drop_too_large
candidate_eval,cat_member_03,cat_member_03,1,0.1,0.8,0.1,0.14,0.7740384615384616,0.3953208212208802,0.5764705882352941,0.718482905982906,0.2553191489361702,0.9230769230769231,0.5138888888888888,0.4,0.6060606060606061,0.31633311383796653,-0.011752136752136821,-0.018259511849149757,-0.00618429189857761,-0.009326052842768107,0,auc_gain_too_small|f2_drop_too_large|ap_drop_too_large
candidate_eval,cat_member_03,cat_member_03,1,0.15,0.8,0.05,0.14,0.7740384615384616,0.3898059112942056,0.5764705882352941,0.718482905982906,0.2553191489361702,0.9230769230769231,0.5138888888888888,0.4,0.6060606060606061,0.31633311383796653,-0.011752136752136821,-0.02377442177582434,-0.00618429189857761,-0.009326052842768107,0,auc_gain_too_small|f2_drop_too_large|ap_drop_too_large
candidate_eval,cat_member_03,cat_member_03,1,0.1,0.85,0.05,0.14,0.7740384615384616,0.38841851957344875,0.5764705882352941,0.718482905982906,0.2553191489361702,0.9230769230769231,0.5138888888888888,0.4,0.6060606060606061,0.31633311383796653,-0.011752136752136821,-0.025161813496581198,-0.00618429189857761,-0.009326052842768107,0,auc_gain_too_small|f2_drop_too_large|ap_drop_too_large
candidate_eval,cat_member_01,cat_member_01,1,0.1,0.8,0.1,0.15,0.7740384615384616,0.3882348466556832,0.5764705882352941,0.718482905982906,0.2553191489361702,0.9230769230769231,0.5138888888888888,0.4,0.6060606060606061,0.31633311383796653,-0.011752136752136821,-0.025345486414346752,-0.00618429189857761,-0.009326052842768107,0,auc_gain_too_small|f2_drop_too_large|ap_drop_too_large
candidate_eval,cat_member_03|cat_member_04,cat_member_03|cat_member_04,2,0.2,0.7,0.1,0.21,0.7735042735042736,0.4010951750721571,0.5882352941176471,0.7254273504273505,0.2608695652173913,0.9230769230769231,0.5277777777777778,0.4067796610169491,0.6122448979591837,0.32565916668073464,-0.012286324786324743,-0.012485157997872864,0.0,0.0,0,auc_gain_too_small|ap_drop_too_large
candidate_eval,cat_member_01|cat_member_04,cat_member_01|cat_member_04,2,0.1,0.8,0.1,0.15,0.7735042735042736,0.38616266196867177,0.5764705882352941,0.718482905982906,0.2553191489361702,0.9230769230769231,0.5138888888888888,0.4,0.6060606060606061,0.31633311383796653,-0.012286324786324743,-0.027417671101358176,-0.00618429189857761,-0.009326052842768107,0,auc_gain_too_small|f2_drop_too_large|ap_drop_too_large
candidate_eval,cat_member_02,cat_member_02,1,0.65,0.3,0.05,0.22,0.7735042735042735,0.4179935697377558,0.6,0.7323717948717949,0.26666666666666666,0.9230769230769231,0.5416666666666666,0.4137931034482759,0.6185567010309279,0.3351313685527426,-0.012286324786324854,0.004413236667725862,0.006311803071744171,0.00947220187200798,0,auc_gain_too_small
candidate_eval,cat_member_02|cat_member_04,cat_member_02|cat_member_04,2,0.65,0.3,0.05,0.23,0.7735042735042735,0.40929393603812203,0.6,0.7323717948717949,0.26666666666666666,0.9230769230769231,0.5416666666666666,0.4137931034482759,0.6185567010309279,0.3351313685527426,-0.012286324786324854,-0.004286397031907918,0.006311803071744171,0.00947220187200798,0,auc_gain_too_small|ap_drop_too_large
candidate_eval,cat_member_02|cat_member_03,cat_member_02|cat_member_03,2,0.5,0.45,0.05,0.19,0.7735042735042735,0.4079985149119104,0.5882352941176471,0.7254273504273505,0.2608695652173913,0.9230769230769231,0.5277777777777778,0.4067796610169491,0.6122448979591837,0.32565916668073464,-0.012286324786324854,-0.005581818158119534,0.0,0.0,0,auc_gain_too_small|ap_drop_too_large
candidate_eval,cat_member_01|cat_member_02,cat_member_01|cat_member_02,2,0.65,0.3,0.05,0.23,0.7735042735042735,0.4056392573834434,0.6,0.7323717948717949,0.26666666666666666,0.9230769230769231,0.5416666666666666,0.4137931034482759,0.6185567010309279,0.3351313685527426,-0.012286324786324854,-0.00794107568658653,0.006311803071744171,0.00947220187200798,0,auc_gain_too_small|ap_drop_too_large
candidate_eval,cat_member_04,cat_member_04,1,0.7,0.25,0.05,0.22,0.7735042735042735,0.4041730516843639,0.6,0.7323717948717949,0.26666666666666666,0.9230769230769231,0.5416666666666666,0.4137931034482759,0.6185567010309279,0.3351313685527426,-0.012286324786324854,-0.009407281385666044,0.006311803071744171,0.00947220187200798,0,auc_gain_too_small|ap_drop_too_large
candidate_eval,cat_member_01|cat_member_04,cat_member_01|cat_member_04,2,0.4,0.5,0.1,0.21,0.7735042735042735,0.4035035918188091,0.5882352941176471,0.7254273504273505,0.2608695652173913,0.9230769230769231,0.5277777777777778,0.4067796610169491,0.6122448979591837,0.32565916668073464,-0.012286324786324854,-0.010076741251220822,0.0,0.0,0,auc_gain_too_small|ap_drop_too_large
candidate_eval,cat_member_03|cat_member_04,cat_member_03|cat_member_04,2,0.25,0.65,0.1,0.21,0.7735042735042735,0.4031673597591685,0.5882352941176471,0.7254273504273505,0.2608695652173913,0.9230769230769231,0.5277777777777778,0.4067796610169491,0.6122448979591837,0.32565916668073464,-0.012286324786324854,-0.01041297331086144,0.0,0.0,0,auc_gain_too_small|ap_drop_too_large
candidate_eval,cat_member_01|cat_member_02,cat_member_01|cat_member_02,2,0.15,0.75,0.1,0.22,0.7735042735042735,0.4029888846477553,0.5882352941176471,0.7254273504273505,0.2608695652173913,0.9230769230769231,0.5277777777777778,0.4067796610169491,0.6122448979591837,0.32565916668073464,-0.012286324786324854,-0.010591448422274663,0.0,0.0,0,auc_gain_too_small|ap_drop_too_large
candidate_eval,cat_member_02,cat_member_02,1,0.25,0.7,0.05,0.2,0.7735042735042735,0.4025087288386521,0.5882352941176471,0.7254273504273505,0.2608695652173913,0.9230769230769231,0.5277777777777778,0.4067796610169491,0.6122448979591837,0.32565916668073464,-0.012286324786324854,-0.011071604231377874,0.0,0.0,0,auc_gain_too_small|ap_drop_too_large
candidate_eval,cat_member_01|cat_member_04,cat_member_01|cat_member_04,2,0.2,0.7,0.1,0.22,0.7735042735042735,0.39804747963928844,0.5882352941176471,0.7254273504273505,0.2608695652173913,0.9230769230769231,0.5277777777777778,0.4067796610169491,0.6122448979591837,0.32565916668073464,-0.012286324786324854,-0.015532853430741511,0.0,0.0,0,auc_gain_too_small|ap_drop_too_large
candidate_eval,cat_member_02,cat_member_02,1,0.05,0.9,0.05,0.13,0.7735042735042735,0.3877465412709816,0.5764705882352941,0.718482905982906,0.2553191489361702,0.9230769230769231,0.5138888888888888,0.4,0.6060606060606061,0.31633311383796653,-0.012286324786324854,-0.025833791799048322,-0.00618429189857761,-0.009326052842768107,0,auc_gain_too_small|f2_drop_too_large|ap_drop_too_large
candidate_eval,cat_member_02|cat_member_04,cat_member_02|cat_member_04,2,0.1,0.85,0.05,0.14,0.7735042735042735,0.3877465412709816,0.5764705882352941,0.718482905982906,0.2553191489361702,0.9230769230769231,0.5138888888888888,0.4,0.6060606060606061,0.31633311383796653,-0.012286324786324854,-0.025833791799048322,-0.00618429189857761,-0.009326052842768107,0,auc_gain_too_small|f2_drop_too_large|ap_drop_too_large
candidate_eval,cat_member_01|cat_member_04,cat_member_01|cat_member_04,2,0.2,0.75,0.05,0.21,0.7735042735042735,0.38496836816440894,0.5882352941176471,0.7254273504273505,0.2608695652173913,0.9230769230769231,0.5277777777777778,0.4067796610169491,0.6122448979591837,0.32565916668073464,-0.012286324786324854,-0.028611964905621012,0.0,0.0,0,auc_gain_too_small|ap_drop_too_large
candidate_eval,cat_member_01,cat_member_01,1,0.35,0.45,0.2,0.24,0.7729700854700855,0.41557906908415987,0.5882352941176471,0.7254273504273505,0.2608695652173913,0.9230769230769231,0.5277777777777778,0.4067796610169491,0.6122448979591837,0.32565916668073464,-0.012820512820512886,0.0019987360141299204,0.0,0.0,0,auc_gain_too_small
candidate_eval,cat_member_01,cat_member_01,1,0.7,0.2,0.1,0.21,0.7729700854700855,0.4124422045551549,0.6,0.7323717948717949,0.26666666666666666,0.9230769230769231,0.5416666666666666,0.4137931034482759,0.6185567010309279,0.3351313685527426,-0.012820512820512886,-0.0011381285148750475,0.006311803071744171,0.00947220187200798,0,auc_gain_too_small
candidate_eval,cat_member_01,cat_member_01,1,0.45,0.3,0.25,0.26,0.7729700854700855,0.4118581581816876,0.6,0.7323717948717949,0.26666666666666666,0.9230769230769231,0.5416666666666666,0.4137931034482759,0.6185567010309279,0.3351313685527426,-0.012820512820512886,-0.0017221748883423649,0.006311803071744171,0.00947220187200798,0,auc_gain_too_small
candidate_eval,cat_member_03,cat_member_03,1,0.5,0.4,0.1,0.19,0.7729700854700855,0.40991037947559683,0.5882352941176471,0.7254273504273505,0.2608695652173913,0.9230769230769231,0.5277777777777778,0.4067796610169491,0.6122448979591837,0.32565916668073464,-0.012820512820512886,-0.0036699535944331174,0.0,0.0,0,auc_gain_too_small|ap_drop_too_large
candidate_eval,cat_member_01|cat_member_03,cat_member_01|cat_member_03,2,0.3,0.55,0.15,0.22,0.7729700854700855,0.40628328761321086,0.5882352941176471,0.7254273504273505,0.2608695652173913,0.9230769230769231,0.5277777777777778,0.4067796610169491,0.6122448979591837,0.32565916668073464,-0.012820512820512886,-0.0072970454568190846,0.0,0.0,0,auc_gain_too_small|ap_drop_too_large
candidate_eval,cat_member_01|cat_member_03,cat_member_01|cat_member_03,2,0.3,0.6,0.1,0.21,0.7729700854700855,0.40536616551961824,0.5882352941176471,0.7254273504273505,0.2608695652173913,0.9230769230769231,0.5277777777777778,0.4067796610169491,0.6122448979591837,0.32565916668073464,-0.012820512820512886,-0.00821416755041171,0.0,0.0,0,auc_gain_too_small|ap_drop_too_large
candidate_eval,cat_member_01|cat_member_03,cat_member_01|cat_member_03,2,0.55,0.35,0.1,0.19,0.7729700854700855,0.4051730569172429,0.5882352941176471,0.7254273504273505,0.2608695652173913,0.9230769230769231,0.5277777777777778,0.4067796610169491,0.6122448979591837,0.32565916668073464,-0.012820512820512886,-0.008407276152787024,0.0,0.0,0,auc_gain_too_small|ap_drop_too_large
candidate_eval,cat_member_01,cat_member_01,1,0.3,0.6,0.1,0.21,0.7729700854700855,0.4023332902421608,0.5882352941176471,0.7254273504273505,0.2608695652173913,0.9230769230769231,0.5277777777777778,0.4067796610169491,0.6122448979591837,0.32565916668073464,-0.012820512820512886,-0.011247042827869147,0.0,0.0,0,auc_gain_too_small|ap_drop_too_large
candidate_eval,cat_member_01,cat_member_01,1,0.1,0.75,0.15,0.24,0.7729700854700855,0.4007011275252368,0.5882352941176471,0.7254273504273505,0.2608695652173913,0.9230769230769231,0.5277777777777778,0.4067796610169491,0.6122448979591837,0.32565916668073464,-0.012820512820512886,-0.01287920554479316,0.0,0.0,0,auc_gain_too_small|ap_drop_too_large
candidate_eval,cat_member_01,cat_member_01,1,0.05,0.8,0.15,0.24,0.7729700854700855,0.3979350399175202,0.5882352941176471,0.7254273504273505,0.2608695652173913,0.9230769230769231,0.5277777777777778,0.4067796610169491,0.6122448979591837,0.32565916668073464,-0.012820512820512886,-0.01564529315250973,0.0,0.0,0,auc_gain_too_small|ap_drop_too_large
candidate_eval,cat_member_01|cat_member_03,cat_member_01|cat_member_03,2,0.05,0.85,0.1,0.15,0.7729700854700855,0.38801812711028294,0.5764705882352941,0.718482905982906,0.2553191489361702,0.9230769230769231,0.5138888888888888,0.4,0.6060606060606061,0.31633311383796653,-0.012820512820512886,-0.02556220595974701,-0.00618429189857761,-0.009326052842768107,0,auc_gain_too_small|f2_drop_too_large|ap_drop_too_large
candidate_eval,cat_member_01,cat_member_01,1,0.05,0.85,0.1,0.15,0.7729700854700855,0.3878078915571277,0.5764705882352941,0.718482905982906,0.2553191489361702,0.9230769230769231,0.5138888888888888,0.4,0.6060606060606061,0.31633311383796653,-0.012820512820512886,-0.025772441512902255,-0.00618429189857761,-0.009326052842768107,0,auc_gain_too_small|f2_drop_too_large|ap_drop_too_large
candidate_eval,cat_member_03,cat_member_03,1,0.65,0.3,0.05,0.17,0.7729700854700854,0.40144173227617785,0.5882352941176471,0.7254273504273505,0.2608695652173913,0.9230769230769231,0.5277777777777778,0.4067796610169491,0.6122448979591837,0.32565916668073464,-0.012820512820512997,-0.012138600793852095,0.0,0.0,0,auc_gain_too_small|ap_drop_too_large
candidate_eval,cat_member_01|cat_member_02,cat_member_01|cat_member_02,2,0.65,0.25,0.1,0.22,0.7724358974358976,0.4209034615051136,0.6,0.7323717948717949,0.26666666666666666,0.9230769230769231,0.5416666666666666,0.4137931034482759,0.6185567010309279,0.3351313685527426,-0.013354700854700807,0.007323128435083648,0.006311803071744171,0.00947220187200798,0,auc_gain_too_small
candidate_eval,cat_member_01|cat_member_02,cat_member_01|cat_member_02,2,0.4,0.5,0.1,0.2,0.7724358974358976,0.41775600607122343,0.5882352941176471,0.7254273504273505,0.2608695652173913,0.9230769230769231,0.5277777777777778,0.4067796610169491,0.6122448979591837,0.32565916668073464,-0.013354700854700807,0.004175673001193481,0.0,0.0,0,auc_gain_too_small
candidate_eval,cat_member_03|cat_member_04,cat_member_03|cat_member_04,2,0.15,0.75,0.1,0.22,0.7724358974358976,0.39511961397741946,0.5882352941176471,0.7254273504273505,0.2608695652173913,0.9230769230769231,0.5277777777777778,0.4067796610169491,0.6122448979591837,0.32565916668073464,-0.013354700854700807,-0.01846071909261049,0.0,0.0,0,auc_gain_too_small|ap_drop_too_large
candidate_eval,cat_member_04,cat_member_04,1,0.1,0.8,0.1,0.15,0.7724358974358976,0.38547707304778867,0.5764705882352941,0.718482905982906,0.2553191489361702,0.9230769230769231,0.5138888888888888,0.4,0.6060606060606061,0.31633311383796653,-0.013354700854700807,-0.028103260022241283,-0.00618429189857761,-0.009326052842768107,0,auc_gain_too_small|f2_drop_too_large|ap_drop_too_large
candidate_eval,cat_member_04,cat_member_04,1,0.25,0.7,0.05,0.2,0.7724358974358976,0.38428277924352583,0.5882352941176471,0.7254273504273505,0.2608695652173913,0.9230769230769231,0.5277777777777778,0.4067796610169491,0.6122448979591837,0.32565916668073464,-0.013354700854700807,-0.02929755382650412,0.0,0.0,0,auc_gain_too_small|ap_drop_too_large
candidate_eval,cat_member_01|cat_member_02,cat_member_01|cat_member_02,2,0.6,0.3,0.1,0.23,0.7724358974358975,0.42105429106770786,0.6,0.7323717948717949,0.26666666666666666,0.9230769230769231,0.5416666666666666,0.4137931034482759,0.6185567010309279,0.3351313685527426,-0.013354700854700918,0.007473957997677916,0.006311803071744171,0.00947220187200798,0,auc_gain_too_small
candidate_eval,cat_member_01|cat_member_02,cat_member_01|cat_member_02,2,0.55,0.35,0.1,0.24,0.7724358974358975,0.41783128476534426,0.6,0.7323717948717949,0.26666666666666666,0.9230769230769231,0.5416666666666666,0.4137931034482759,0.6185567010309279,0.3351313685527426,-0.013354700854700918,0.004250951695314309,0.006311803071744171,0.00947220187200798,0,auc_gain_too_small
candidate_eval,cat_member_02,cat_member_02,1,0.6,0.35,0.05,0.18,0.7724358974358975,0.41754763885704227,0.5882352941176471,0.7254273504273505,0.2608695652173913,0.9230769230769231,0.5277777777777778,0.4067796610169491,0.6122448979591837,0.32565916668073464,-0.013354700854700918,0.003967305787012321,0.0,0.0,0,auc_gain_too_small
candidate_eval,cat_member_02,cat_member_02,1,0.2,0.7,0.1,0.21,0.7724358974358975,0.4172669118321293,0.5882352941176471,0.7254273504273505,0.2608695652173913,0.9230769230769231,0.5277777777777778,0.4067796610169491,0.6122448979591837,0.32565916668073464,-0.013354700854700918,0.003686578762099324,0.0,0.0,0,auc_gain_too_small
candidate_eval,cat_member_02,cat_member_02,1,0.25,0.65,0.1,0.21,0.7724358974358975,0.4172669118321293,0.5882352941176471,0.7254273504273505,0.2608695652173913,0.9230769230769231,0.5277777777777778,0.4067796610169491,0.6122448979591837,0.32565916668073464,-0.013354700854700918,0.003686578762099324,0.0,0.0,0,auc_gain_too_small
candidate_eval,cat_member_01|cat_member_02,cat_member_01|cat_member_02,2,0.75,0.2,0.05,0.2,0.7724358974358975,0.41578048020355707,0.6,0.7323717948717949,0.26666666666666666,0.9230769230769231,0.5416666666666666,0.4137931034482759,0.6185567010309279,0.3351313685527426,-0.013354700854700918,0.0022001471335271194,0.006311803071744171,0.00947220187200798,0,auc_gain_too_small
candidate_eval,cat_member_01|cat_member_02,cat_member_01|cat_member_02,2,0.7,0.25,0.05,0.21,0.7724358974358975,0.4115115901788531,0.6,0.7323717948717949,0.26666666666666666,0.9230769230769231,0.5416666666666666,0.4137931034482759,0.6185567010309279,0.3351313685527426,-0.013354700854700918,-0.002068742891176867,0.006311803071744171,0.00947220187200798,0,auc_gain_too_small|ap_drop_too_large
candidate_eval,cat_member_02|cat_member_03,cat_member_02|cat_member_03,2,0.55,0.4,0.05,0.18,0.7724358974358975,0.40782763316208126,0.5882352941176471,0.7254273504273505,0.2608695652173913,0.9230769230769231,0.5277777777777778,0.4067796610169491,0.6122448979591837,0.32565916668073464,-0.013354700854700918,-0.0057526999079486885,0.0,0.0,0,auc_gain_too_small|ap_drop_too_large
candidate_eval,cat_member_03|cat_member_04,cat_member_03|cat_member_04,2,0.7,0.25,0.05,0.22,0.7724358974358975,0.4064684307239289,0.6,0.7323717948717949,0.26666666666666666,0.9230769230769231,0.5416666666666666,0.4137931034482759,0.6185567010309279,0.3351313685527426,-0.013354700854700918,-0.00711190234610104,0.006311803071744171,0.00947220187200798,0,auc_gain_too_small|ap_drop_too_large
candidate_eval,cat_member_02|cat_member_04,cat_member_02|cat_member_04,2,0.7,0.25,0.05,0.22,0.7724358974358975,0.4056914299469282,0.6,0.7323717948717949,0.26666666666666666,0.9230769230769231,0.5416666666666666,0.4137931034482759,0.6185567010309279,0.3351313685527426,-0.013354700854700918,-0.007888903123101754,0.006311803071744171,0.00947220187200798,0,auc_gain_too_small|ap_drop_too_large
candidate_eval,cat_member_01|cat_member_02,cat_member_01|cat_member_02,2,0.35,0.55,0.1,0.21,0.7724358974358975,0.40558190566182895,0.5882352941176471,0.7254273504273505,0.2608695652173913,0.9230769230769231,0.5277777777777778,0.4067796610169491,0.6122448979591837,0.32565916668073464,-0.013354700854700918,-0.007998427408201003,0.0,0.0,0,auc_gain_too_small|ap_drop_too_large
candidate_eval,cat_member_02,cat_member_02,1,0.5,0.45,0.05,0.19,0.7724358974358975,0.40510199341721076,0.5882352941176471,0.7254273504273505,0.2608695652173913,0.9230769230769231,0.5277777777777778,0.4067796610169491,0.6122448979591837,0.32565916668073464,-0.013354700854700918,-0.008478339652819189,0.0,0.0,0,auc_gain_too_small|ap_drop_too_large
candidate_eval,cat_member_02|cat_member_03,cat_member_02|cat_member_03,2,0.7,0.25,0.05,0.21,0.7724358974358975,0.40502222735464866,0.6,0.7323717948717949,0.26666666666666666,0.9230769230769231,0.5416666666666666,0.4137931034482759,0.6185567010309279,0.3351313685527426,-0.013354700854700918,-0.008558105715381292,0.006311803071744171,0.00947220187200798,0,auc_gain_too_small|ap_drop_too_large
candidate_eval,cat_member_03|cat_member_04,cat_member_03|cat_member_04,2,0.3,0.6,0.1,0.21,0.7724358974358975,0.40298224313569575,0.5882352941176471,0.7254273504273505,0.2608695652173913,0.9230769230769231,0.5277777777777778,0.4067796610169491,0.6122448979591837,0.32565916668073464,-0.013354700854700918,-0.010598089934334198,0.0,0.0,0,auc_gain_too_small|ap_drop_too_large
candidate_eval,cat_member_01|cat_member_04,cat_member_01|cat_member_04,2,0.3,0.6,0.1,0.21,0.7724358974358975,0.4023332902421608,0.5882352941176471,0.7254273504273505,0.2608695652173913,0.9230769230769231,0.5277777777777778,0.4067796610169491,0.6122448979591837,0.32565916668073464,-0.013354700854700918,-0.011247042827869147,0.0,0.0,0,auc_gain_too_small|ap_drop_too_large
candidate_eval,cat_member_01|cat_member_04,cat_member_01|cat_member_04,2,0.35,0.55,0.1,0.21,0.7724358974358975,0.4023332902421608,0.5882352941176471,0.7254273504273505,0.2608695652173913,0.9230769230769231,0.5277777777777778,0.4067796610169491,0.6122448979591837,0.32565916668073464,-0.013354700854700918,-0.011247042827869147,0.0,0.0,0,auc_gain_too_small|ap_drop_too_large
candidate_eval,cat_member_02,cat_member_02,1,0.2,0.75,0.05,0.14,0.7724358974358975,0.39016660540489967,0.5764705882352941,0.718482905982906,0.2553191489361702,0.9230769230769231,0.5138888888888888,0.4,0.6060606060606061,0.31633311383796653,-0.013354700854700918,-0.02341372766513028,-0.00618429189857761,-0.009326052842768107,0,auc_gain_too_small|f2_drop_too_large|ap_drop_too_large
candidate_eval,cat_member_02,cat_member_02,1,0.1,0.85,0.05,0.13,0.7724358974358975,0.38992476692981703,0.5764705882352941,0.718482905982906,0.2553191489361702,0.9230769230769231,0.5138888888888888,0.4,0.6060606060606061,0.31633311383796653,-0.013354700854700918,-0.023655566140212914,-0.00618429189857761,-0.009326052842768107,0,auc_gain_too_small|f2_drop_too_large|ap_drop_too_large
candidate_eval,cat_member_02,cat_member_02,1,0.15,0.8,0.05,0.13,0.7724358974358975,0.38992476692981703,0.5764705882352941,0.718482905982906,0.2553191489361702,0.9230769230769231,0.5138888888888888,0.4,0.6060606060606061,0.31633311383796653,-0.013354700854700918,-0.023655566140212914,-0.00618429189857761,-0.009326052842768107,0,auc_gain_too_small|f2_drop_too_large|ap_drop_too_large
candidate_eval,cat_member_01|cat_member_04,cat_member_01|cat_member_04,2,0.05,0.85,0.1,0.15,0.7724358974358975,0.38573570687011627,0.5764705882352941,0.718482905982906,0.2553191489361702,0.9230769230769231,0.5138888888888888,0.4,0.6060606060606061,0.31633311383796653,-0.013354700854700918,-0.02784462619991368,-0.00618429189857761,-0.009326052842768107,0,auc_gain_too_small|f2_drop_too_large|ap_drop_too_large
candidate_eval,cat_member_04,cat_member_04,1,0.05,0.85,0.1,0.15,0.7724358974358975,0.3852457361025978,0.5764705882352941,0.718482905982906,0.2553191489361702,0.9230769230769231,0.5138888888888888,0.4,0.6060606060606061,0.31633311383796653,-0.013354700854700918,-0.028334596967432124,-0.00618429189857761,-0.009326052842768107,0,auc_gain_too_small|f2_drop_too_large|ap_drop_too_large
candidate_eval,cat_member_01|cat_member_02,cat_member_01|cat_member_02,2,0.2,0.7,0.1,0.22,0.7724358974358974,0.4050928114227347,0.5882352941176471,0.7254273504273505,0.2608695652173913,0.9230769230769231,0.5277777777777778,0.4067796610169491,0.6122448979591837,0.32565916668073464,-0.01335470085470103,-0.00848752164729527,0.0,0.0,0,auc_gain_too_small|ap_drop_too_large
candidate_eval,cat_member_01|cat_member_02,cat_member_01|cat_member_02,2,0.25,0.65,0.1,0.21,0.7724358974358974,0.4050928114227347,0.5882352941176471,0.7254273504273505,0.2608695652173913,0.9230769230769231,0.5277777777777778,0.4067796610169491,0.6122448979591837,0.32565916668073464,-0.01335470085470103,-0.00848752164729527,0.0,0.0,0,auc_gain_too_small|ap_drop_too_large
candidate_eval,cat_member_01,cat_member_01,1,0.3,0.5,0.2,0.24,0.7719017094017095,0.41530973057952725,0.5882352941176471,0.7254273504273505,0.2608695652173913,0.9230769230769231,0.5277777777777778,0.4067796610169491,0.6122448979591837,0.32565916668073464,-0.01388888888888884,0.001729397509497299,0.0,0.0,0,auc_gain_too_small
candidate_eval,cat_member_01|cat_member_03,cat_member_01|cat_member_03,2,0.1,0.8,0.1,0.22,0.7719017094017095,0.3912675215793453,0.5882352941176471,0.7254273504273505,0.2608695652173913,0.9230769230769231,0.5277777777777778,0.4067796610169491,0.6122448979591837,0.32565916668073464,-0.01388888888888884,-0.022312811490684648,0.0,0.0,0,auc_gain_too_small|ap_drop_too_large
candidate_eval,cat_member_01,cat_member_01,1,0.1,0.65,0.25,0.26,0.7719017094017094,0.4149234746785655,0.5882352941176471,0.7254273504273505,0.2608695652173913,0.9230769230769231,0.5277777777777778,0.4067796610169491,0.6122448979591837,0.32565916668073464,-0.01388888888888895,0.0013431416085355474,0.0,0.0,0,auc_gain_too_small
candidate_eval,cat_member_01,cat_member_01,1,0.5,0.3,0.2,0.28,0.7719017094017094,0.4126544734325822,0.611764705882353,0.7393162393162394,0.2727272727272727,0.9230769230769231,0.5555555555555556,0.4210526315789473,0.625,0.34476393030979247,-0.01388888888888895,-0.0009258596374477346,0.012755102040816313,0.01910476362905783,0,auc_gain_too_small
candidate_eval,cat_member_01|cat_member_03,cat_member_01|cat_member_03,2,0.25,0.6,0.15,0.22,0.7719017094017094,0.40929334944680207,0.5882352941176471,0.7254273504273505,0.2608695652173913,0.9230769230769231,0.5277777777777778,0.4067796610169491,0.6122448979591837,0.32565916668073464,-0.01388888888888895,-0.00428698362322788,0.0,0.0,0,auc_gain_too_small|ap_drop_too_large
candidate_eval,cat_member_03,cat_member_03,1,0.3,0.55,0.15,0.21,0.7719017094017094,0.4052547152224093,0.5882352941176471,0.7254273504273505,0.2608695652173913,0.9230769230769231,0.5277777777777778,0.4067796610169491,0.6122448979591837,0.32565916668073464,-0.01388888888888895,-0.008325617847620648,0.0,0.0,0,auc_gain_too_small|ap_drop_too_large
candidate_eval,cat_member_03,cat_member_03,1,0.35,0.5,0.15,0.21,0.7719017094017094,0.4052547152224093,0.5882352941176471,0.7254273504273505,0.2608695652173913,0.9230769230769231,0.5277777777777778,0.4067796610169491,0.6122448979591837,0.32565916668073464,-0.01388888888888895,-0.008325617847620648,0.0,0.0,0,auc_gain_too_small|ap_drop_too_large
candidate_eval,cat_member_01|cat_member_03,cat_member_01|cat_member_03,2,0.5,0.4,0.1,0.2,0.7719017094017094,0.4047271260365295,0.5882352941176471,0.7254273504273505,0.2608695652173913,0.9230769230769231,0.5277777777777778,0.4067796610169491,0.6122448979591837,0.32565916668073464,-0.01388888888888895,-0.008853207033500454,0.0,0.0,0,auc_gain_too_small|ap_drop_too_large
candidate_eval,cat_member_01,cat_member_01,1,0.4,0.45,0.15,0.22,0.7719017094017094,0.4029364449504277,0.5882352941176471,0.7254273504273505,0.2608695652173913,0.9230769230769231,0.5277777777777778,0.4067796610169491,0.6122448979591837,0.32565916668073464,-0.01388888888888895,-0.010643888119602263,0.0,0.0,0,auc_gain_too_small|ap_drop_too_large
candidate_eval,cat_member_03,cat_member_03,1,0.7,0.25,0.05,0.21,0.7719017094017094,0.4027610270165253,0.6,0.7323717948717949,0.26666666666666666,0.9230769230769231,0.5416666666666666,0.4137931034482759,0.6185567010309279,0.3351313685527426,-0.01388888888888895,-0.010819306053504674,0.006311803071744171,0.00947220187200798,0,auc_gain_too_small|ap_drop_too_large
candidate_eval,cat_member_01,cat_member_01,1,0.45,0.4,0.15,0.22,0.7719017094017094,0.4027585562636471,0.5882352941176471,0.7254273504273505,0.2608695652173913,0.9230769230769231,0.5277777777777778,0.4067796610169491,0.6122448979591837,0.32565916668073464,-0.01388888888888895,-0.010821776806382855,0.0,0.0,0,auc_gain_too_small|ap_drop_too_large
candidate_eval,cat_member_01,cat_member_01,1,0.5,0.4,0.1,0.2,0.7719017094017094,0.40245231751172095,0.5882352941176471,0.7254273504273505,0.2608695652173913,0.9230769230769231,0.5277777777777778,0.4067796610169491,0.6122448979591837,0.32565916668073464,-0.01388888888888895,-0.011128015558309001,0.0,0.0,0,auc_gain_too_small|ap_drop_too_large
candidate_eval,cat_member_01,cat_member_01,1,0.2,0.65,0.15,0.23,0.7719017094017094,0.40216240849233176,0.5882352941176471,0.7254273504273505,0.2608695652173913,0.9230769230769231,0.5277777777777778,0.4067796610169491,0.6122448979591837,0.32565916668073464,-0.01388888888888895,-0.01141792457769819,0.0,0.0,0,auc_gain_too_small|ap_drop_too_large
candidate_eval,cat_member_01,cat_member_01,1,0.35,0.55,0.1,0.21,0.7719017094017094,0.40216240849233176,0.5882352941176471,0.7254273504273505,0.2608695652173913,0.9230769230769231,0.5277777777777778,0.4067796610169491,0.6122448979591837,0.32565916668073464,-0.01388888888888895,-0.01141792457769819,0.0,0.0,0,auc_gain_too_small|ap_drop_too_large
candidate_eval,cat_member_01|cat_member_03,cat_member_01|cat_member_03,2,0.4,0.5,0.1,0.2,0.7719017094017094,0.40216240849233176,0.5882352941176471,0.7254273504273505,0.2608695652173913,0.9230769230769231,0.5277777777777778,0.4067796610169491,0.6122448979591837,0.32565916668073464,-0.01388888888888895,-0.01141792457769819,0.0,0.0,0,auc_gain_too_small|ap_drop_too_large
candidate_eval,cat_member_01|cat_member_03,cat_member_01|cat_member_03,2,0.75,0.2,0.05,0.2,0.7719017094017094,0.40051004802136014,0.6,0.7323717948717949,0.26666666666666666,0.9230769230769231,0.5416666666666666,0.4137931034482759,0.6185567010309279,0.3351313685527426,-0.01388888888888895,-0.013070285048669805,0.006311803071744171,0.00947220187200798,0,auc_gain_too_small|ap_drop_too_large
candidate_eval,cat_member_01|cat_member_03,cat_member_01|cat_member_03,2,0.7,0.25,0.05,0.21,0.7719017094017094,0.3991669466782588,0.6,0.7323717948717949,0.26666666666666666,0.9230769230769231,0.5416666666666666,0.4137931034482759,0.6185567010309279,0.3351313685527426,-0.01388888888888895,-0.014413386391771144,0.006311803071744171,0.00947220187200798,0,auc_gain_too_small|ap_drop_too_large
candidate_eval,cat_member_02,cat_member_02,1,0.35,0.55,0.1,0.21,0.7713675213675215,0.4175937210988119,0.5882352941176471,0.7254273504273505,0.2608695652173913,0.9230769230769231,0.5277777777777778,0.4067796610169491,0.6122448979591837,0.32565916668073464,-0.014423076923076872,0.004013388028781928,0.0,0.0,0,auc_gain_too_small
candidate_eval,cat_member_02,cat_member_02,1,0.4,0.5,0.1,0.2,0.7713675213675215,0.4175937210988119,0.5882352941176471,0.7254273504273505,0.2608695652173913,0.9230769230769231,0.5277777777777778,0.4067796610169491,0.6122448979591837,0.32565916668073464,-0.014423076923076872,0.004013388028781928,0.0,0.0,0,auc_gain_too_small
candidate_eval,cat_member_01|cat_member_02,cat_member_01|cat_member_02,2,0.3,0.55,0.15,0.22,0.7713675213675215,0.4175937210988119,0.5882352941176471,0.7254273504273505,0.2608695652173913,0.9230769230769231,0.5277777777777778,0.4067796610169491,0.6122448979591837,0.32565916668073464,-0.014423076923076872,0.004013388028781928,0.0,0.0,0,auc_gain_too_small
candidate_eval,cat_member_01|cat_member_02,cat_member_01|cat_member_02,2,0.35,0.5,0.15,0.22,0.7713675213675215,0.4175937210988119,0.5882352941176471,0.7254273504273505,0.2608695652173913,0.9230769230769231,0.5277777777777778,0.4067796610169491,0.6122448979591837,0.32565916668073464,-0.014423076923076872,0.004013388028781928,0.0,0.0,0,auc_gain_too_small
candidate_eval,cat_member_01|cat_member_02,cat_member_01|cat_member_02,2,0.4,0.45,0.15,0.22,0.7713675213675215,0.4175937210988119,0.5882352941176471,0.7254273504273505,0.2608695652173913,0.9230769230769231,0.5277777777777778,0.4067796610169491,0.6122448979591837,0.32565916668073464,-0.014423076923076872,0.004013388028781928,0.0,0.0,0,auc_gain_too_small
candidate_eval,cat_member_01|cat_member_02,cat_member_01|cat_member_02,2,0.45,0.45,0.1,0.2,0.7713675213675215,0.4175937210988119,0.5882352941176471,0.7254273504273505,0.2608695652173913,0.9230769230769231,0.5277777777777778,0.4067796610169491,0.6122448979591837,0.32565916668073464,-0.014423076923076872,0.004013388028781928,0.0,0.0,0,auc_gain_too_small
candidate_eval,cat_member_03|cat_member_04,cat_member_03|cat_member_04,2,0.1,0.8,0.1,0.22,0.7713675213675215,0.3871724577744493,0.5882352941176471,0.7254273504273505,0.2608695652173913,0.9230769230769231,0.5277777777777778,0.4067796610169491,0.6122448979591837,0.32565916668073464,-0.014423076923076872,-0.02640787529558064,0.0,0.0,0,auc_gain_too_small|ap_drop_too_large
candidate_eval,cat_member_01|cat_member_02,cat_member_01|cat_member_02,2,0.5,0.4,0.1,0.2,0.7713675213675214,0.4173853538846307,0.5882352941176471,0.7254273504273505,0.2608695652173913,0.9230769230769231,0.5277777777777778,0.4067796610169491,0.6122448979591837,0.32565916668073464,-0.014423076923076983,0.003805020814600768,0.0,0.0,0,auc_gain_too_small
candidate_eval,cat_member_02|cat_member_03,cat_member_02|cat_member_03,2,0.5,0.4,0.1,0.19,0.7713675213675214,0.4173853538846307,0.5882352941176471,0.7254273504273505,0.2608695652173913,0.9230769230769231,0.5277777777777778,0.4067796610169491,0.6122448979591837,0.32565916668073464,-0.014423076923076983,0.003805020814600768,0.0,0.0,0,auc_gain_too_small
candidate_eval,cat_member_02|cat_member_03,cat_member_02|cat_member_03,2,0.55,0.35,0.1,0.19,0.7713675213675214,0.4172142547365495,0.5882352941176471,0.7254273504273505,0.2608695652173913,0.9230769230769231,0.5277777777777778,0.4067796610169491,0.6122448979591837,0.32565916668073464,-0.014423076923076983,0.003633921666519546,0.0,0.0,0,auc_gain_too_small
candidate_eval,cat_member_02,cat_member_02,1,0.3,0.6,0.1,0.21,0.7713675213675214,0.41665641122162866,0.5882352941176471,0.7254273504273505,0.2608695652173913,0.9230769230769231,0.5277777777777778,0.4067796610169491,0.6122448979591837,0.32565916668073464,-0.014423076923076983,0.0030760781515987157,0.0,0.0,0,auc_gain_too_small
candidate_eval,cat_member_02,cat_member_02,1,0.7,0.25,0.05,0.21,0.7713675213675214,0.4146875808548438,0.6,0.7323717948717949,0.26666666666666666,0.9230769230769231,0.5416666666666666,0.4137931034482759,0.6185567010309279,0.3351313685527426,-0.014423076923076983,0.0011072477848138584,0.006311803071744171,0.00947220187200798,0,auc_gain_too_small
candidate_eval,cat_member_01|cat_member_02,cat_member_01|cat_member_02,2,0.6,0.35,0.05,0.18,0.7713675213675214,0.4047271260365294,0.5882352941176471,0.7254273504273505,0.2608695652173913,0.9230769230769231,0.5277777777777778,0.4067796610169491,0.6122448979591837,0.32565916668073464,-0.014423076923076983,-0.008853207033500565,0.0,0.0,0,auc_gain_too_small|ap_drop_too_large
candidate_eval,cat_member_02|cat_member_04,cat_member_02|cat_member_04,2,0.6,0.35,0.05,0.18,0.7713675213675214,0.4047271260365294,0.5882352941176471,0.7254273504273505,0.2608695652173913,0.9230769230769231,0.5277777777777778,0.4067796610169491,0.6122448979591837,0.32565916668073464,-0.014423076923076983,-0.008853207033500565,0.0,0.0,0,auc_gain_too_small|ap_drop_too_large
candidate_eval,cat_member_02|cat_member_03,cat_member_02|cat_member_03,2,0.65,0.3,0.05,0.18,0.7713675213675214,0.40455602688844816,0.5882352941176471,0.7254273504273505,0.2608695652173913,0.9230769230769231,0.5277777777777778,0.4067796610169491,0.6122448979591837,0.32565916668073464,-0.014423076923076983,-0.009024306181581787,0.0,0.0,0,auc_gain_too_small|ap_drop_too_large
candidate_eval,cat_member_02,cat_member_02,1,0.55,0.4,0.05,0.18,0.7713675213675214,0.4044463990116164,0.5882352941176471,0.7254273504273505,0.2608695652173913,0.9230769230769231,0.5277777777777778,0.4067796610169491,0.6122448979591837,0.32565916668073464,-0.014423076923076983,-0.009133934058413562,0.0,0.0,0,auc_gain_too_small|ap_drop_too_large
candidate_eval,cat_member_04,cat_member_04,1,0.3,0.6,0.1,0.21,0.7713675213675214,0.39929821386343123,0.5882352941176471,0.7254273504273505,0.2608695652173913,0.9230769230769231,0.5277777777777778,0.4067796610169491,0.6122448979591837,0.32565916668073464,-0.014423076923076983,-0.01428211920659872,0.0,0.0,0,auc_gain_too_small|ap_drop_too_large
candidate_eval,cat_member_04,cat_member_04,1,0.25,0.65,0.1,0.22,0.7713675213675214,0.3972159506046974,0.5882352941176471,0.7254273504273505,0.2608695652173913,0.9230769230769231,0.5277777777777778,0.4067796610169491,0.6122448979591837,0.32565916668073464,-0.014423076923076983,-0.01636438246533256,0.0,0.0,0,auc_gain_too_small|ap_drop_too_large
candidate_eval,cat_member_04,cat_member_04,1,0.2,0.7,0.1,0.22,0.7713675213675214,0.39090011439448025,0.5882352941176471,0.7254273504273505,0.2608695652173913,0.9230769230769231,0.5277777777777778,0.4067796610169491,0.6122448979591837,0.32565916668073464,-0.014423076923076983,-0.0226802186755497,0.0,0.0,0,auc_gain_too_small|ap_drop_too_large
candidate_eval,cat_member_04,cat_member_04,1,0.2,0.75,0.05,0.21,0.7713675213675214,0.3820203358046118,0.5882352941176471,0.7254273504273505,0.2608695652173913,0.9230769230769231,0.5277777777777778,0.4067796610169491,0.6122448979591837,0.32565916668073464,-0.014423076923076983,-0.03155999726541814,0.0,0.0,0,auc_gain_too_small|ap_drop_too_large
candidate_eval,cat_member_01|cat_member_03,cat_member_01|cat_member_03,2,0.1,0.75,0.15,0.23,0.7708333333333334,0.4067292468826995,0.5882352941176471,0.7254273504273505,0.2608695652173913,0.9230769230769231,0.5277777777777778,0.4067796610169491,0.6122448979591837,0.32565916668073464,-0.014957264957265015,-0.006851086187330435,0.0,0.0,0,auc_gain_too_small|ap_drop_too_large
candidate_eval,cat_member_01|cat_member_03,cat_member_01|cat_member_03,2,0.15,0.7,0.15,0.23,0.7708333333333334,0.4067292468826995,0.5882352941176471,0.7254273504273505,0.2608695652173913,0.9230769230769231,0.5277777777777778,0.4067796610169491,0.6122448979591837,0.32565916668073464,-0.014957264957265015,-0.006851086187330435,0.0,0.0,0,auc_gain_too_small|ap_drop_too_large
candidate_eval,cat_member_01|cat_member_03,cat_member_01|cat_member_03,2,0.2,0.65,0.15,0.23,0.7708333333333334,0.4067292468826995,0.5882352941176471,0.7254273504273505,0.2608695652173913,0.9230769230769231,0.5277777777777778,0.4067796610169491,0.6122448979591837,0.32565916668073464,-0.014957264957265015,-0.006851086187330435,0.0,0.0,0,auc_gain_too_small|ap_drop_too_large
candidate_eval,cat_member_03,cat_member_03,1,0.1,0.75,0.15,0.23,0.7708333333333334,0.40463768519361465,0.5882352941176471,0.7254273504273505,0.2608695652173913,0.9230769230769231,0.5277777777777778,0.4067796610169491,0.6122448979591837,0.32565916668073464,-0.014957264957265015,-0.0089426478764153,0.0,0.0,0,auc_gain_too_small|ap_drop_too_large
candidate_eval,cat_member_03,cat_member_03,1,0.15,0.7,0.15,0.22,0.7708333333333334,0.40463768519361465,0.5882352941176471,0.7254273504273505,0.2608695652173913,0.9230769230769231,0.5277777777777778,0.4067796610169491,0.6122448979591837,0.32565916668073464,-0.014957264957265015,-0.0089426478764153,0.0,0.0,0,auc_gain_too_small|ap_drop_too_large
candidate_eval,cat_member_01|cat_member_03,cat_member_01|cat_member_03,2,0.45,0.45,0.1,0.2,0.7708333333333334,0.40427989884511617,0.5882352941176471,0.7254273504273505,0.2608695652173913,0.9230769230769231,0.5277777777777778,0.4067796610169491,0.6122448979591837,0.32565916668073464,-0.014957264957265015,-0.009300434224913778,0.0,0.0,0,auc_gain_too_small|ap_drop_too_large
candidate_eval,cat_member_03,cat_member_03,1,0.05,0.8,0.15,0.15,0.7708333333333334,0.40280206295551557,0.5764705882352941,0.718482905982906,0.2553191489361702,0.9230769230769231,0.5138888888888888,0.4,0.6060606060606061,0.31633311383796653,-0.014957264957265015,-0.010778270114514377,-0.00618429189857761,-0.009326052842768107,0,auc_gain_too_small|f2_drop_too_large|ap_drop_too_large
candidate_eval,cat_member_01,cat_member_01,1,0.25,0.55,0.2,0.24,0.7708333333333334,0.4024892177590145,0.5882352941176471,0.7254273504273505,0.2608695652173913,0.9230769230769231,0.5277777777777778,0.4067796610169491,0.6122448979591837,0.32565916668073464,-0.014957264957265015,-0.011091115311015476,0.0,0.0,0,auc_gain_too_small|ap_drop_too_large
candidate_eval,cat_member_01,cat_member_01,1,0.3,0.55,0.15,0.23,0.7708333333333334,0.4024892177590145,0.5882352941176471,0.7254273504273505,0.2608695652173913,0.9230769230769231,0.5277777777777778,0.4067796610169491,0.6122448979591837,0.32565916668073464,-0.014957264957265015,-0.011091115311015476,0.0,0.0,0,auc_gain_too_small|ap_drop_too_large
candidate_eval,cat_member_01,cat_member_01,1,0.35,0.5,0.15,0.22,0.7708333333333334,0.4024892177590145,0.5882352941176471,0.7254273504273505,0.2608695652173913,0.9230769230769231,0.5277777777777778,0.4067796610169491,0.6122448979591837,0.32565916668073464,-0.014957264957265015,-0.011091115311015476,0.0,0.0,0,auc_gain_too_small|ap_drop_too_large
candidate_eval,cat_member_01,cat_member_01,1,0.1,0.7,0.2,0.25,0.7708333333333334,0.4022900325393094,0.5882352941176471,0.7254273504273505,0.2608695652173913,0.9230769230769231,0.5277777777777778,0.4067796610169491,0.6122448979591837,0.32565916668073464,-0.014957264957265015,-0.011290300530720554,0.0,0.0,0,auc_gain_too_small|ap_drop_too_large
candidate_eval,cat_member_01,cat_member_01,1,0.2,0.6,0.2,0.25,0.7708333333333334,0.4022900325393094,0.5882352941176471,0.7254273504273505,0.2608695652173913,0.9230769230769231,0.5277777777777778,0.4067796610169491,0.6122448979591837,0.32565916668073464,-0.014957264957265015,-0.011290300530720554,0.0,0.0,0,auc_gain_too_small|ap_drop_too_large
candidate_eval,cat_member_01,cat_member_01,1,0.05,0.75,0.2,0.17,0.7708333333333334,0.4022900325393094,0.5764705882352941,0.718482905982906,0.2553191489361702,0.9230769230769231,0.5138888888888888,0.4,0.6060606060606061,0.31633311383796653,-0.014957264957265015,-0.011290300530720554,-0.00618429189857761,-0.009326052842768107,0,auc_gain_too_small|f2_drop_too_large|ap_drop_too_large
candidate_eval,cat_member_01,cat_member_01,1,0.05,0.7,0.25,0.27,0.7708333333333334,0.4021029618580526,0.5882352941176471,0.7254273504273505,0.2608695652173913,0.9230769230769231,0.5277777777777778,0.4067796610169491,0.6122448979591837,0.32565916668073464,-0.014957264957265015,-0.011477371211977339,0.0,0.0,0,auc_gain_too_small|ap_drop_too_large
candidate_eval,cat_member_01|cat_member_03,cat_member_01|cat_member_03,2,0.5,0.35,0.15,0.25,0.7708333333333334,0.40208036901442845,0.6,0.7323717948717949,0.26666666666666666,0.9230769230769231,0.5416666666666666,0.4137931034482759,0.6185567010309279,0.3351313685527426,-0.014957264957265015,-0.011499964055601497,0.006311803071744171,0.00947220187200798,0,auc_gain_too_small|ap_drop_too_large
candidate_eval,cat_member_03,cat_member_03,1,0.4,0.45,0.15,0.21,0.7708333333333334,0.40180303869380973,0.5882352941176471,0.7254273504273505,0.2608695652173913,0.9230769230769231,0.5277777777777778,0.4067796610169491,0.6122448979591837,0.32565916668073464,-0.014957264957265015,-0.011777294376220215,0.0,0.0,0,auc_gain_too_small|ap_drop_too_large
candidate_eval,cat_member_01|cat_member_03,cat_member_01|cat_member_03,2,0.45,0.4,0.15,0.21,0.7708333333333334,0.4017967231061266,0.5882352941176471,0.7254273504273505,0.2608695652173913,0.9230769230769231,0.5277777777777778,0.4067796610169491,0.6122448979591837,0.32565916668073464,-0.014957264957265015,-0.011783609963903374,0.0,0.0,0,auc_gain_too_small|ap_drop_too_large
candidate_eval,cat_member_01|cat_member_03,cat_member_01|cat_member_03,2,0.35,0.5,0.15,0.22,0.7708333333333334,0.40151599608121347,0.5882352941176471,0.7254273504273505,0.2608695652173913,0.9230769230769231,0.5277777777777778,0.4067796610169491,0.6122448979591837,0.32565916668073464,-0.014957264957265015,-0.012064336988816482,0.0,0.0,0,auc_gain_too_small|ap_drop_too_large
candidate_eval,cat_member_01|cat_member_03,cat_member_01|cat_member_03,2,0.35,0.55,0.1,0.21,0.7708333333333334,0.40106984780224786,0.5882352941176471,0.7254273504273505,0.2608695652173913,0.9230769230769231,0.5277777777777778,0.4067796610169491,0.6122448979591837,0.32565916668073464,-0.014957264957265015,-0.01251048526778209,0.0,0.0,0,auc_gain_too_small|ap_drop_too_large
candidate_eval,cat_member_03,cat_member_03,1,0.5,0.35,0.15,0.25,0.7708333333333334,0.3995667351344505,0.6,0.7323717948717949,0.26666666666666666,0.9230769230769231,0.5416666666666666,0.4137931034482759,0.6185567010309279,0.3351313685527426,-0.014957264957265015,-0.014013597935579436,0.006311803071744171,0.00947220187200798,0,auc_gain_too_small|ap_drop_too_large
candidate_eval,cat_member_03,cat_member_03,1,0.55,0.35,0.1,0.19,0.7708333333333334,0.3985115467440271,0.5882352941176471,0.7254273504273505,0.2608695652173913,0.9230769230769231,0.5277777777777778,0.4067796610169491,0.6122448979591837,0.32565916668073464,-0.014957264957265015,-0.015068786326002837,0.0,0.0,0,auc_gain_too_small|ap_drop_too_large
candidate_eval,cat_member_03,cat_member_03,1,0.75,0.2,0.05,0.2,0.7708333333333334,0.3979459454572576,0.6,0.7323717948717949,0.26666666666666666,0.9230769230769231,0.5416666666666666,0.4137931034482759,0.6185567010309279,0.3351313685527426,-0.014957264957265015,-0.01563438761277236,0.006311803071744171,0.00947220187200798,0,auc_gain_too_small|ap_drop_too_large
candidate_eval,cat_member_03,cat_member_03,1,0.6,0.3,0.1,0.23,0.7708333333333334,0.3959988977430837,0.6,0.7323717948717949,0.26666666666666666,0.9230769230769231,0.5416666666666666,0.4137931034482759,0.6185567010309279,0.3351313685527426,-0.014957264957265015,-0.017581435326946226,0.006311803071744171,0.00947220187200798,0,auc_gain_too_small|ap_drop_too_large
candidate_eval,cat_member_03,cat_member_03,1,0.05,0.85,0.1,0.14,0.7708333333333334,0.3864994827279413,0.5764705882352941,0.718482905982906,0.2553191489361702,0.9230769230769231,0.5138888888888888,0.4,0.6060606060606061,0.31633311383796653,-0.014957264957265015,-0.027080850342088625,-0.00618429189857761,-0.009326052842768107,0,auc_gain_too_small|f2_drop_too_large|ap_drop_too_large
candidate_eval,cat_member_01|cat_member_02,cat_member_01|cat_member_02,2,0.25,0.6,0.15,0.23,0.7702991452991454,0.41698322048831127,0.5882352941176471,0.7254273504273505,0.2608695652173913,0.9230769230769231,0.5277777777777778,0.4067796610169491,0.6122448979591837,0.32565916668073464,-0.015491452991452936,0.0034028874182813196,0.0,0.0,0,auc_gain_too_small
candidate_eval,cat_member_02,cat_member_02,1,0.45,0.45,0.1,0.2,0.7702991452991453,0.4169381266932175,0.5882352941176471,0.7254273504273505,0.2608695652173913,0.9230769230769231,0.5277777777777778,0.4067796610169491,0.6122448979591837,0.32565916668073464,-0.015491452991453047,0.003357793623187555,0.0,0.0,0,auc_gain_too_small
candidate_eval,cat_member_01|cat_member_02,cat_member_01|cat_member_02,2,0.15,0.7,0.15,0.23,0.7702991452991453,0.4169381266932175,0.5882352941176471,0.7254273504273505,0.2608695652173913,0.9230769230769231,0.5277777777777778,0.4067796610169491,0.6122448979591837,0.32565916668073464,-0.015491452991453047,0.003357793623187555,0.0,0.0,0,auc_gain_too_small
candidate_eval,cat_member_01|cat_member_02,cat_member_01|cat_member_02,2,0.2,0.65,0.15,0.23,0.7702991452991453,0.4169381266932175,0.5882352941176471,0.7254273504273505,0.2608695652173913,0.9230769230769231,0.5277777777777778,0.4067796610169491,0.6122448979591837,0.32565916668073464,-0.015491452991453047,0.003357793623187555,0.0,0.0,0,auc_gain_too_small
candidate_eval,cat_member_01|cat_member_02,cat_member_01|cat_member_02,2,0.1,0.75,0.15,0.15,0.7702991452991453,0.41417000873522614,0.5764705882352941,0.718482905982906,0.2553191489361702,0.9230769230769231,0.5138888888888888,0.4,0.6060606060606061,0.31633311383796653,-0.015491452991453047,0.0005896756651961876,-0.00618429189857761,-0.009326052842768107,0,auc_gain_too_small|f2_drop_too_large
candidate_eval,cat_member_02|cat_member_03,cat_member_02|cat_member_03,2,0.6,0.3,0.1,0.23,0.7702991452991453,0.4137625782079498,0.6,0.7323717948717949,0.26666666666666666,0.9230769230769231,0.5416666666666666,0.4137931034482759,0.6185567010309279,0.3351313685527426,-0.015491452991453047,0.00018224513791986752,0.006311803071744171,0.00947220187200798,0,auc_gain_too_small
candidate_eval,cat_member_02|cat_member_03,cat_member_02|cat_member_03,2,0.65,0.25,0.1,0.22,0.7702991452991453,0.4137625782079498,0.6,0.7323717948717949,0.26666666666666666,0.9230769230769231,0.5416666666666666,0.4137931034482759,0.6185567010309279,0.3351313685527426,-0.015491452991453047,0.00018224513791986752,0.006311803071744171,0.00947220187200798,0,auc_gain_too_small
candidate_eval,cat_member_02|cat_member_03,cat_member_02|cat_member_03,2,0.25,0.65,0.1,0.21,0.7702991452991453,0.4077837479372006,0.5882352941176471,0.7254273504273505,0.2608695652173913,0.9230769230769231,0.5277777777777778,0.4067796610169491,0.6122448979591837,0.32565916668073464,-0.015491452991453047,-0.005796585132829324,0.0,0.0,0,auc_gain_too_small|ap_drop_too_large
candidate_eval,cat_member_02|cat_member_03,cat_member_02|cat_member_03,2,0.2,0.7,0.1,0.21,0.7702991452991453,0.4050198451732978,0.5882352941176471,0.7254273504273505,0.2608695652173913,0.9230769230769231,0.5277777777777778,0.4067796610169491,0.6122448979591837,0.32565916668073464,-0.015491452991453047,-0.008560487896732139,0.0,0.0,0,auc_gain_too_small|ap_drop_too_large
candidate_eval,cat_member_01|cat_member_02,cat_member_01|cat_member_02,2,0.3,0.6,0.1,0.21,0.7702991452991453,0.40427989884511617,0.5882352941176471,0.7254273504273505,0.2608695652173913,0.9230769230769231,0.5277777777777778,0.4067796610169491,0.6122448979591837,0.32565916668073464,-0.015491452991453047,-0.009300434224913778,0.0,0.0,0,auc_gain_too_small|ap_drop_too_large
candidate_eval,cat_member_02|cat_member_03,cat_member_02|cat_member_03,2,0.4,0.5,0.1,0.2,0.7702991452991453,0.40427989884511617,0.5882352941176471,0.7254273504273505,0.2608695652173913,0.9230769230769231,0.5277777777777778,0.4067796610169491,0.6122448979591837,0.32565916668073464,-0.015491452991453047,-0.009300434224913778,0.0,0.0,0,auc_gain_too_small|ap_drop_too_large
candidate_eval,cat_member_02|cat_member_03,cat_member_02|cat_member_03,2,0.45,0.45,0.1,0.2,0.7702991452991453,0.40427989884511617,0.5882352941176471,0.7254273504273505,0.2608695652173913,0.9230769230769231,0.5277777777777778,0.4067796610169491,0.6122448979591837,0.32565916668073464,-0.015491452991453047,-0.009300434224913778,0.0,0.0,0,auc_gain_too_small|ap_drop_too_large
candidate_eval,cat_member_02|cat_member_03,cat_member_02|cat_member_03,2,0.6,0.35,0.05,0.18,0.7702991452991453,0.40411009600773473,0.5882352941176471,0.7254273504273505,0.2608695652173913,0.9230769230769231,0.5277777777777778,0.4067796610169491,0.6122448979591837,0.32565916668073464,-0.015491452991453047,-0.009470237062295217,0.0,0.0,0,auc_gain_too_small|ap_drop_too_large
candidate_eval,cat_member_02|cat_member_03,cat_member_02|cat_member_03,2,0.15,0.75,0.1,0.14,0.7702991452991453,0.4026266243590244,0.5764705882352941,0.718482905982906,0.2553191489361702,0.9230769230769231,0.5138888888888888,0.4,0.6060606060606061,0.31633311383796653,-0.015491452991453047,-0.010953708711005539,-0.00618429189857761,-0.009326052842768107,0,auc_gain_too_small|f2_drop_too_large|ap_drop_too_large
candidate_eval,cat_member_01|cat_member_04,cat_member_01|cat_member_04,2,0.6,0.3,0.1,0.24,0.7702991452991453,0.4026010653022509,0.6,0.7323717948717949,0.26666666666666666,0.9230769230769231,0.5416666666666666,0.4137931034482759,0.6185567010309279,0.3351313685527426,-0.015491452991453047,-0.010979267767779022,0.006311803071744171,0.00947220187200798,0,auc_gain_too_small|ap_drop_too_large
candidate_eval,cat_member_01|cat_member_04,cat_member_01|cat_member_04,2,0.35,0.5,0.15,0.22,0.7702991452991453,0.40199590832583154,0.5882352941176471,0.7254273504273505,0.2608695652173913,0.9230769230769231,0.5277777777777778,0.4067796610169491,0.6122448979591837,0.32565916668073464,-0.015491452991453047,-0.011584424744198407,0.0,0.0,0,auc_gain_too_small|ap_drop_too_large
candidate_eval,cat_member_01|cat_member_04,cat_member_01|cat_member_04,2,0.45,0.45,0.1,0.2,0.7702991452991453,0.40199590832583154,0.5882352941176471,0.7254273504273505,0.2608695652173913,0.9230769230769231,0.5277777777777778,0.4067796610169491,0.6122448979591837,0.32565916668073464,-0.015491452991453047,-0.011584424744198407,0.0,0.0,0,auc_gain_too_small|ap_drop_too_large
candidate_eval,cat_member_03|cat_member_04,cat_member_03|cat_member_04,2,0.4,0.5,0.1,0.2,0.7702991452991453,0.40199590832583154,0.5882352941176471,0.7254273504273505,0.2608695652173913,0.9230769230769231,0.5277777777777778,0.4067796610169491,0.6122448979591837,0.32565916668073464,-0.015491452991453047,-0.011584424744198407,0.0,0.0,0,auc_gain_too_small|ap_drop_too_large
candidate_eval,cat_member_01|cat_member_04,cat_member_01|cat_member_04,2,0.55,0.35,0.1,0.2,0.7702991452991453,0.40162562395804524,0.5882352941176471,0.7254273504273505,0.2608695652173913,0.9230769230769231,0.5277777777777778,0.4067796610169491,0.6122448979591837,0.32565916668073464,-0.015491452991453047,-0.011954709111984707,0.0,0.0,0,auc_gain_too_small|ap_drop_too_large
candidate_eval,cat_member_04,cat_member_04,1,0.35,0.55,0.1,0.21,0.7702991452991453,0.39912277526693996,0.5882352941176471,0.7254273504273505,0.2608695652173913,0.9230769230769231,0.5277777777777778,0.4067796610169491,0.6122448979591837,0.32565916668073464,-0.015491452991453047,-0.014457557803089993,0.0,0.0,0,auc_gain_too_small|ap_drop_too_large
candidate_eval,cat_member_04,cat_member_04,1,0.75,0.2,0.05,0.21,0.7702991452991453,0.3979459454572576,0.6,0.7323717948717949,0.26666666666666666,0.9230769230769231,0.5416666666666666,0.4137931034482759,0.6185567010309279,0.3351313685527426,-0.015491452991453047,-0.01563438761277236,0.006311803071744171,0.00947220187200798,0,auc_gain_too_small|ap_drop_too_large
candidate_eval,cat_member_01|cat_member_04,cat_member_01|cat_member_04,2,0.75,0.2,0.05,0.21,0.7702991452991453,0.3979459454572576,0.6,0.7323717948717949,0.26666666666666666,0.9230769230769231,0.5416666666666666,0.4137931034482759,0.6185567010309279,0.3351313685527426,-0.015491452991453047,-0.01563438761277236,0.006311803071744171,0.00947220187200798,0,auc_gain_too_small|ap_drop_too_large
candidate_eval,cat_member_03|cat_member_04,cat_member_03|cat_member_04,2,0.75,0.2,0.05,0.2,0.7702991452991453,0.39755146813970343,0.6,0.7323717948717949,0.26666666666666666,0.9230769230769231,0.5416666666666666,0.4137931034482759,0.6185567010309279,0.3351313685527426,-0.015491452991453047,-0.016028864930326514,0.006311803071744171,0.00947220187200798,0,auc_gain_too_small|ap_drop_too_large
candidate_eval,cat_member_02|cat_member_04,cat_member_02|cat_member_04,2,0.15,0.75,0.1,0.22,0.7702991452991453,0.3963175111494587,0.5882352941176471,0.7254273504273505,0.2608695652173913,0.9230769230769231,0.5277777777777778,0.4067796610169491,0.6122448979591837,0.32565916668073464,-0.015491452991453047,-0.01726282192057127,0.0,0.0,0,auc_gain_too_small|ap_drop_too_large
candidate_eval,cat_member_03|cat_member_04,cat_member_03|cat_member_04,2,0.05,0.85,0.1,0.15,0.7702991452991453,0.3867455026758938,0.5764705882352941,0.718482905982906,0.2553191489361702,0.9230769230769231,0.5138888888888888,0.4,0.6060606060606061,0.31633311383796653,-0.015491452991453047,-0.026834830394136144,-0.00618429189857761,-0.009326052842768107,0,auc_gain_too_small|f2_drop_too_large|ap_drop_too_large
candidate_eval,cat_member_04,cat_member_04,1,0.15,0.75,0.1,0.22,0.7702991452991453,0.384175066231076,0.5882352941176471,0.7254273504273505,0.2608695652173913,0.9230769230769231,0.5277777777777778,0.4067796610169491,0.6122448979591837,0.32565916668073464,-0.015491452991453047,-0.029405266838953947,0.0,0.0,0,auc_gain_too_small|ap_drop_too_large
candidate_eval,cat_member_01|cat_member_04,cat_member_01|cat_member_04,2,0.15,0.75,0.1,0.22,0.7702991452991453,0.3820816860907579,0.5882352941176471,0.7254273504273505,0.2608695652173913,0.9230769230769231,0.5277777777777778,0.4067796610169491,0.6122448979591837,0.32565916668073464,-0.015491452991453047,-0.03149864697927207,0.0,0.0,0,auc_gain_too_small|ap_drop_too_large
candidate_eval,cat_member_02,cat_member_02,1,0.15,0.75,0.1,0.14,0.7702991452991452,0.4117724063376237,0.5764705882352941,0.718482905982906,0.2553191489361702,0.9230769230769231,0.5138888888888888,0.4,0.6060606060606061,0.31633311383796653,-0.015491452991453158,-0.001807926732406262,-0.00618429189857761,-0.009326052842768107,0,auc_gain_too_small|f2_drop_too_large
candidate_eval,cat_member_02|cat_member_04,cat_member_02|cat_member_04,2,0.2,0.7,0.1,0.22,0.7702991452991452,0.3995983059282292,0.5882352941176471,0.7254273504273505,0.2608695652173913,0.9230769230769231,0.5277777777777778,0.4067796610169491,0.6122448979591837,0.32565916668073464,-0.015491452991453158,-0.013982027141800746,0.0,0.0,0,auc_gain_too_small|ap_drop_too_large
candidate_eval,cat_member_01,cat_member_01,1,0.5,0.25,0.25,0.25,0.7697649572649574,0.40483087174263643,0.6,0.7323717948717949,0.26666666666666666,0.9230769230769231,0.5416666666666666,0.4137931034482759,0.6185567010309279,0.3351313685527426,-0.01602564102564097,-0.008749461327393515,0.006311803071744171,0.00947220187200798,0,auc_gain_too_small|ap_drop_too_large
candidate_eval,cat_member_03,cat_member_03,1,0.2,0.6,0.2,0.23,0.7697649572649574,0.40467598274322436,0.5882352941176471,0.7254273504273505,0.2608695652173913,0.9230769230769231,0.5277777777777778,0.4067796610169491,0.6122448979591837,0.32565916668073464,-0.01602564102564097,-0.008904350326805588,0.0,0.0,0,auc_gain_too_small|ap_drop_too_large
candidate_eval,cat_member_01|cat_member_03,cat_member_01|cat_member_03,2,0.65,0.25,0.1,0.22,0.7697649572649574,0.3984778629232346,0.6,0.7323717948717949,0.26666666666666666,0.9230769230769231,0.5416666666666666,0.4137931034482759,0.6185567010309279,0.3351313685527426,-0.01602564102564097,-0.015102470146795333,0.006311803071744171,0.00947220187200798,0,auc_gain_too_small|ap_drop_too_large
candidate_eval,cat_member_01,cat_member_01,1,0.65,0.2,0.15,0.22,0.7697649572649573,0.40966894468025694,0.6,0.7323717948717949,0.26666666666666666,0.9230769230769231,0.5416666666666666,0.4137931034482759,0.6185567010309279,0.3351313685527426,-0.01602564102564108,-0.003911388389773007,0.006311803071744171,0.00947220187200798,0,auc_gain_too_small|ap_drop_too_large
candidate_eval,cat_member_01,cat_member_01,1,0.55,0.25,0.2,0.28,0.7697649572649573,0.40904456905588127,0.611764705882353,0.7393162393162394,0.2727272727272727,0.9230769230769231,0.5555555555555556,0.4210526315789473,0.625,0.34476393030979247,-0.01602564102564108,-0.00453576401414868,0.012755102040816313,0.01910476362905783,0,auc_gain_too_small|ap_drop_too_large
candidate_eval,cat_member_01|cat_member_03,cat_member_01|cat_member_03,2,0.6,0.25,0.15,0.23,0.7697649572649573,0.40873427317964484,0.6,0.7323717948717949,0.26666666666666666,0.9230769230769231,0.5416666666666666,0.4137931034482759,0.6185567010309279,0.3351313685527426,-0.01602564102564108,-0.004846059890385113,0.006311803071744171,0.00947220187200798,0,auc_gain_too_small|ap_drop_too_large
candidate_eval,cat_member_01|cat_member_03,cat_member_01|cat_member_03,2,0.05,0.75,0.2,0.25,0.7697649572649573,0.4044668034437855,0.5882352941176471,0.7254273504273505,0.2608695652173913,0.9230769230769231,0.5277777777777778,0.4067796610169491,0.6122448979591837,0.32565916668073464,-0.01602564102564108,-0.009113529626244454,0.0,0.0,0,auc_gain_too_small|ap_drop_too_large
candidate_eval,cat_member_01|cat_member_03,cat_member_01|cat_member_03,2,0.1,0.7,0.2,0.24,0.7697649572649573,0.4044668034437855,0.5882352941176471,0.7254273504273505,0.2608695652173913,0.9230769230769231,0.5277777777777778,0.4067796610169491,0.6122448979591837,0.32565916668073464,-0.01602564102564108,-0.009113529626244454,0.0,0.0,0,auc_gain_too_small|ap_drop_too_large
candidate_eval,cat_member_03,cat_member_03,1,0.2,0.65,0.15,0.22,0.7697649572649573,0.4026266243590244,0.5882352941176471,0.7254273504273505,0.2608695652173913,0.9230769230769231,0.5277777777777778,0.4067796610169491,0.6122448979591837,0.32565916668073464,-0.01602564102564108,-0.010953708711005539,0.0,0.0,0,auc_gain_too_small|ap_drop_too_large
candidate_eval,cat_member_01,cat_member_01,1,0.15,0.65,0.2,0.25,0.7697649572649573,0.401634438133715,0.5882352941176471,0.7254273504273505,0.2608695652173913,0.9230769230769231,0.5277777777777778,0.4067796610169491,0.6122448979591837,0.32565916668073464,-0.01602564102564108,-0.011945894936314927,0.0,0.0,0,auc_gain_too_small|ap_drop_too_large
candidate_eval,cat_member_01|cat_member_03,cat_member_01|cat_member_03,2,0.05,0.8,0.15,0.16,0.7697649572649573,0.40146235410659914,0.5764705882352941,0.718482905982906,0.2553191489361702,0.9230769230769231,0.5138888888888888,0.4,0.6060606060606061,0.31633311383796653,-0.01602564102564108,-0.012117978963430809,-0.00618429189857761,-0.009326052842768107,0,auc_gain_too_small|f2_drop_too_large|ap_drop_too_large
candidate_eval,cat_member_01,cat_member_01,1,0.25,0.6,0.15,0.23,0.7697649572649573,0.40134949591471325,0.5882352941176471,0.7254273504273505,0.2608695652173913,0.9230769230769231,0.5277777777777778,0.4067796610169491,0.6122448979591837,0.32565916668073464,-0.01602564102564108,-0.012230837155316698,0.0,0.0,0,auc_gain_too_small|ap_drop_too_large
candidate_eval,cat_member_01|cat_member_03,cat_member_01|cat_member_03,2,0.4,0.45,0.15,0.21,0.7697649572649573,0.40134949591471325,0.5882352941176471,0.7254273504273505,0.2608695652173913,0.9230769230769231,0.5277777777777778,0.4067796610169491,0.6122448979591837,0.32565916668073464,-0.01602564102564108,-0.012230837155316698,0.0,0.0,0,auc_gain_too_small|ap_drop_too_large
candidate_eval,cat_member_01|cat_member_03,cat_member_01|cat_member_03,2,0.35,0.45,0.2,0.23,0.7697649572649573,0.401091056223989,0.5882352941176471,0.7254273504273505,0.2608695652173913,0.9230769230769231,0.5277777777777778,0.4067796610169491,0.6122448979591837,0.32565916668073464,-0.01602564102564108,-0.012489276846040953,0.0,0.0,0,auc_gain_too_small|ap_drop_too_large
candidate_eval,cat_member_01|cat_member_03,cat_member_01|cat_member_03,2,0.6,0.3,0.1,0.23,0.7697649572649573,0.40094206538743704,0.6,0.7323717948717949,0.26666666666666666,0.9230769230769231,0.5416666666666666,0.4137931034482759,0.6185567010309279,0.3351313685527426,-0.01602564102564108,-0.012638267682592907,0.006311803071744171,0.00947220187200798,0,auc_gain_too_small|ap_drop_too_large
candidate_eval,cat_member_03,cat_member_03,1,0.45,0.4,0.15,0.2,0.7697649572649573,0.3991208042537371,0.5882352941176471,0.7254273504273505,0.2608695652173913,0.9230769230769231,0.5277777777777778,0.4067796610169491,0.6122448979591837,0.32565916668073464,-0.01602564102564108,-0.014459528816292866,0.0,0.0,0,auc_gain_too_small|ap_drop_too_large
candidate_eval,cat_member_01|cat_member_03,cat_member_01|cat_member_03,2,0.55,0.3,0.15,0.24,0.7697649572649573,0.3986286924858289,0.6,0.7323717948717949,0.26666666666666666,0.9230769230769231,0.5416666666666666,0.4137931034482759,0.6185567010309279,0.3351313685527426,-0.01602564102564108,-0.014951640584201065,0.006311803071744171,0.00947220187200798,0,auc_gain_too_small|ap_drop_too_large
candidate_eval,cat_member_01|cat_member_03,cat_member_01|cat_member_03,2,0.45,0.35,0.2,0.26,0.7697649572649573,0.3962268748941379,0.6,0.7323717948717949,0.26666666666666666,0.9230769230769231,0.5416666666666666,0.4137931034482759,0.6185567010309279,0.3351313685527426,-0.01602564102564108,-0.017353458175892067,0.006311803071744171,0.00947220187200798,0,auc_gain_too_small|ap_drop_too_large
candidate_eval,cat_member_01|cat_member_03,cat_member_01|cat_member_03,2,0.4,0.4,0.2,0.22,0.7697649572649573,0.3962268748941379,0.5882352941176471,0.7254273504273505,0.2608695652173913,0.9230769230769231,0.5277777777777778,0.4067796610169491,0.6122448979591837,0.32565916668073464,-0.01602564102564108,-0.017353458175892067,0.0,0.0,0,auc_gain_too_small|ap_drop_too_large
candidate_eval,cat_member_02,cat_member_02,1,0.5,0.4,0.1,0.2,0.7692307692307693,0.4166100960077348,0.5882352941176471,0.7254273504273505,0.2608695652173913,0.9230769230769231,0.5277777777777778,0.4067796610169491,0.6122448979591837,0.32565916668073464,-0.016559829059829112,0.0030297629377048496,0.0,0.0,0,auc_gain_too_small
candidate_eval,cat_member_01|cat_member_02,cat_member_01|cat_member_02,2,0.5,0.35,0.15,0.25,0.7692307692307693,0.4141256239580453,0.6,0.7323717948717949,0.26666666666666666,0.9230769230769231,0.5416666666666666,0.4137931034482759,0.6185567010309279,0.3351313685527426,-0.016559829059829112,0.0005452908880153595,0.006311803071744171,0.00947220187200798,0,auc_gain_too_small
candidate_eval,cat_member_02|cat_member_04,cat_member_02|cat_member_04,2,0.6,0.3,0.1,0.24,0.7692307692307693,0.4141256239580453,0.6,0.7323717948717949,0.26666666666666666,0.9230769230769231,0.5416666666666666,0.4137931034482759,0.6185567010309279,0.3351313685527426,-0.016559829059829112,0.0005452908880153595,0.006311803071744171,0.00947220187200798,0,auc_gain_too_small
candidate_eval,cat_member_02,cat_member_02,1,0.55,0.35,0.1,0.19,0.7692307692307693,0.4141256239580453,0.5882352941176471,0.7254273504273505,0.2608695652173913,0.9230769230769231,0.5277777777777778,0.4067796610169491,0.6122448979591837,0.32565916668073464,-0.016559829059829112,0.0005452908880153595,0.0,0.0,0,auc_gain_too_small
candidate_eval,cat_member_01|cat_member_02,cat_member_01|cat_member_02,2,0.2,0.6,0.2,0.24,0.7692307692307693,0.4120992156043064,0.5882352941176471,0.7254273504273505,0.2608695652173913,0.9230769230769231,0.5277777777777778,0.4067796610169491,0.6122448979591837,0.32565916668073464,-0.016559829059829112,-0.001481117465723547,0.0,0.0,0,auc_gain_too_small
candidate_eval,cat_member_02|cat_member_03,cat_member_02|cat_member_03,2,0.05,0.8,0.15,0.15,0.7692307692307693,0.4044668034437855,0.5764705882352941,0.718482905982906,0.2553191489361702,0.9230769230769231,0.5138888888888888,0.4,0.6060606060606061,0.31633311383796653,-0.016559829059829112,-0.009113529626244454,-0.00618429189857761,-0.009326052842768107,0,auc_gain_too_small|f2_drop_too_large|ap_drop_too_large
candidate_eval,cat_member_02|cat_member_03,cat_member_02|cat_member_03,2,0.35,0.55,0.1,0.2,0.7692307692307693,0.40366939823461556,0.5882352941176471,0.7254273504273505,0.2608695652173913,0.9230769230769231,0.5277777777777778,0.4067796610169491,0.6122448979591837,0.32565916668073464,-0.016559829059829112,-0.009910934835414387,0.0,0.0,0,auc_gain_too_small|ap_drop_too_large
candidate_eval,cat_member_02|cat_member_03,cat_member_02|cat_member_03,2,0.3,0.6,0.1,0.21,0.7692307692307693,0.4036628688163214,0.5882352941176471,0.7254273504273505,0.2608695652173913,0.9230769230769231,0.5277777777777778,0.4067796610169491,0.6122448979591837,0.32565916668073464,-0.016559829059829112,-0.009917464253708541,0.0,0.0,0,auc_gain_too_small|ap_drop_too_large
candidate_eval,cat_member_02|cat_member_04,cat_member_02|cat_member_04,2,0.4,0.5,0.1,0.2,0.7692307692307693,0.4036628688163214,0.5882352941176471,0.7254273504273505,0.2608695652173913,0.9230769230769231,0.5277777777777778,0.4067796610169491,0.6122448979591837,0.32565916668073464,-0.016559829059829112,-0.009917464253708541,0.0,0.0,0,auc_gain_too_small|ap_drop_too_large
candidate_eval,cat_member_02|cat_member_04,cat_member_02|cat_member_04,2,0.45,0.45,0.1,0.2,0.7692307692307693,0.4036628688163214,0.5882352941176471,0.7254273504273505,0.2608695652173913,0.9230769230769231,0.5277777777777778,0.4067796610169491,0.6122448979591837,0.32565916668073464,-0.016559829059829112,-0.009917464253708541,0.0,0.0,0,auc_gain_too_small|ap_drop_too_large
candidate_eval,cat_member_03|cat_member_04,cat_member_03|cat_member_04,2,0.35,0.55,0.1,0.21,0.7692307692307693,0.40245574260919525,0.5882352941176471,0.7254273504273505,0.2608695652173913,0.9230769230769231,0.5277777777777778,0.4067796610169491,0.6122448979591837,0.32565916668073464,-0.016559829059829112,-0.011124590460834693,0.0,0.0,0,auc_gain_too_small|ap_drop_too_large
candidate_eval,cat_member_02|cat_member_03,cat_member_02|cat_member_03,2,0.1,0.75,0.15,0.15,0.7692307692307693,0.40245574260919525,0.5764705882352941,0.718482905982906,0.2553191489361702,0.9230769230769231,0.5138888888888888,0.4,0.6060606060606061,0.31633311383796653,-0.016559829059829112,-0.011124590460834693,-0.00618429189857761,-0.009326052842768107,0,auc_gain_too_small|f2_drop_too_large|ap_drop_too_large
candidate_eval,cat_member_02|cat_member_04,cat_member_02|cat_member_04,2,0.25,0.65,0.1,0.21,0.7692307692307693,0.40134949591471325,0.5882352941176471,0.7254273504273505,0.2608695652173913,0.9230769230769231,0.5277777777777778,0.4067796610169491,0.6122448979591837,0.32565916668073464,-0.016559829059829112,-0.012230837155316698,0.0,0.0,0,auc_gain_too_small|ap_drop_too_large
candidate_eval,cat_member_02|cat_member_04,cat_member_02|cat_member_04,2,0.3,0.6,0.1,0.21,0.7692307692307693,0.40134949591471325,0.5882352941176471,0.7254273504273505,0.2608695652173913,0.9230769230769231,0.5277777777777778,0.4067796610169491,0.6122448979591837,0.32565916668073464,-0.016559829059829112,-0.012230837155316698,0.0,0.0,0,auc_gain_too_small|ap_drop_too_large
candidate_eval,cat_member_03|cat_member_04,cat_member_03|cat_member_04,2,0.45,0.45,0.1,0.2,0.7692307692307693,0.40134949591471325,0.5882352941176471,0.7254273504273505,0.2608695652173913,0.9230769230769231,0.5277777777777778,0.4067796610169491,0.6122448979591837,0.32565916668073464,-0.016559829059829112,-0.012230837155316698,0.0,0.0,0,auc_gain_too_small|ap_drop_too_large
candidate_eval,cat_member_01|cat_member_04,cat_member_01|cat_member_04,2,0.5,0.4,0.1,0.2,0.7692307692307693,0.4011796930773318,0.5882352941176471,0.7254273504273505,0.2608695652173913,0.9230769230769231,0.5277777777777778,0.4067796610169491,0.6122448979591837,0.32565916668073464,-0.016559829059829112,-0.012400639992698137,0.0,0.0,0,auc_gain_too_small|ap_drop_too_large
candidate_eval,cat_member_03|cat_member_04,cat_member_03|cat_member_04,2,0.6,0.3,0.1,0.24,0.7692307692307693,0.3981739474294457,0.6,0.7323717948717949,0.26666666666666666,0.9230769230769231,0.5416666666666666,0.4137931034482759,0.6185567010309279,0.3351313685527426,-0.016559829059829112,-0.015406385640584275,0.006311803071744171,0.00947220187200798,0,auc_gain_too_small|ap_drop_too_large
candidate_eval,cat_member_01|cat_member_04,cat_member_01|cat_member_04,2,0.15,0.7,0.15,0.23,0.7692307692307693,0.3976165895142282,0.5882352941176471,0.7254273504273505,0.2608695652173913,0.9230769230769231,0.5277777777777778,0.4067796610169491,0.6122448979591837,0.32565916668073464,-0.016559829059829112,-0.015963743555801768,0.0,0.0,0,auc_gain_too_small|ap_drop_too_large
candidate_eval,cat_member_01|cat_member_04,cat_member_01|cat_member_04,2,0.65,0.25,0.1,0.25,0.7692307692307693,0.39754458332269205,0.611764705882353,0.7393162393162394,0.2727272727272727,0.9230769230769231,0.5555555555555556,0.4210526315789473,0.625,0.34476393030979247,-0.016559829059829112,-0.016035749747337902,0.012755102040816313,0.01910476362905783,0,auc_gain_too_small|ap_drop_too_large
candidate_eval,cat_member_01|cat_member_04,cat_member_01|cat_member_04,2,0.1,0.75,0.15,0.24,0.7692307692307693,0.3943314131521287,0.5882352941176471,0.7254273504273505,0.2608695652173913,0.9230769230769231,0.5277777777777778,0.4067796610169491,0.6122448979591837,0.32565916668073464,-0.016559829059829112,-0.01924891991790123,0.0,0.0,0,auc_gain_too_small|ap_drop_too_large
candidate_eval,cat_member_01|cat_member_03,cat_member_01|cat_member_03,2,0.35,0.4,0.25,0.28,0.7686965811965812,0.4059361826803687,0.6,0.7323717948717949,0.26666666666666666,0.9230769230769231,0.5416666666666666,0.4137931034482759,0.6185567010309279,0.3351313685527426,-0.017094017094017144,-0.007644150389661264,0.006311803071744171,0.00947220187200798,0,auc_gain_too_small|ap_drop_too_large
candidate_eval,cat_member_01|cat_member_03,cat_member_01|cat_member_03,2,0.15,0.65,0.2,0.24,0.7686965811965812,0.4043003032772853,0.5882352941176471,0.7254273504273505,0.2608695652173913,0.9230769230769231,0.5277777777777778,0.4067796610169491,0.6122448979591837,0.32565916668073464,-0.017094017094017144,-0.00928002979274467,0.0,0.0,0,auc_gain_too_small|ap_drop_too_large
candidate_eval,cat_member_01|cat_member_03,cat_member_01|cat_member_03,2,0.5,0.3,0.2,0.25,0.7686965811965812,0.4038263643940798,0.6,0.7323717948717949,0.26666666666666666,0.9230769230769231,0.5416666666666666,0.4137931034482759,0.6185567010309279,0.3351313685527426,-0.017094017094017144,-0.009753968675950131,0.006311803071744171,0.00947220187200798,0,auc_gain_too_small|ap_drop_too_large
candidate_eval,cat_member_01|cat_member_03,cat_member_01|cat_member_03,2,0.15,0.6,0.25,0.25,0.7686965811965812,0.4029062724714898,0.5882352941176471,0.7254273504273505,0.2608695652173913,0.9230769230769231,0.5277777777777778,0.4067796610169491,0.6122448979591837,0.32565916668073464,-0.017094017094017144,-0.010674060598540147,0.0,0.0,0,auc_gain_too_small|ap_drop_too_large
candidate_eval,cat_member_03,cat_member_03,1,0.25,0.55,0.2,0.22,0.7686965811965812,0.4021570217222391,0.5882352941176471,0.7254273504273505,0.2608695652173913,0.9230769230769231,0.5277777777777778,0.4067796610169491,0.6122448979591837,0.32565916668073464,-0.017094017094017144,-0.011423311347790843,0.0,0.0,0,auc_gain_too_small|ap_drop_too_large
candidate_eval,cat_member_03,cat_member_03,1,0.3,0.5,0.2,0.22,0.7686965811965812,0.4021570217222391,0.5882352941176471,0.7254273504273505,0.2608695652173913,0.9230769230769231,0.5277777777777778,0.4067796610169491,0.6122448979591837,0.32565916668073464,-0.017094017094017144,-0.011423311347790843,0.0,0.0,0,auc_gain_too_small|ap_drop_too_large
candidate_eval,cat_member_01|cat_member_03,cat_member_01|cat_member_03,2,0.3,0.5,0.2,0.23,0.7686965811965812,0.4006438290325758,0.5882352941176471,0.7254273504273505,0.2608695652173913,0.9230769230769231,0.5277777777777778,0.4067796610169491,0.6122448979591837,0.32565916668073464,-0.017094017094017144,-0.012936504037454166,0.0,0.0,0,auc_gain_too_small|ap_drop_too_large
candidate_eval,cat_member_01|cat_member_03,cat_member_01|cat_member_03,2,0.7,0.2,0.1,0.25,0.7686965811965812,0.39249130326941195,0.611764705882353,0.7393162393162394,0.2727272727272727,0.9230769230769231,0.5555555555555556,0.4210526315789473,0.625,0.34476393030979247,-0.017094017094017144,-0.021089029800617998,0.012755102040816313,0.01910476362905783,0,auc_gain_too_small|ap_drop_too_large
candidate_eval,cat_member_03,cat_member_03,1,0.05,0.75,0.2,0.24,0.7686965811965811,0.4020161237485238,0.5882352941176471,0.7254273504273505,0.2608695652173913,0.9230769230769231,0.5277777777777778,0.4067796610169491,0.6122448979591837,0.32565916668073464,-0.017094017094017255,-0.011564209321506147,0.0,0.0,0,auc_gain_too_small|ap_drop_too_large
candidate_eval,cat_member_03,cat_member_03,1,0.1,0.7,0.2,0.23,0.7686965811965811,0.4020161237485238,0.5882352941176471,0.7254273504273505,0.2608695652173913,0.9230769230769231,0.5277777777777778,0.4067796610169491,0.6122448979591837,0.32565916668073464,-0.017094017094017255,-0.011564209321506147,0.0,0.0,0,auc_gain_too_small|ap_drop_too_large
candidate_eval,cat_member_03,cat_member_03,1,0.15,0.65,0.2,0.23,0.7686965811965811,0.4020161237485238,0.5882352941176471,0.7254273504273505,0.2608695652173913,0.9230769230769231,0.5277777777777778,0.4067796610169491,0.6122448979591837,0.32565916668073464,-0.017094017094017255,-0.011564209321506147,0.0,0.0,0,auc_gain_too_small|ap_drop_too_large
candidate_eval,cat_member_03,cat_member_03,1,0.25,0.6,0.15,0.22,0.7686965811965811,0.4020161237485238,0.5882352941176471,0.7254273504273505,0.2608695652173913,0.9230769230769231,0.5277777777777778,0.4067796610169491,0.6122448979591837,0.32565916668073464,-0.017094017094017255,-0.011564209321506147,0.0,0.0,0,auc_gain_too_small|ap_drop_too_large
candidate_eval,cat_member_01|cat_member_02,cat_member_01|cat_member_02,2,0.45,0.4,0.15,0.21,0.7681623931623932,0.41367969307733177,0.5882352941176471,0.7254273504273505,0.2608695652173913,0.9230769230769231,0.5277777777777778,0.4067796610169491,0.6122448979591837,0.32565916668073464,-0.017628205128205177,9.93600073018186e-05,0.0,0.0,0,auc_gain_too_small
candidate_eval,cat_member_01|cat_member_02,cat_member_01|cat_member_02,2,0.15,0.65,0.2,0.24,0.7681623931623932,0.413397223152314,0.5882352941176471,0.7254273504273505,0.2608695652173913,0.9230769230769231,0.5277777777777778,0.4067796610169491,0.6122448979591837,0.32565916668073464,-0.017628205128205177,-0.0001831099177159734,0.0,0.0,0,auc_gain_too_small
candidate_eval,cat_member_01|cat_member_02,cat_member_01|cat_member_02,2,0.25,0.5,0.25,0.25,0.7681623931623932,0.411732620542024,0.5882352941176471,0.7254273504273505,0.2608695652173913,0.9230769230769231,0.5277777777777778,0.4067796610169491,0.6122448979591837,0.32565916668073464,-0.017628205128205177,-0.0018477125280059736,0.0,0.0,0,auc_gain_too_small
candidate_eval,cat_member_01|cat_member_02,cat_member_01|cat_member_02,2,0.55,0.3,0.15,0.24,0.7681623931623932,0.41156152139394275,0.6,0.7323717948717949,0.26666666666666666,0.9230769230769231,0.5416666666666666,0.4137931034482759,0.6185567010309279,0.3351313685527426,-0.017628205128205177,-0.0020188116760871955,0.006311803071744171,0.00947220187200798,0,auc_gain_too_small|ap_drop_too_large
candidate_eval,cat_member_01|cat_member_02,cat_member_01|cat_member_02,2,0.4,0.4,0.2,0.23,0.7681623931623932,0.41156152139394275,0.5882352941176471,0.7254273504273505,0.2608695652173913,0.9230769230769231,0.5277777777777778,0.4067796610169491,0.6122448979591837,0.32565916668073464,-0.017628205128205177,-0.0020188116760871955,0.0,0.0,0,auc_gain_too_small|ap_drop_too_large
candidate_eval,cat_member_01|cat_member_02,cat_member_01|cat_member_02,2,0.25,0.55,0.2,0.24,0.7681623931623932,0.41144362119871203,0.5882352941176471,0.7254273504273505,0.2608695652173913,0.9230769230769231,0.5277777777777778,0.4067796610169491,0.6122448979591837,0.32565916668073464,-0.017628205128205177,-0.00213671187131792,0.0,0.0,0,auc_gain_too_small|ap_drop_too_large
candidate_eval,cat_member_02|cat_member_03,cat_member_02|cat_member_03,2,0.35,0.5,0.15,0.21,0.7681623931623932,0.41144362119871203,0.5882352941176471,0.7254273504273505,0.2608695652173913,0.9230769230769231,0.5277777777777778,0.4067796610169491,0.6122448979591837,0.32565916668073464,-0.017628205128205177,-0.00213671187131792,0.0,0.0,0,auc_gain_too_small|ap_drop_too_large
candidate_eval,cat_member_02|cat_member_03,cat_member_02|cat_member_03,2,0.4,0.45,0.15,0.21,0.7681623931623932,0.41144362119871203,0.5882352941176471,0.7254273504273505,0.2608695652173913,0.9230769230769231,0.5277777777777778,0.4067796610169491,0.6122448979591837,0.32565916668073464,-0.017628205128205177,-0.00213671187131792,0.0,0.0,0,auc_gain_too_small|ap_drop_too_large
candidate_eval,cat_member_01|cat_member_02,cat_member_01|cat_member_02,2,0.05,0.75,0.2,0.16,0.7681623931623932,0.41144362119871203,0.5764705882352941,0.718482905982906,0.2553191489361702,0.9230769230769231,0.5138888888888888,0.4,0.6060606060606061,0.31633311383796653,-0.017628205128205177,-0.00213671187131792,-0.00618429189857761,-0.009326052842768107,0,auc_gain_too_small|f2_drop_too_large|ap_drop_too_large
candidate_eval,cat_member_02,cat_member_02,1,0.6,0.3,0.1,0.23,0.7681623931623932,0.41067394742944563,0.6,0.7323717948717949,0.26666666666666666,0.9230769230769231,0.5416666666666666,0.4137931034482759,0.6185567010309279,0.3351313685527426,-0.017628205128205177,-0.002906385640584319,0.006311803071744171,0.00947220187200798,0,auc_gain_too_small|ap_drop_too_large
candidate_eval,cat_member_02|cat_member_04,cat_member_02|cat_member_04,2,0.5,0.4,0.1,0.2,0.7681623931623932,0.40350058384390985,0.5882352941176471,0.7254273504273505,0.2608695652173913,0.9230769230769231,0.5277777777777778,0.4067796610169491,0.6122448979591837,0.32565916668073464,-0.017628205128205177,-0.010079749226120094,0.0,0.0,0,auc_gain_too_small|ap_drop_too_large
candidate_eval,cat_member_02|cat_member_04,cat_member_02|cat_member_04,2,0.35,0.55,0.1,0.21,0.7681623931623932,0.4030523682058208,0.5882352941176471,0.7254273504273505,0.2608695652173913,0.9230769230769231,0.5277777777777778,0.4067796610169491,0.6122448979591837,0.32565916668073464,-0.017628205128205177,-0.01052796486420915,0.0,0.0,0,auc_gain_too_small|ap_drop_too_large
candidate_eval,cat_member_02|cat_member_04,cat_member_02|cat_member_04,2,0.55,0.35,0.1,0.19,0.7681623931623932,0.40101740810492026,0.5882352941176471,0.7254273504273505,0.2608695652173913,0.9230769230769231,0.5277777777777778,0.4067796610169491,0.6122448979591837,0.32565916668073464,-0.017628205128205177,-0.01256292496510969,0.0,0.0,0,auc_gain_too_small|ap_drop_too_large
candidate_eval,cat_member_03|cat_member_04,cat_member_03|cat_member_04,2,0.1,0.7,0.2,0.24,0.7681623931623932,0.3986294655271042,0.5882352941176471,0.7254273504273505,0.2608695652173913,0.9230769230769231,0.5277777777777778,0.4067796610169491,0.6122448979591837,0.32565916668073464,-0.017628205128205177,-0.014950867542925739,0.0,0.0,0,auc_gain_too_small|ap_drop_too_large
candidate_eval,cat_member_01|cat_member_04,cat_member_01|cat_member_04,2,0.2,0.65,0.15,0.23,0.7681623931623932,0.39861559051322926,0.5882352941176471,0.7254273504273505,0.2608695652173913,0.9230769230769231,0.5277777777777778,0.4067796610169491,0.6122448979591837,0.32565916668073464,-0.017628205128205177,-0.014964742556800692,0.0,0.0,0,auc_gain_too_small|ap_drop_too_large
candidate_eval,cat_member_03|cat_member_04,cat_member_03|cat_member_04,2,0.55,0.35,0.1,0.19,0.7681623931623932,0.39861559051322926,0.5882352941176471,0.7254273504273505,0.2608695652173913,0.9230769230769231,0.5277777777777778,0.4067796610169491,0.6122448979591837,0.32565916668073464,-0.017628205128205177,-0.014964742556800692,0.0,0.0,0,auc_gain_too_small|ap_drop_too_large
candidate_eval,cat_member_02|cat_member_04,cat_member_02|cat_member_04,2,0.75,0.2,0.05,0.2,0.7681623931623932,0.3981633562515915,0.6,0.7323717948717949,0.26666666666666666,0.9230769230769231,0.5416666666666666,0.4137931034482759,0.6185567010309279,0.3351313685527426,-0.017628205128205177,-0.015416976818438455,0.006311803071744171,0.00947220187200798,0,auc_gain_too_small|ap_drop_too_large
candidate_eval,cat_member_04,cat_member_04,1,0.6,0.3,0.1,0.24,0.7681623931623932,0.3967721441045654,0.6,0.7323717948717949,0.26666666666666666,0.9230769230769231,0.5416666666666666,0.4137931034482759,0.6185567010309279,0.3351313685527426,-0.017628205128205177,-0.016808188965464543,0.006311803071744171,0.00947220187200798,0,auc_gain_too_small|ap_drop_too_large
candidate_eval,cat_member_02|cat_member_03,cat_member_02|cat_member_03,2,0.1,0.8,0.1,0.14,0.7681623931623932,0.396455445110922,0.5764705882352941,0.718482905982906,0.2553191489361702,0.9230769230769231,0.5138888888888888,0.4,0.6060606060606061,0.31633311383796653,-0.017628205128205177,-0.017124887959107937,-0.00618429189857761,-0.009326052842768107,0,auc_gain_too_small|f2_drop_too_large|ap_drop_too_large
candidate_eval,cat_member_01|cat_member_02,cat_member_01|cat_member_02,2,0.1,0.8,0.1,0.15,0.7681623931623932,0.3886984426087897,0.5764705882352941,0.718482905982906,0.2553191489361702,0.9230769230769231,0.5138888888888888,0.4,0.6060606060606061,0.31633311383796653,-0.017628205128205177,-0.02488189046124023,-0.00618429189857761,-0.009326052842768107,0,auc_gain_too_small|f2_drop_too_large|ap_drop_too_large
candidate_eval,cat_member_04,cat_member_04,1,0.45,0.45,0.1,0.2,0.7681623931623931,0.39833486348831615,0.5882352941176471,0.7254273504273505,0.2608695652173913,0.9230769230769231,0.5277777777777778,0.4067796610169491,0.6122448979591837,0.32565916668073464,-0.017628205128205288,-0.0152454695817138,0.0,0.0,0,auc_gain_too_small|ap_drop_too_large
candidate_eval,cat_member_01|cat_member_03,cat_member_01|cat_member_03,2,0.1,0.65,0.25,0.25,0.7676282051282052,0.4022957718609892,0.5882352941176471,0.7254273504273505,0.2608695652173913,0.9230769230769231,0.5277777777777778,0.4067796610169491,0.6122448979591837,0.32565916668073464,-0.01816239316239321,-0.011284561209040755,0.0,0.0,0,auc_gain_too_small|ap_drop_too_large
candidate_eval,cat_member_01|cat_member_03,cat_member_01|cat_member_03,2,0.2,0.6,0.2,0.24,0.7676282051282052,0.4022957718609892,0.5882352941176471,0.7254273504273505,0.2608695652173913,0.9230769230769231,0.5277777777777778,0.4067796610169491,0.6122448979591837,0.32565916668073464,-0.01816239316239321,-0.011284561209040755,0.0,0.0,0,auc_gain_too_small|ap_drop_too_large
candidate_eval,cat_member_01|cat_member_03,cat_member_01|cat_member_03,2,0.05,0.7,0.25,0.26,0.7676282051282052,0.40228924244269504,0.5882352941176471,0.7254273504273505,0.2608695652173913,0.9230769230769231,0.5277777777777778,0.4067796610169491,0.6122448979591837,0.32565916668073464,-0.01816239316239321,-0.01129109062733491,0.0,0.0,0,auc_gain_too_small|ap_drop_too_large
candidate_eval,cat_member_01|cat_member_03,cat_member_01|cat_member_03,2,0.4,0.35,0.25,0.27,0.7676282051282052,0.4003298608975764,0.6,0.7323717948717949,0.26666666666666666,0.9230769230769231,0.5416666666666666,0.4137931034482759,0.6185567010309279,0.3351313685527426,-0.01816239316239321,-0.013250472172453565,0.006311803071744171,0.00947220187200798,0,auc_gain_too_small|ap_drop_too_large
candidate_eval,cat_member_01|cat_member_03,cat_member_01|cat_member_03,2,0.2,0.55,0.25,0.25,0.7676282051282052,0.39863276819798554,0.5882352941176471,0.7254273504273505,0.2608695652173913,0.9230769230769231,0.5277777777777778,0.4067796610169491,0.6122448979591837,0.32565916668073464,-0.01816239316239321,-0.014947564872044405,0.0,0.0,0,auc_gain_too_small|ap_drop_too_large
candidate_eval,cat_member_01|cat_member_03,cat_member_01|cat_member_03,2,0.25,0.5,0.25,0.24,0.7676282051282052,0.39863276819798554,0.5882352941176471,0.7254273504273505,0.2608695652173913,0.9230769230769231,0.5277777777777778,0.4067796610169491,0.6122448979591837,0.32565916668073464,-0.01816239316239321,-0.014947564872044405,0.0,0.0,0,auc_gain_too_small|ap_drop_too_large
candidate_eval,cat_member_01|cat_member_03,cat_member_01|cat_member_03,2,0.25,0.55,0.2,0.23,0.7676282051282052,0.39863276819798554,0.5882352941176471,0.7254273504273505,0.2608695652173913,0.9230769230769231,0.5277777777777778,0.4067796610169491,0.6122448979591837,0.32565916668073464,-0.01816239316239321,-0.014947564872044405,0.0,0.0,0,auc_gain_too_small|ap_drop_too_large
candidate_eval,cat_member_03,cat_member_03,1,0.55,0.3,0.15,0.24,0.7676282051282052,0.390009625577341,0.6,0.7323717948717949,0.26666666666666666,0.9230769230769231,0.5416666666666666,0.4137931034482759,0.6185567010309279,0.3351313685527426,-0.01816239316239321,-0.02357070749268897,0.006311803071744171,0.00947220187200798,0,auc_gain_too_small|ap_drop_too_large
candidate_eval,cat_member_01,cat_member_01,1,0.8,0.15,0.05,0.24,0.7676282051282052,0.38831257915290507,0.611764705882353,0.7393162393162394,0.2727272727272727,0.9230769230769231,0.5555555555555556,0.4210526315789473,0.625,0.34476393030979247,-0.01816239316239321,-0.02526775391712488,0.012755102040816313,0.01910476362905783,0,auc_gain_too_small|ap_drop_too_large
candidate_eval,cat_member_01,cat_member_01,1,0.6,0.2,0.2,0.23,0.7676282051282051,0.402589485677721,0.6,0.7323717948717949,0.26666666666666666,0.9230769230769231,0.5416666666666666,0.4137931034482759,0.6185567010309279,0.3351313685527426,-0.01816239316239332,-0.010990847392308933,0.006311803071744171,0.00947220187200798,0,auc_gain_too_small|ap_drop_too_large
candidate_eval,cat_member_02,cat_member_02,1,0.65,0.25,0.1,0.22,0.7670940170940173,0.4042979704652334,0.6,0.7323717948717949,0.26666666666666666,0.9230769230769231,0.5416666666666666,0.4137931034482759,0.6185567010309279,0.3351313685527426,-0.01869658119658113,-0.009282362604796535,0.006311803071744171,0.00947220187200798,0,auc_gain_too_small|ap_drop_too_large
candidate_eval,cat_member_02|cat_member_03,cat_member_02|cat_member_03,2,0.05,0.75,0.2,0.16,0.7670940170940171,0.416348030514886,0.5764705882352941,0.718482905982906,0.2553191489361702,0.9230769230769231,0.5138888888888888,0.4,0.6060606060606061,0.31633311383796653,-0.01869658119658124,0.0027676974448560543,-0.00618429189857761,-0.009326052842768107,0,auc_gain_too_small|f2_drop_too_large
candidate_eval,cat_member_02,cat_member_02,1,0.45,0.4,0.15,0.21,0.7670940170940171,0.4111155905132292,0.5882352941176471,0.7254273504273505,0.2608695652173913,0.9230769230769231,0.5277777777777778,0.4067796610169491,0.6122448979591837,0.32565916668073464,-0.01869658119658124,-0.0024647425568007364,0.0,0.0,0,auc_gain_too_small|ap_drop_too_large
candidate_eval,cat_member_01|cat_member_02,cat_member_01|cat_member_02,2,0.3,0.45,0.25,0.24,0.7670940170940171,0.4111155905132292,0.5882352941176471,0.7254273504273505,0.2608695652173913,0.9230769230769231,0.5277777777777778,0.4067796610169491,0.6122448979591837,0.32565916668073464,-0.01869658119658124,-0.0024647425568007364,0.0,0.0,0,auc_gain_too_small|ap_drop_too_large
candidate_eval,cat_member_01|cat_member_02,cat_member_01|cat_member_02,2,0.35,0.45,0.2,0.23,0.7670940170940171,0.4111155905132292,0.5882352941176471,0.7254273504273505,0.2608695652173913,0.9230769230769231,0.5277777777777778,0.4067796610169491,0.6122448979591837,0.32565916668073464,-0.01869658119658124,-0.0024647425568007364,0.0,0.0,0,auc_gain_too_small|ap_drop_too_large
candidate_eval,cat_member_01|cat_member_02,cat_member_01|cat_member_02,2,0.1,0.7,0.2,0.25,0.7670940170940171,0.4108331205882114,0.5882352941176471,0.7254273504273505,0.2608695652173913,0.9230769230769231,0.5277777777777778,0.4067796610169491,0.6122448979591837,0.32565916668073464,-0.01869658119658124,-0.0027472124818185284,0.0,0.0,0,auc_gain_too_small|ap_drop_too_large
candidate_eval,cat_member_02,cat_member_02,1,0.1,0.75,0.15,0.15,0.7670940170940171,0.4108331205882114,0.5764705882352941,0.718482905982906,0.2553191489361702,0.9230769230769231,0.5138888888888888,0.4,0.6060606060606061,0.31633311383796653,-0.01869658119658124,-0.0027472124818185284,-0.00618429189857761,-0.009326052842768107,0,auc_gain_too_small|f2_drop_too_large|ap_drop_too_large
candidate_eval,cat_member_02,cat_member_02,1,0.15,0.7,0.15,0.15,0.7670940170940171,0.4108331205882114,0.5764705882352941,0.718482905982906,0.2553191489361702,0.9230769230769231,0.5138888888888888,0.4,0.6060606060606061,0.31633311383796653,-0.01869658119658124,-0.0027472124818185284,-0.00618429189857761,-0.009326052842768107,0,auc_gain_too_small|f2_drop_too_large|ap_drop_too_large
candidate_eval,cat_member_01|cat_member_02,cat_member_01|cat_member_02,2,0.35,0.4,0.25,0.27,0.7670940170940171,0.4081098448653431,0.6,0.7323717948717949,0.26666666666666666,0.9230769230769231,0.5416666666666666,0.4137931034482759,0.6185567010309279,0.3351313685527426,-0.01869658119658124,-0.005470488204686874,0.006311803071744171,0.00947220187200798,0,auc_gain_too_small|ap_drop_too_large
candidate_eval,cat_member_01|cat_member_02,cat_member_01|cat_member_02,2,0.45,0.35,0.2,0.25,0.7670940170940171,0.4081098448653431,0.6,0.7323717948717949,0.26666666666666666,0.9230769230769231,0.5416666666666666,0.4137931034482759,0.6185567010309279,0.3351313685527426,-0.01869658119658124,-0.005470488204686874,0.006311803071744171,0.00947220187200798,0,auc_gain_too_small|ap_drop_too_large
candidate_eval,cat_member_02|cat_member_04,cat_member_02|cat_member_04,2,0.5,0.35,0.15,0.21,0.7670940170940171,0.4081098448653431,0.5882352941176471,0.7254273504273505,0.2608695652173913,0.9230769230769231,0.5277777777777778,0.4067796610169491,0.6122448979591837,0.32565916668073464,-0.01869658119658124,-0.005470488204686874,0.0,0.0,0,auc_gain_too_small|ap_drop_too_large
candidate_eval,cat_member_02|cat_member_03,cat_member_02|cat_member_03,2,0.55,0.3,0.15,0.24,0.7670940170940171,0.40530949283178763,0.6,0.7323717948717949,0.26666666666666666,0.9230769230769231,0.5416666666666666,0.4137931034482759,0.6185567010309279,0.3351313685527426,-0.01869658119658124,-0.008270840238242316,0.006311803071744171,0.00947220187200798,0,auc_gain_too_small|ap_drop_too_large
candidate_eval,cat_member_01|cat_member_02,cat_member_01|cat_member_02,2,0.65,0.2,0.15,0.21,0.7670940170940171,0.40220006836733135,0.6,0.7323717948717949,0.26666666666666666,0.9230769230769231,0.5416666666666666,0.4137931034482759,0.6185567010309279,0.3351313685527426,-0.01869658119658124,-0.011380264702698595,0.006311803071744171,0.00947220187200798,0,auc_gain_too_small|ap_drop_too_large
candidate_eval,cat_member_02|cat_member_03,cat_member_02|cat_member_03,2,0.15,0.7,0.15,0.22,0.7670940170940171,0.40167874183219443,0.5882352941176471,0.7254273504273505,0.2608695652173913,0.9230769230769231,0.5277777777777778,0.4067796610169491,0.6122448979591837,0.32565916668073464,-0.01869658119658124,-0.011901591237835518,0.0,0.0,0,auc_gain_too_small|ap_drop_too_large
candidate_eval,cat_member_01|cat_member_04,cat_member_01|cat_member_04,2,0.4,0.45,0.15,0.22,0.7670940170940171,0.40057018091350693,0.5882352941176471,0.7254273504273505,0.2608695652173913,0.9230769230769231,0.5277777777777778,0.4067796610169491,0.6122448979591837,0.32565916668073464,-0.01869658119658124,-0.013010152156523014,0.0,0.0,0,auc_gain_too_small|ap_drop_too_large
candidate_eval,cat_member_02|cat_member_03,cat_member_02|cat_member_03,2,0.8,0.15,0.05,0.19,0.7670940170940171,0.399427014616888,0.6,0.7323717948717949,0.26666666666666666,0.9230769230769231,0.5416666666666666,0.4137931034482759,0.6185567010309279,0.3351313685527426,-0.01869658119658124,-0.014153318453141939,0.006311803071744171,0.00947220187200798,0,auc_gain_too_small|ap_drop_too_large
candidate_eval,cat_member_03|cat_member_04,cat_member_03|cat_member_04,2,0.35,0.5,0.15,0.21,0.7670940170940171,0.39863276819798554,0.5882352941176471,0.7254273504273505,0.2608695652173913,0.9230769230769231,0.5277777777777778,0.4067796610169491,0.6122448979591837,0.32565916668073464,-0.01869658119658124,-0.014947564872044405,0.0,0.0,0,auc_gain_too_small|ap_drop_too_large
candidate_eval,cat_member_03|cat_member_04,cat_member_03|cat_member_04,2,0.4,0.45,0.15,0.21,0.7670940170940171,0.39863276819798554,0.5882352941176471,0.7254273504273505,0.2608695652173913,0.9230769230769231,0.5277777777777778,0.4067796610169491,0.6122448979591837,0.32565916668073464,-0.01869658119658124,-0.014947564872044405,0.0,0.0,0,auc_gain_too_small|ap_drop_too_large
candidate_eval,cat_member_01|cat_member_02,cat_member_01|cat_member_02,2,0.05,0.8,0.15,0.15,0.7670940170940171,0.3983584382520552,0.5764705882352941,0.718482905982906,0.2553191489361702,0.9230769230769231,0.5138888888888888,0.4,0.6060606060606061,0.31633311383796653,-0.01869658119658124,-0.015221894817974757,-0.00618429189857761,-0.009326052842768107,0,auc_gain_too_small|f2_drop_too_large|ap_drop_too_large
candidate_eval,cat_member_04,cat_member_04,1,0.65,0.25,0.1,0.23,0.7670940170940171,0.39831926084155556,0.6,0.7323717948717949,0.26666666666666666,0.9230769230769231,0.5416666666666666,0.4137931034482759,0.6185567010309279,0.3351313685527426,-0.01869658119658124,-0.015261072228474393,0.006311803071744171,0.00947220187200798,0,auc_gain_too_small|ap_drop_too_large
candidate_eval,cat_member_01|cat_member_04,cat_member_01|cat_member_04,2,0.25,0.6,0.15,0.23,0.7670940170940171,0.39816836332181593,0.5882352941176471,0.7254273504273505,0.2608695652173913,0.9230769230769231,0.5277777777777778,0.4067796610169491,0.6122448979591837,0.32565916668073464,-0.01869658119658124,-0.015411969748214016,0.0,0.0,0,auc_gain_too_small|ap_drop_too_large
candidate_eval,cat_member_01|cat_member_04,cat_member_01|cat_member_04,2,0.3,0.55,0.15,0.22,0.7670940170940171,0.39816836332181593,0.5882352941176471,0.7254273504273505,0.2608695652173913,0.9230769230769231,0.5277777777777778,0.4067796610169491,0.6122448979591837,0.32565916668073464,-0.01869658119658124,-0.015411969748214016,0.0,0.0,0,auc_gain_too_small|ap_drop_too_large
candidate_eval,cat_member_02|cat_member_04,cat_member_02|cat_member_04,2,0.15,0.7,0.15,0.23,0.7670940170940171,0.39816836332181593,0.5882352941176471,0.7254273504273505,0.2608695652173913,0.9230769230769231,0.5277777777777778,0.4067796610169491,0.6122448979591837,0.32565916668073464,-0.01869658119658124,-0.015411969748214016,0.0,0.0,0,auc_gain_too_small|ap_drop_too_large
candidate_eval,cat_member_03|cat_member_04,cat_member_03|cat_member_04,2,0.5,0.4,0.1,0.2,0.7670940170940171,0.39816836332181593,0.5882352941176471,0.7254273504273505,0.2608695652173913,0.9230769230769231,0.5277777777777778,0.4067796610169491,0.6122448979591837,0.32565916668073464,-0.01869658119658124,-0.015411969748214016,0.0,0.0,0,auc_gain_too_small|ap_drop_too_large
candidate_eval,cat_member_03|cat_member_04,cat_member_03|cat_member_04,2,0.05,0.7,0.25,0.25,0.7670940170940171,0.3980189649166036,0.5882352941176471,0.7254273504273505,0.2608695652173913,0.9230769230769231,0.5277777777777778,0.4067796610169491,0.6122448979591837,0.32565916668073464,-0.01869658119658124,-0.015561368153426347,0.0,0.0,0,auc_gain_too_small|ap_drop_too_large
candidate_eval,cat_member_04,cat_member_04,1,0.4,0.5,0.1,0.21,0.7670940170940171,0.39772436287781554,0.5882352941176471,0.7254273504273505,0.2608695652173913,0.9230769230769231,0.5277777777777778,0.4067796610169491,0.6122448979591837,0.32565916668073464,-0.01869658119658124,-0.015855970192214408,0.0,0.0,0,auc_gain_too_small|ap_drop_too_large
candidate_eval,cat_member_04,cat_member_04,1,0.5,0.4,0.1,0.2,0.7670940170940171,0.3972807893573189,0.5882352941176471,0.7254273504273505,0.2608695652173913,0.9230769230769231,0.5277777777777778,0.4067796610169491,0.6122448979591837,0.32565916668073464,-0.01869658119658124,-0.01629954371271103,0.0,0.0,0,auc_gain_too_small|ap_drop_too_large
candidate_eval,cat_member_03|cat_member_04,cat_member_03|cat_member_04,2,0.05,0.75,0.2,0.24,0.7670940170940171,0.39683009530668134,0.5882352941176471,0.7254273504273505,0.2608695652173913,0.9230769230769231,0.5277777777777778,0.4067796610169491,0.6122448979591837,0.32565916668073464,-0.01869658119658124,-0.016750237763348608,0.0,0.0,0,auc_gain_too_small|ap_drop_too_large
candidate_eval,cat_member_01|cat_member_04,cat_member_01|cat_member_04,2,0.1,0.7,0.2,0.25,0.7670940170940171,0.3963531470743151,0.5882352941176471,0.7254273504273505,0.2608695652173913,0.9230769230769231,0.5277777777777778,0.4067796610169491,0.6122448979591837,0.32565916668073464,-0.01869658119658124,-0.017227185995714822,0.0,0.0,0,auc_gain_too_small|ap_drop_too_large
candidate_eval,cat_member_01|cat_member_04,cat_member_01|cat_member_04,2,0.15,0.65,0.2,0.25,0.7670940170940171,0.3963531470743151,0.5882352941176471,0.7254273504273505,0.2608695652173913,0.9230769230769231,0.5277777777777778,0.4067796610169491,0.6122448979591837,0.32565916668073464,-0.01869658119658124,-0.017227185995714822,0.0,0.0,0,auc_gain_too_small|ap_drop_too_large
candidate_eval,cat_member_01|cat_member_04,cat_member_01|cat_member_04,2,0.5,0.35,0.15,0.26,0.7670940170940171,0.39544755989293157,0.6,0.7323717948717949,0.26666666666666666,0.9230769230769231,0.5416666666666666,0.4137931034482759,0.6185567010309279,0.3351313685527426,-0.01869658119658124,-0.018132773177098382,0.006311803071744171,0.00947220187200798,0,auc_gain_too_small|ap_drop_too_large
candidate_eval,cat_member_03|cat_member_04,cat_member_03|cat_member_04,2,0.1,0.75,0.15,0.23,0.7670940170940171,0.39517778899850464,0.5882352941176471,0.7254273504273505,0.2608695652173913,0.9230769230769231,0.5277777777777778,0.4067796610169491,0.6122448979591837,0.32565916668073464,-0.01869658119658124,-0.018402544071525306,0.0,0.0,0,auc_gain_too_small|ap_drop_too_large
candidate_eval,cat_member_04,cat_member_04,1,0.55,0.35,0.1,0.2,0.7670940170940171,0.3951639139846296,0.5882352941176471,0.7254273504273505,0.2608695652173913,0.9230769230769231,0.5277777777777778,0.4067796610169491,0.6122448979591837,0.32565916668073464,-0.01869658119658124,-0.01841641908540037,0.0,0.0,0,auc_gain_too_small|ap_drop_too_large
candidate_eval,cat_member_02,cat_member_02,1,0.1,0.8,0.1,0.14,0.7670940170940171,0.39507326188995584,0.5764705882352941,0.718482905982906,0.2553191489361702,0.9230769230769231,0.5138888888888888,0.4,0.6060606060606061,0.31633311383796653,-0.01869658119658124,-0.01850707118007411,-0.00618429189857761,-0.009326052842768107,0,auc_gain_too_small|f2_drop_too_large|ap_drop_too_large
candidate_eval,cat_member_03|cat_member_04,cat_member_03|cat_member_04,2,0.65,0.25,0.1,0.23,0.7670940170940171,0.3945151589605306,0.6,0.7323717948717949,0.26666666666666666,0.9230769230769231,0.5416666666666666,0.4137931034482759,0.6185567010309279,0.3351313685527426,-0.01869658119658124,-0.019065174109499372,0.006311803071744171,0.00947220187200798,0,auc_gain_too_small|ap_drop_too_large
candidate_eval,cat_member_01|cat_member_04,cat_member_01|cat_member_04,2,0.7,0.2,0.1,0.21,0.7670940170940171,0.39388985197808724,0.6,0.7323717948717949,0.26666666666666666,0.9230769230769231,0.5416666666666666,0.4137931034482759,0.6185567010309279,0.3351313685527426,-0.01869658119658124,-0.019690481091942713,0.006311803071744171,0.00947220187200798,0,auc_gain_too_small|ap_drop_too_large
candidate_eval,cat_member_01|cat_member_04,cat_member_01|cat_member_04,2,0.6,0.25,0.15,0.24,0.7670940170940171,0.3932654763537117,0.6,0.7323717948717949,0.26666666666666666,0.9230769230769231,0.5416666666666666,0.4137931034482759,0.6185567010309279,0.3351313685527426,-0.01869658119658124,-0.020314856716318275,0.006311803071744171,0.00947220187200798,0,auc_gain_too_small|ap_drop_too_large
candidate_eval,cat_member_01|cat_member_04,cat_member_01|cat_member_04,2,0.55,0.3,0.15,0.25,0.7670940170940171,0.39295750373561245,0.6,0.7323717948717949,0.26666666666666666,0.9230769230769231,0.5416666666666666,0.4137931034482759,0.6185567010309279,0.3351313685527426,-0.01869658119658124,-0.020622829334417503,0.006311803071744171,0.00947220187200798,0,auc_gain_too_small|ap_drop_too_large
candidate_eval,cat_member_03|cat_member_04,cat_member_03|cat_member_04,2,0.7,0.2,0.1,0.21,0.7670940170940171,0.3914848559302275,0.6,0.7323717948717949,0.26666666666666666,0.9230769230769231,0.5416666666666666,0.4137931034482759,0.6185567010309279,0.3351313685527426,-0.01869658119658124,-0.022095477139802422,0.006311803071744171,0.00947220187200798,0,auc_gain_too_small|ap_drop_too_large
candidate_eval,cat_member_03|cat_member_04,cat_member_03|cat_member_04,2,0.8,0.15,0.05,0.19,0.7670940170940171,0.3894646831298415,0.6,0.7323717948717949,0.26666666666666666,0.9230769230769231,0.5416666666666666,0.4137931034482759,0.6185567010309279,0.3351313685527426,-0.01869658119658124,-0.024115649940188444,0.006311803071744171,0.00947220187200798,0,auc_gain_too_small|ap_drop_too_large
candidate_eval,cat_member_02,cat_member_02,1,0.25,0.6,0.15,0.22,0.767094017094017,0.41128539335061076,0.5882352941176471,0.7254273504273505,0.2608695652173913,0.9230769230769231,0.5277777777777778,0.4067796610169491,0.6122448979591837,0.32565916668073464,-0.018696581196581352,-0.0022949397194191867,0.0,0.0,0,auc_gain_too_small|ap_drop_too_large
candidate_eval,cat_member_01|cat_member_02,cat_member_01|cat_member_02,2,0.2,0.55,0.25,0.25,0.767094017094017,0.41128539335061076,0.5882352941176471,0.7254273504273505,0.2608695652173913,0.9230769230769231,0.5277777777777778,0.4067796610169491,0.6122448979591837,0.32565916668073464,-0.018696581196581352,-0.0022949397194191867,0.0,0.0,0,auc_gain_too_small|ap_drop_too_large
candidate_eval,cat_member_01|cat_member_02,cat_member_01|cat_member_02,2,0.3,0.5,0.2,0.23,0.767094017094017,0.41128539335061076,0.5882352941176471,0.7254273504273505,0.2608695652173913,0.9230769230769231,0.5277777777777778,0.4067796610169491,0.6122448979591837,0.32565916668073464,-0.018696581196581352,-0.0022949397194191867,0.0,0.0,0,auc_gain_too_small|ap_drop_too_large
candidate_eval,cat_member_01|cat_member_02,cat_member_01|cat_member_02,2,0.1,0.65,0.25,0.26,0.767094017094017,0.409181177759798,0.5882352941176471,0.7254273504273505,0.2608695652173913,0.9230769230769231,0.5277777777777778,0.4067796610169491,0.6122448979591837,0.32565916668073464,-0.018696581196581352,-0.004399155310231939,0.0,0.0,0,auc_gain_too_small|ap_drop_too_large
candidate_eval,cat_member_02|cat_member_03,cat_member_02|cat_member_03,2,0.2,0.6,0.2,0.23,0.767094017094017,0.409181177759798,0.5882352941176471,0.7254273504273505,0.2608695652173913,0.9230769230769231,0.5277777777777778,0.4067796610169491,0.6122448979591837,0.32565916668073464,-0.018696581196581352,-0.004399155310231939,0.0,0.0,0,auc_gain_too_small|ap_drop_too_large
candidate_eval,cat_member_02|cat_member_03,cat_member_02|cat_member_03,2,0.3,0.55,0.15,0.21,0.767094017094017,0.409181177759798,0.5882352941176471,0.7254273504273505,0.2608695652173913,0.9230769230769231,0.5277777777777778,0.4067796610169491,0.6122448979591837,0.32565916668073464,-0.018696581196581352,-0.004399155310231939,0.0,0.0,0,auc_gain_too_small|ap_drop_too_large
candidate_eval,cat_member_02|cat_member_03,cat_member_02|cat_member_03,2,0.75,0.2,0.05,0.2,0.767094017094017,0.4022791898014846,0.6,0.7323717948717949,0.26666666666666666,0.9230769230769231,0.5416666666666666,0.4137931034482759,0.6185567010309279,0.3351313685527426,-0.018696581196581352,-0.011301143268545366,0.006311803071744171,0.00947220187200798,0,auc_gain_too_small|ap_drop_too_large
candidate_eval,cat_member_03|cat_member_04,cat_member_03|cat_member_04,2,0.25,0.55,0.2,0.23,0.767094017094017,0.39818876775398504,0.5882352941176471,0.7254273504273505,0.2608695652173913,0.9230769230769231,0.5277777777777778,0.4067796610169491,0.6122448979591837,0.32565916668073464,-0.018696581196581352,-0.015391565316044908,0.0,0.0,0,auc_gain_too_small|ap_drop_too_large
candidate_eval,cat_member_03|cat_member_04,cat_member_03|cat_member_04,2,0.15,0.7,0.15,0.23,0.767094017094017,0.398182238335691,0.5882352941176471,0.7254273504273505,0.2608695652173913,0.9230769230769231,0.5277777777777778,0.4067796610169491,0.6122448979591837,0.32565916668073464,-0.018696581196581352,-0.015398094734338952,0.0,0.0,0,auc_gain_too_small|ap_drop_too_large
candidate_eval,cat_member_03|cat_member_04,cat_member_03|cat_member_04,2,0.2,0.65,0.15,0.22,0.767094017094017,0.398182238335691,0.5882352941176471,0.7254273504273505,0.2608695652173913,0.9230769230769231,0.5277777777777778,0.4067796610169491,0.6122448979591837,0.32565916668073464,-0.018696581196581352,-0.015398094734338952,0.0,0.0,0,auc_gain_too_small|ap_drop_too_large
candidate_eval,cat_member_03|cat_member_04,cat_member_03|cat_member_04,2,0.25,0.6,0.15,0.22,0.767094017094017,0.398182238335691,0.5882352941176471,0.7254273504273505,0.2608695652173913,0.9230769230769231,0.5277777777777778,0.4067796610169491,0.6122448979591837,0.32565916668073464,-0.018696581196581352,-0.015398094734338952,0.0,0.0,0,auc_gain_too_small|ap_drop_too_large
candidate_eval,cat_member_01|cat_member_02,cat_member_01|cat_member_02,2,0.05,0.85,0.1,0.14,0.767094017094017,0.3836148007604421,0.5764705882352941,0.718482905982906,0.2553191489361702,0.9230769230769231,0.5138888888888888,0.4,0.6060606060606061,0.31633311383796653,-0.018696581196581352,-0.029965532309587872,-0.00618429189857761,-0.009326052842768107,0,auc_gain_too_small|f2_drop_too_large|ap_drop_too_large
candidate_eval,cat_member_02|cat_member_04,cat_member_02|cat_member_04,2,0.1,0.8,0.1,0.15,0.767094017094017,0.38287601112901126,0.5764705882352941,0.718482905982906,0.2553191489361702,0.9230769230769231,0.5138888888888888,0.4,0.6060606060606061,0.31633311383796653,-0.018696581196581352,-0.030704321941018686,-0.00618429189857761,-0.009326052842768107,0,auc_gain_too_small|f2_drop_too_large|ap_drop_too_large
candidate_eval,cat_member_03,cat_member_03,1,0.1,0.65,0.25,0.24,0.7665598290598292,0.40174515288931767,0.5882352941176471,0.7254273504273505,0.2608695652173913,0.9230769230769231,0.5277777777777778,0.4067796610169491,0.6122448979591837,0.32565916668073464,-0.019230769230769162,-0.01183518018071228,0.0,0.0,0,auc_gain_too_small|ap_drop_too_large
candidate_eval,cat_member_03,cat_member_03,1,0.05,0.7,0.25,0.24,0.7665598290598291,0.40462462635702645,0.5882352941176471,0.7254273504273505,0.2608695652173913,0.9230769230769231,0.5277777777777778,0.4067796610169491,0.6122448979591837,0.32565916668073464,-0.019230769230769273,-0.008955706713003497,0.0,0.0,0,auc_gain_too_small|ap_drop_too_large
candidate_eval,cat_member_01,cat_member_01,1,0.75,0.15,0.1,0.2,0.7665598290598291,0.3986098680103205,0.6,0.7323717948717949,0.26666666666666666,0.9230769230769231,0.5416666666666666,0.4137931034482759,0.6185567010309279,0.3351313685527426,-0.019230769230769273,-0.014970465059709448,0.006311803071744171,0.00947220187200798,0,auc_gain_too_small|ap_drop_too_large
candidate_eval,cat_member_01|cat_member_03,cat_member_01|cat_member_03,2,0.45,0.3,0.25,0.25,0.7665598290598291,0.39683335740107284,0.6,0.7323717948717949,0.26666666666666666,0.9230769230769231,0.5416666666666666,0.4137931034482759,0.6185567010309279,0.3351313685527426,-0.019230769230769273,-0.01674697566895711,0.006311803071744171,0.00947220187200798,0,auc_gain_too_small|ap_drop_too_large
candidate_eval,cat_member_03,cat_member_03,1,0.35,0.45,0.2,0.22,0.7665598290598291,0.3951640147292321,0.5882352941176471,0.7254273504273505,0.2608695652173913,0.9230769230769231,0.5277777777777778,0.4067796610169491,0.6122448979591837,0.32565916668073464,-0.019230769230769273,-0.01841631834079782,0.0,0.0,0,auc_gain_too_small|ap_drop_too_large
candidate_eval,cat_member_03,cat_member_03,1,0.35,0.4,0.25,0.22,0.7665598290598291,0.393115242936352,0.5882352941176471,0.7254273504273505,0.2608695652173913,0.9230769230769231,0.5277777777777778,0.4067796610169491,0.6122448979591837,0.32565916668073464,-0.019230769230769273,-0.02046509013367792,0.0,0.0,0,auc_gain_too_small|ap_drop_too_large
candidate_eval,cat_member_01|cat_member_03,cat_member_01|cat_member_03,2,0.3,0.45,0.25,0.24,0.7665598290598291,0.39266973897914237,0.5882352941176471,0.7254273504273505,0.2608695652173913,0.9230769230769231,0.5277777777777778,0.4067796610169491,0.6122448979591837,0.32565916668073464,-0.019230769230769273,-0.02091059409088758,0.0,0.0,0,auc_gain_too_small|ap_drop_too_large
candidate_eval,cat_member_03,cat_member_03,1,0.65,0.25,0.1,0.22,0.7665598290598291,0.39008716241958374,0.6,0.7323717948717949,0.26666666666666666,0.9230769230769231,0.5416666666666666,0.4137931034482759,0.6185567010309279,0.3351313685527426,-0.019230769230769273,-0.023493170650446205,0.006311803071744171,0.00947220187200798,0,auc_gain_too_small|ap_drop_too_large
candidate_eval,cat_member_03,cat_member_03,1,0.8,0.15,0.05,0.19,0.7665598290598291,0.38692875751699274,0.6,0.7323717948717949,0.26666666666666666,0.9230769230769231,0.5416666666666666,0.4137931034482759,0.6185567010309279,0.3351313685527426,-0.019230769230769273,-0.02665157555303721,0.006311803071744171,0.00947220187200798,0,auc_gain_too_small|ap_drop_too_large
candidate_eval,cat_member_03,cat_member_03,1,0.15,0.6,0.25,0.24,0.766559829059829,0.3976999403420808,0.5882352941176471,0.7254273504273505,0.2608695652173913,0.9230769230769231,0.5277777777777778,0.4067796610169491,0.6122448979591837,0.32565916668073464,-0.019230769230769384,-0.015880392727949166,0.0,0.0,0,auc_gain_too_small|ap_drop_too_large
candidate_eval,cat_member_02,cat_member_02,1,0.7,0.2,0.1,0.2,0.7660256410256412,0.40165127006212276,0.6,0.7323717948717949,0.26666666666666666,0.9230769230769231,0.5416666666666666,0.4137931034482759,0.6185567010309279,0.3351313685527426,-0.019764957264957195,-0.011929063007907192,0.006311803071744171,0.00947220187200798,0,auc_gain_too_small|ap_drop_too_large
candidate_eval,cat_member_02,cat_member_02,1,0.3,0.55,0.15,0.22,0.7660256410256411,0.410668363321816,0.5882352941176471,0.7254273504273505,0.2608695652173913,0.9230769230769231,0.5277777777777778,0.4067796610169491,0.6122448979591837,0.32565916668073464,-0.019764957264957306,-0.0029119697482139495,0.0,0.0,0,auc_gain_too_small|ap_drop_too_large
candidate_eval,cat_member_02,cat_member_02,1,0.35,0.5,0.15,0.21,0.7660256410256411,0.410668363321816,0.5882352941176471,0.7254273504273505,0.2608695652173913,0.9230769230769231,0.5277777777777778,0.4067796610169491,0.6122448979591837,0.32565916668073464,-0.019764957264957306,-0.0029119697482139495,0.0,0.0,0,auc_gain_too_small|ap_drop_too_large
candidate_eval,cat_member_02,cat_member_02,1,0.4,0.45,0.15,0.21,0.7660256410256411,0.410668363321816,0.5882352941176471,0.7254273504273505,0.2608695652173913,0.9230769230769231,0.5277777777777778,0.4067796610169491,0.6122448979591837,0.32565916668073464,-0.019764957264957306,-0.0029119697482139495,0.0,0.0,0,auc_gain_too_small|ap_drop_too_large
candidate_eval,cat_member_02|cat_member_04,cat_member_02|cat_member_04,2,0.45,0.4,0.15,0.21,0.7660256410256411,0.4088531470743152,0.5882352941176471,0.7254273504273505,0.2608695652173913,0.9230769230769231,0.5277777777777778,0.4067796610169491,0.6122448979591837,0.32565916668073464,-0.019764957264957306,-0.0047271859957147555,0.0,0.0,0,auc_gain_too_small|ap_drop_too_large
candidate_eval,cat_member_02|cat_member_03,cat_member_02|cat_member_03,2,0.45,0.4,0.15,0.2,0.7660256410256411,0.4055596983938169,0.5882352941176471,0.7254273504273505,0.2608695652173913,0.9230769230769231,0.5277777777777778,0.4067796610169491,0.6122448979591837,0.32565916668073464,-0.019764957264957306,-0.008020634676213056,0.0,0.0,0,auc_gain_too_small|ap_drop_too_large
candidate_eval,cat_member_01|cat_member_02,cat_member_01|cat_member_02,2,0.5,0.3,0.2,0.24,0.7660256410256411,0.40461334136883964,0.6,0.7323717948717949,0.26666666666666666,0.9230769230769231,0.5416666666666666,0.4137931034482759,0.6185567010309279,0.3351313685527426,-0.019764957264957306,-0.008966991701190308,0.006311803071744171,0.00947220187200798,0,auc_gain_too_small|ap_drop_too_large
candidate_eval,cat_member_02|cat_member_03,cat_member_02|cat_member_03,2,0.5,0.35,0.15,0.2,0.7660256410256411,0.4030470493928735,0.5882352941176471,0.7254273504273505,0.2608695652173913,0.9230769230769231,0.5277777777777778,0.4067796610169491,0.6122448979591837,0.32565916668073464,-0.019764957264957306,-0.010533283677156446,0.0,0.0,0,auc_gain_too_small|ap_drop_too_large
candidate_eval,cat_member_02,cat_member_02,1,0.75,0.2,0.05,0.2,0.7660256410256411,0.40172648463582905,0.6,0.7323717948717949,0.26666666666666666,0.9230769230769231,0.5416666666666666,0.4137931034482759,0.6185567010309279,0.3351313685527426,-0.019764957264957306,-0.011853848434200898,0.006311803071744171,0.00947220187200798,0,auc_gain_too_small|ap_drop_too_large
candidate_eval,cat_member_02|cat_member_03,cat_member_02|cat_member_03,2,0.45,0.35,0.2,0.25,0.7660256410256411,0.401653018587078,0.6,0.7323717948717949,0.26666666666666666,0.9230769230769231,0.5416666666666666,0.4137931034482759,0.6185567010309279,0.3351313685527426,-0.019764957264957306,-0.011927314482951923,0.006311803071744171,0.00947220187200798,0,auc_gain_too_small|ap_drop_too_large
candidate_eval,cat_member_01|cat_member_02,cat_member_01|cat_member_02,2,0.6,0.25,0.15,0.23,0.7660256410256411,0.4015830383385366,0.6,0.7323717948717949,0.26666666666666666,0.9230769230769231,0.5416666666666666,0.4137931034482759,0.6185567010309279,0.3351313685527426,-0.019764957264957306,-0.011997294731493358,0.006311803071744171,0.00947220187200798,0,auc_gain_too_small|ap_drop_too_large
candidate_eval,cat_member_01|cat_member_02,cat_member_01|cat_member_02,2,0.8,0.15,0.05,0.19,0.7660256410256411,0.401279847603377,0.6,0.7323717948717949,0.26666666666666666,0.9230769230769231,0.5416666666666666,0.4137931034482759,0.6185567010309279,0.3351313685527426,-0.019764957264957306,-0.012300485466652966,0.006311803071744171,0.00947220187200798,0,auc_gain_too_small|ap_drop_too_large
candidate_eval,cat_member_03|cat_member_04,cat_member_03|cat_member_04,2,0.3,0.5,0.2,0.23,0.7660256410256411,0.398470483225574,0.5882352941176471,0.7254273504273505,0.2608695652173913,0.9230769230769231,0.5277777777777778,0.4067796610169491,0.6122448979591837,0.32565916668073464,-0.019764957264957306,-0.015109849844455958,0.0,0.0,0,auc_gain_too_small|ap_drop_too_large
candidate_eval,cat_member_03|cat_member_04,cat_member_03|cat_member_04,2,0.1,0.65,0.25,0.25,0.7660256410256411,0.3978524647501034,0.5882352941176471,0.7254273504273505,0.2608695652173913,0.9230769230769231,0.5277777777777778,0.4067796610169491,0.6122448979591837,0.32565916668073464,-0.019764957264957306,-0.015727868319926563,0.0,0.0,0,auc_gain_too_small|ap_drop_too_large
candidate_eval,cat_member_02|cat_member_03,cat_member_02|cat_member_03,2,0.7,0.2,0.1,0.21,0.7660256410256411,0.3971372728948618,0.6,0.7323717948717949,0.26666666666666666,0.9230769230769231,0.5416666666666666,0.4137931034482759,0.6185567010309279,0.3351313685527426,-0.019764957264957306,-0.016443060175168167,0.006311803071744171,0.00947220187200798,0,auc_gain_too_small|ap_drop_too_large
candidate_eval,cat_member_03|cat_member_04,cat_member_03|cat_member_04,2,0.2,0.55,0.25,0.24,0.7660256410256411,0.3968333979775627,0.5882352941176471,0.7254273504273505,0.2608695652173913,0.9230769230769231,0.5277777777777778,0.4067796610169491,0.6122448979591837,0.32565916668073464,-0.019764957264957306,-0.016746935092467274,0.0,0.0,0,auc_gain_too_small|ap_drop_too_large
candidate_eval,cat_member_01|cat_member_04,cat_member_01|cat_member_04,2,0.45,0.4,0.15,0.21,0.7660256410256411,0.395001629012218,0.5882352941176471,0.7254273504273505,0.2608695652173913,0.9230769230769231,0.5277777777777778,0.4067796610169491,0.6122448979591837,0.32565916668073464,-0.019764957264957306,-0.018578704057811923,0.0,0.0,0,auc_gain_too_small|ap_drop_too_large
candidate_eval,cat_member_01|cat_member_04,cat_member_01|cat_member_04,2,0.25,0.55,0.2,0.24,0.7660256410256411,0.3947968312961081,0.5882352941176471,0.7254273504273505,0.2608695652173913,0.9230769230769231,0.5277777777777778,0.4067796610169491,0.6122448979591837,0.32565916668073464,-0.019764957264957306,-0.01878350177392185,0.0,0.0,0,auc_gain_too_small|ap_drop_too_large
candidate_eval,cat_member_01|cat_member_04,cat_member_01|cat_member_04,2,0.05,0.75,0.2,0.25,0.7660256410256411,0.3943420862397249,0.5882352941176471,0.7254273504273505,0.2608695652173913,0.9230769230769231,0.5277777777777778,0.4067796610169491,0.6122448979591837,0.32565916668073464,-0.019764957264957306,-0.01923824683030506,0.0,0.0,0,auc_gain_too_small|ap_drop_too_large
candidate_eval,cat_member_03|cat_member_04,cat_member_03|cat_member_04,2,0.45,0.4,0.15,0.21,0.7660256410256411,0.3943420862397249,0.5882352941176471,0.7254273504273505,0.2608695652173913,0.9230769230769231,0.5277777777777778,0.4067796610169491,0.6122448979591837,0.32565916668073464,-0.019764957264957306,-0.01923824683030506,0.0,0.0,0,auc_gain_too_small|ap_drop_too_large
candidate_eval,cat_member_01|cat_member_04,cat_member_01|cat_member_04,2,0.2,0.55,0.25,0.25,0.7660256410256411,0.3918136784918461,0.5882352941176471,0.7254273504273505,0.2608695652173913,0.9230769230769231,0.5277777777777778,0.4067796610169491,0.6122448979591837,0.32565916668073464,-0.019764957264957306,-0.02176665457818383,0.0,0.0,0,auc_gain_too_small|ap_drop_too_large
candidate_eval,cat_member_01|cat_member_04,cat_member_01|cat_member_04,2,0.3,0.45,0.25,0.25,0.7660256410256411,0.3916880270032105,0.5882352941176471,0.7254273504273505,0.2608695652173913,0.9230769230769231,0.5277777777777778,0.4067796610169491,0.6122448979591837,0.32565916668073464,-0.019764957264957306,-0.021892306066819467,0.0,0.0,0,auc_gain_too_small|ap_drop_too_large
candidate_eval,cat_member_03|cat_member_04,cat_member_03|cat_member_04,2,0.05,0.8,0.15,0.23,0.7660256410256411,0.3883556637553267,0.5882352941176471,0.7254273504273505,0.2608695652173913,0.9230769230769231,0.5277777777777778,0.4067796610169491,0.6122448979591837,0.32565916668073464,-0.019764957264957306,-0.02522466931470324,0.0,0.0,0,auc_gain_too_small|ap_drop_too_large
candidate_eval,cat_member_01|cat_member_04,cat_member_01|cat_member_04,2,0.05,0.8,0.15,0.16,0.7660256410256411,0.38391960274031833,0.5764705882352941,0.718482905982906,0.2553191489361702,0.9230769230769231,0.5138888888888888,0.4,0.6060606060606061,0.31633311383796653,-0.019764957264957306,-0.029660730329711615,-0.00618429189857761,-0.009326052842768107,0,auc_gain_too_small|f2_drop_too_large|ap_drop_too_large
candidate_eval,cat_member_01|cat_member_02,cat_member_01|cat_member_02,2,0.15,0.6,0.25,0.25,0.766025641025641,0.40902294991169674,0.5882352941176471,0.7254273504273505,0.2608695652173913,0.9230769230769231,0.5277777777777778,0.4067796610169491,0.6122448979591837,0.32565916668073464,-0.019764957264957417,-0.004557383158333206,0.0,0.0,0,auc_gain_too_small|ap_drop_too_large
candidate_eval,cat_member_02,cat_member_02,1,0.2,0.65,0.15,0.22,0.766025641025641,0.4085706771492974,0.5882352941176471,0.7254273504273505,0.2608695652173913,0.9230769230769231,0.5277777777777778,0.4067796610169491,0.6122448979591837,0.32565916668073464,-0.019764957264957417,-0.0050096559207325475,0.0,0.0,0,auc_gain_too_small|ap_drop_too_large
candidate_eval,cat_member_02|cat_member_03,cat_member_02|cat_member_03,2,0.15,0.65,0.2,0.23,0.766025641025641,0.4085706771492974,0.5882352941176471,0.7254273504273505,0.2608695652173913,0.9230769230769231,0.5277777777777778,0.4067796610169491,0.6122448979591837,0.32565916668073464,-0.019764957264957417,-0.0050096559207325475,0.0,0.0,0,auc_gain_too_small|ap_drop_too_large
candidate_eval,cat_member_02|cat_member_03,cat_member_02|cat_member_03,2,0.25,0.6,0.15,0.22,0.766025641025641,0.4085706771492974,0.5882352941176471,0.7254273504273505,0.2608695652173913,0.9230769230769231,0.5277777777777778,0.4067796610169491,0.6122448979591837,0.32565916668073464,-0.019764957264957417,-0.0050096559207325475,0.0,0.0,0,auc_gain_too_small|ap_drop_too_large
candidate_eval,cat_member_02,cat_member_02,1,0.5,0.35,0.15,0.24,0.766025641025641,0.40584740142642906,0.6,0.7323717948717949,0.26666666666666666,0.9230769230769231,0.5416666666666666,0.4137931034482759,0.6185567010309279,0.3351313685527426,-0.019764957264957417,-0.007732931643600893,0.006311803071744171,0.00947220187200798,0,auc_gain_too_small|ap_drop_too_large
candidate_eval,cat_member_02|cat_member_04,cat_member_02|cat_member_04,2,0.65,0.25,0.1,0.22,0.766025641025641,0.4042188640512854,0.6,0.7323717948717949,0.26666666666666666,0.9230769230769231,0.5416666666666666,0.4137931034482759,0.6185567010309279,0.3351313685527426,-0.019764957264957417,-0.009361469018744573,0.006311803071744171,0.00947220187200798,0,auc_gain_too_small|ap_drop_too_large
candidate_eval,cat_member_01|cat_member_02,cat_member_01|cat_member_02,2,0.7,0.2,0.1,0.21,0.766025641025641,0.3986985048636632,0.6,0.7323717948717949,0.26666666666666666,0.9230769230769231,0.5416666666666666,0.4137931034482759,0.6185567010309279,0.3351313685527426,-0.019764957264957417,-0.014881828206366743,0.006311803071744171,0.00947220187200798,0,auc_gain_too_small|ap_drop_too_large
candidate_eval,cat_member_03|cat_member_04,cat_member_03|cat_member_04,2,0.15,0.65,0.2,0.24,0.766025641025641,0.3975717377251904,0.5882352941176471,0.7254273504273505,0.2608695652173913,0.9230769230769231,0.5277777777777778,0.4067796610169491,0.6122448979591837,0.32565916668073464,-0.019764957264957417,-0.01600859534483956,0.0,0.0,0,auc_gain_too_small|ap_drop_too_large
candidate_eval,cat_member_03|cat_member_04,cat_member_03|cat_member_04,2,0.2,0.6,0.2,0.23,0.766025641025641,0.3975717377251904,0.5882352941176471,0.7254273504273505,0.2608695652173913,0.9230769230769231,0.5277777777777778,0.4067796610169491,0.6122448979591837,0.32565916668073464,-0.019764957264957417,-0.01600859534483956,0.0,0.0,0,auc_gain_too_small|ap_drop_too_large
candidate_eval,cat_member_04,cat_member_04,1,0.2,0.65,0.15,0.23,0.766025641025641,0.39270921618580223,0.5882352941176471,0.7254273504273505,0.2608695652173913,0.9230769230769231,0.5277777777777778,0.4067796610169491,0.6122448979591837,0.32565916668073464,-0.019764957264957417,-0.020871116884227714,0.0,0.0,0,auc_gain_too_small|ap_drop_too_large
candidate_eval,cat_member_02|cat_member_03,cat_member_02|cat_member_03,2,0.05,0.85,0.1,0.14,0.766025641025641,0.3878095452144744,0.5764705882352941,0.718482905982906,0.2553191489361702,0.9230769230769231,0.5138888888888888,0.4,0.6060606060606061,0.31633311383796653,-0.019764957264957417,-0.025770787855555533,-0.00618429189857761,-0.009326052842768107,0,auc_gain_too_small|f2_drop_too_large|ap_drop_too_large
candidate_eval,cat_member_02|cat_member_04,cat_member_02|cat_member_04,2,0.05,0.85,0.1,0.15,0.766025641025641,0.38244905603045576,0.5764705882352941,0.718482905982906,0.2553191489361702,0.9230769230769231,0.5138888888888888,0.4,0.6060606060606061,0.31633311383796653,-0.019764957264957417,-0.03113127703957419,-0.00618429189857761,-0.009326052842768107,0,auc_gain_too_small|f2_drop_too_large|ap_drop_too_large
candidate_eval,cat_member_01|cat_member_03,cat_member_01|cat_member_03,2,0.75,0.15,0.1,0.2,0.765491452991453,0.3949356537906856,0.6,0.7323717948717949,0.26666666666666666,0.9230769230769231,0.5416666666666666,0.4137931034482759,0.6185567010309279,0.3351313685527426,-0.020299145299145338,-0.018644679279344323,0.006311803071744171,0.00947220187200798,0,auc_gain_too_small|ap_drop_too_large
candidate_eval,cat_member_03,cat_member_03,1,0.3,0.45,0.25,0.23,0.765491452991453,0.3926693120556385,0.5882352941176471,0.7254273504273505,0.2608695652173913,0.9230769230769231,0.5277777777777778,0.4067796610169491,0.6122448979591837,0.32565916668073464,-0.020299145299145338,-0.020911021014391462,0.0,0.0,0,auc_gain_too_small|ap_drop_too_large
candidate_eval,cat_member_01,cat_member_01,1,0.55,0.2,0.25,0.3,0.765491452991453,0.3916361416361417,0.611764705882353,0.7393162393162394,0.2727272727272727,0.9230769230769231,0.5555555555555556,0.4210526315789473,0.625,0.34476393030979247,-0.020299145299145338,-0.02194419143388826,0.012755102040816313,0.01910476362905783,0,auc_gain_too_small|ap_drop_too_large
candidate_eval,cat_member_03,cat_member_03,1,0.4,0.35,0.25,0.26,0.765491452991453,0.39057931732350337,0.6,0.7323717948717949,0.26666666666666666,0.9230769230769231,0.5416666666666666,0.4137931034482759,0.6185567010309279,0.3351313685527426,-0.020299145299145338,-0.023001015746526576,0.006311803071744171,0.00947220187200798,0,auc_gain_too_small|ap_drop_too_large
candidate_eval,cat_member_01|cat_member_03,cat_member_01|cat_member_03,2,0.8,0.15,0.05,0.19,0.765491452991453,0.3867664725445812,0.6,0.7323717948717949,0.26666666666666666,0.9230769230769231,0.5416666666666666,0.4137931034482759,0.6185567010309279,0.3351313685527426,-0.020299145299145338,-0.026813860525448763,0.006311803071744171,0.00947220187200798,0,auc_gain_too_small|ap_drop_too_large
candidate_eval,cat_member_01|cat_member_03,cat_member_01|cat_member_03,2,0.55,0.25,0.2,0.24,0.7654914529914529,0.396520242866067,0.6,0.7323717948717949,0.26666666666666666,0.9230769230769231,0.5416666666666666,0.4137931034482759,0.6185567010309279,0.3351313685527426,-0.02029914529914545,-0.01706009020396293,0.006311803071744171,0.00947220187200798,0,auc_gain_too_small|ap_drop_too_large
candidate_eval,cat_member_03,cat_member_03,1,0.2,0.55,0.25,0.23,0.7654914529914529,0.39478618742832794,0.5882352941176471,0.7254273504273505,0.2608695652173913,0.9230769230769231,0.5277777777777778,0.4067796610169491,0.6122448979591837,0.32565916668073464,-0.02029914529914545,-0.01879414564170201,0.0,0.0,0,auc_gain_too_small|ap_drop_too_large
candidate_eval,cat_member_03,cat_member_03,1,0.25,0.5,0.25,0.23,0.7654914529914529,0.39478618742832794,0.5882352941176471,0.7254273504273505,0.2608695652173913,0.9230769230769231,0.5277777777777778,0.4067796610169491,0.6122448979591837,0.32565916668073464,-0.02029914529914545,-0.01879414564170201,0.0,0.0,0,auc_gain_too_small|ap_drop_too_large
candidate_eval,cat_member_03,cat_member_03,1,0.4,0.4,0.2,0.21,0.7654914529914529,0.39008855947488597,0.5882352941176471,0.7254273504273505,0.2608695652173913,0.9230769230769231,0.5277777777777778,0.4067796610169491,0.6122448979591837,0.32565916668073464,-0.02029914529914545,-0.023491773595143983,0.0,0.0,0,auc_gain_too_small|ap_drop_too_large
candidate_eval,cat_member_03,cat_member_03,1,0.45,0.35,0.2,0.26,0.7654914529914529,0.38762073744184655,0.6,0.7323717948717949,0.26666666666666666,0.9230769230769231,0.5416666666666666,0.4137931034482759,0.6185567010309279,0.3351313685527426,-0.02029914529914545,-0.025959595628183396,0.006311803071744171,0.00947220187200798,0,auc_gain_too_small|ap_drop_too_large
candidate_eval,cat_member_03,cat_member_03,1,0.5,0.3,0.2,0.25,0.7654914529914529,0.38762073744184655,0.6,0.7323717948717949,0.26666666666666666,0.9230769230769231,0.5416666666666666,0.4137931034482759,0.6185567010309279,0.3351313685527426,-0.02029914529914545,-0.025959595628183396,0.006311803071744171,0.00947220187200798,0,auc_gain_too_small|ap_drop_too_large
candidate_eval,cat_member_02,cat_member_02,1,0.25,0.55,0.2,0.23,0.764957264957265,0.408405919882902,0.5882352941176471,0.7254273504273505,0.2608695652173913,0.9230769230769231,0.5277777777777778,0.4067796610169491,0.6122448979591837,0.32565916668073464,-0.02083333333333337,-0.005174413187127969,0.0,0.0,0,auc_gain_too_small|ap_drop_too_large
candidate_eval,cat_member_02|cat_member_04,cat_member_02|cat_member_04,2,0.35,0.45,0.2,0.23,0.764957264957265,0.408405919882902,0.5882352941176471,0.7254273504273505,0.2608695652173913,0.9230769230769231,0.5277777777777778,0.4067796610169491,0.6122448979591837,0.32565916668073464,-0.02083333333333337,-0.005174413187127969,0.0,0.0,0,auc_gain_too_small|ap_drop_too_large
candidate_eval,cat_member_02|cat_member_04,cat_member_02|cat_member_04,2,0.4,0.45,0.15,0.21,0.764957264957265,0.408405919882902,0.5882352941176471,0.7254273504273505,0.2608695652173913,0.9230769230769231,0.5277777777777778,0.4067796610169491,0.6122448979591837,0.32565916668073464,-0.02083333333333337,-0.005174413187127969,0.0,0.0,0,auc_gain_too_small|ap_drop_too_large
candidate_eval,cat_member_02|cat_member_03,cat_member_02|cat_member_03,2,0.1,0.7,0.2,0.24,0.764957264957265,0.40795364712050264,0.5882352941176471,0.7254273504273505,0.2608695652173913,0.9230769230769231,0.5277777777777778,0.4067796610169491,0.6122448979591837,0.32565916668073464,-0.02083333333333337,-0.00562668594952731,0.0,0.0,0,auc_gain_too_small|ap_drop_too_large
candidate_eval,cat_member_02,cat_member_02,1,0.15,0.65,0.2,0.24,0.764957264957265,0.4070118890771064,0.5882352941176471,0.7254273504273505,0.2608695652173913,0.9230769230769231,0.5277777777777778,0.4067796610169491,0.6122448979591837,0.32565916668073464,-0.02083333333333337,-0.006568443992923556,0.0,0.0,0,auc_gain_too_small|ap_drop_too_large
candidate_eval,cat_member_02,cat_member_02,1,0.05,0.7,0.25,0.17,0.764957264957265,0.4070118890771064,0.5764705882352941,0.718482905982906,0.2553191489361702,0.9230769230769231,0.5138888888888888,0.4,0.6060606060606061,0.31633311383796653,-0.02083333333333337,-0.006568443992923556,-0.00618429189857761,-0.009326052842768107,0,auc_gain_too_small|f2_drop_too_large|ap_drop_too_large
candidate_eval,cat_member_02|cat_member_03,cat_member_02|cat_member_03,2,0.1,0.65,0.25,0.24,0.764957264957265,0.4037184403966081,0.5882352941176471,0.7254273504273505,0.2608695652173913,0.9230769230769231,0.5277777777777778,0.4067796610169491,0.6122448979591837,0.32565916668073464,-0.02083333333333337,-0.009861892673421857,0.0,0.0,0,auc_gain_too_small|ap_drop_too_large
candidate_eval,cat_member_02|cat_member_03,cat_member_02|cat_member_03,2,0.25,0.55,0.2,0.23,0.764957264957265,0.4037184403966081,0.5882352941176471,0.7254273504273505,0.2608695652173913,0.9230769230769231,0.5277777777777778,0.4067796610169491,0.6122448979591837,0.32565916668073464,-0.02083333333333337,-0.009861892673421857,0.0,0.0,0,auc_gain_too_small|ap_drop_too_large
candidate_eval,cat_member_02|cat_member_04,cat_member_02|cat_member_04,2,0.55,0.3,0.15,0.24,0.764957264957265,0.4016547614871828,0.6,0.7323717948717949,0.26666666666666666,0.9230769230769231,0.5416666666666666,0.4137931034482759,0.6185567010309279,0.3351313685527426,-0.02083333333333337,-0.011925571582847128,0.006311803071744171,0.00947220187200798,0,auc_gain_too_small|ap_drop_too_large
candidate_eval,cat_member_03|cat_member_04,cat_member_03|cat_member_04,2,0.3,0.55,0.15,0.22,0.764957264957265,0.39740523755869017,0.5882352941176471,0.7254273504273505,0.2608695652173913,0.9230769230769231,0.5277777777777778,0.4067796610169491,0.6122448979591837,0.32565916668073464,-0.02083333333333337,-0.016175095511339777,0.0,0.0,0,auc_gain_too_small|ap_drop_too_large
candidate_eval,cat_member_02,cat_member_02,1,0.8,0.15,0.05,0.19,0.764957264957265,0.3970063433298727,0.6,0.7323717948717949,0.26666666666666666,0.9230769230769231,0.5416666666666666,0.4137931034482759,0.6185567010309279,0.3351313685527426,-0.02083333333333337,-0.016573989740157224,0.006311803071744171,0.00947220187200798,0,auc_gain_too_small|ap_drop_too_large
candidate_eval,cat_member_02|cat_member_03,cat_member_02|cat_member_03,2,0.6,0.25,0.15,0.22,0.764957264957265,0.39636941330347275,0.6,0.7323717948717949,0.26666666666666666,0.9230769230769231,0.5416666666666666,0.4137931034482759,0.6185567010309279,0.3351313685527426,-0.02083333333333337,-0.017210919766557198,0.006311803071744171,0.00947220187200798,0,auc_gain_too_small|ap_drop_too_large
candidate_eval,cat_member_02|cat_member_04,cat_member_02|cat_member_04,2,0.3,0.55,0.15,0.22,0.764957264957265,0.39574363491049036,0.5882352941176471,0.7254273504273505,0.2608695652173913,0.9230769230769231,0.5277777777777778,0.4067796610169491,0.6122448979591837,0.32565916668073464,-0.02083333333333337,-0.017836698159539588,0.0,0.0,0,auc_gain_too_small|ap_drop_too_large
candidate_eval,cat_member_02|cat_member_04,cat_member_02|cat_member_04,2,0.35,0.5,0.15,0.22,0.764957264957265,0.39574363491049036,0.5882352941176471,0.7254273504273505,0.2608695652173913,0.9230769230769231,0.5277777777777778,0.4067796610169491,0.6122448979591837,0.32565916668073464,-0.02083333333333337,-0.017836698159539588,0.0,0.0,0,auc_gain_too_small|ap_drop_too_large
candidate_eval,cat_member_02|cat_member_04,cat_member_02|cat_member_04,2,0.2,0.65,0.15,0.23,0.764957264957265,0.3952954192724013,0.5882352941176471,0.7254273504273505,0.2608695652173913,0.9230769230769231,0.5277777777777778,0.4067796610169491,0.6122448979591837,0.32565916668073464,-0.02083333333333337,-0.018284913797628644,0.0,0.0,0,auc_gain_too_small|ap_drop_too_large
candidate_eval,cat_member_01|cat_member_04,cat_member_01|cat_member_04,2,0.3,0.5,0.2,0.24,0.764957264957265,0.3943496041046949,0.5882352941176471,0.7254273504273505,0.2608695652173913,0.9230769230769231,0.5277777777777778,0.4067796610169491,0.6122448979591837,0.32565916668073464,-0.02083333333333337,-0.019230728965335064,0.0,0.0,0,auc_gain_too_small|ap_drop_too_large
candidate_eval,cat_member_01|cat_member_04,cat_member_01|cat_member_04,2,0.2,0.6,0.2,0.24,0.764957264957265,0.39417980126731333,0.5882352941176471,0.7254273504273505,0.2608695652173913,0.9230769230769231,0.5277777777777778,0.4067796610169491,0.6122448979591837,0.32565916668073464,-0.02083333333333337,-0.019400531802716614,0.0,0.0,0,auc_gain_too_small|ap_drop_too_large
candidate_eval,cat_member_04,cat_member_04,1,0.25,0.6,0.15,0.23,0.764957264957265,0.3937315856292243,0.5882352941176471,0.7254273504273505,0.2608695652173913,0.9230769230769231,0.5277777777777778,0.4067796610169491,0.6122448979591837,0.32565916668073464,-0.02083333333333337,-0.01984874744080567,0.0,0.0,0,auc_gain_too_small|ap_drop_too_large
candidate_eval,cat_member_01|cat_member_04,cat_member_01|cat_member_04,2,0.05,0.7,0.25,0.26,0.764957264957265,0.39284895477122816,0.5882352941176471,0.7254273504273505,0.2608695652173913,0.9230769230769231,0.5277777777777778,0.4067796610169491,0.6122448979591837,0.32565916668073464,-0.02083333333333337,-0.020731378298801784,0.0,0.0,0,auc_gain_too_small|ap_drop_too_large
candidate_eval,cat_member_01|cat_member_04,cat_member_01|cat_member_04,2,0.1,0.65,0.25,0.26,0.764957264957265,0.39284895477122816,0.5882352941176471,0.7254273504273505,0.2608695652173913,0.9230769230769231,0.5277777777777778,0.4067796610169491,0.6122448979591837,0.32565916668073464,-0.02083333333333337,-0.020731378298801784,0.0,0.0,0,auc_gain_too_small|ap_drop_too_large
candidate_eval,cat_member_01|cat_member_04,cat_member_01|cat_member_04,2,0.15,0.6,0.25,0.26,0.764957264957265,0.39284895477122816,0.5882352941176471,0.7254273504273505,0.2608695652173913,0.9230769230769231,0.5277777777777778,0.4067796610169491,0.6122448979591837,0.32565916668073464,-0.02083333333333337,-0.020731378298801784,0.0,0.0,0,auc_gain_too_small|ap_drop_too_large
candidate_eval,cat_member_01|cat_member_04,cat_member_01|cat_member_04,2,0.25,0.5,0.25,0.25,0.764957264957265,0.39119664846305147,0.5882352941176471,0.7254273504273505,0.2608695652173913,0.9230769230769231,0.5277777777777778,0.4067796610169491,0.6122448979591837,0.32565916668073464,-0.02083333333333337,-0.022383684606978482,0.0,0.0,0,auc_gain_too_small|ap_drop_too_large
candidate_eval,cat_member_03|cat_member_04,cat_member_03|cat_member_04,2,0.5,0.35,0.15,0.2,0.764957264957265,0.3911740556194272,0.5882352941176471,0.7254273504273505,0.2608695652173913,0.9230769230769231,0.5277777777777778,0.4067796610169491,0.6122448979591837,0.32565916668073464,-0.02083333333333337,-0.022406277450602752,0.0,0.0,0,auc_gain_too_small|ap_drop_too_large
candidate_eval,cat_member_01|cat_member_04,cat_member_01|cat_member_04,2,0.45,0.35,0.2,0.27,0.764957264957265,0.3902265365723607,0.6,0.7323717948717949,0.26666666666666666,0.9230769230769231,0.5416666666666666,0.4137931034482759,0.6185567010309279,0.3351313685527426,-0.02083333333333337,-0.02335379649766922,0.006311803071744171,0.00947220187200798,0,auc_gain_too_small|ap_drop_too_large
candidate_eval,cat_member_04,cat_member_04,1,0.15,0.7,0.15,0.23,0.764957264957265,0.38988191528157823,0.5882352941176471,0.7254273504273505,0.2608695652173913,0.9230769230769231,0.5277777777777778,0.4067796610169491,0.6122448979591837,0.32565916668073464,-0.02083333333333337,-0.02369841778845172,0.0,0.0,0,auc_gain_too_small|ap_drop_too_large
candidate_eval,cat_member_01|cat_member_04,cat_member_01|cat_member_04,2,0.8,0.15,0.05,0.24,0.764957264957265,0.3894458294345172,0.611764705882353,0.7393162393162394,0.2727272727272727,0.9230769230769231,0.5555555555555556,0.4210526315789473,0.625,0.34476393030979247,-0.02083333333333337,-0.024134503635512727,0.012755102040816313,0.01910476362905783,0,auc_gain_too_small|ap_drop_too_large
candidate_eval,cat_member_01|cat_member_04,cat_member_01|cat_member_04,2,0.35,0.4,0.25,0.24,0.764957264957265,0.3886839994621081,0.5882352941176471,0.7254273504273505,0.2608695652173913,0.9230769230769231,0.5277777777777778,0.4067796610169491,0.6122448979591837,0.32565916668073464,-0.02083333333333337,-0.024896333607921872,0.0,0.0,0,auc_gain_too_small|ap_drop_too_large
candidate_eval,cat_member_02|cat_member_04,cat_member_02|cat_member_04,2,0.1,0.75,0.15,0.23,0.7649572649572649,0.3938948590483117,0.5882352941176471,0.7254273504273505,0.2608695652173913,0.9230769230769231,0.5277777777777778,0.4067796610169491,0.6122448979591837,0.32565916668073464,-0.02083333333333348,-0.019685474021718274,0.0,0.0,0,auc_gain_too_small|ap_drop_too_large
candidate_eval,cat_member_01,cat_member_01,1,0.7,0.15,0.15,0.27,0.764423076923077,0.3936850542619773,0.611764705882353,0.7393162393162394,0.2727272727272727,0.9230769230769231,0.5555555555555556,0.4210526315789473,0.625,0.34476393030979247,-0.021367521367521403,-0.01989527880805264,0.012755102040816313,0.01910476362905783,0,auc_gain_too_small|ap_drop_too_large
candidate_eval,cat_member_01|cat_member_03,cat_member_01|cat_member_03,2,0.65,0.2,0.15,0.22,0.764423076923077,0.3921810742827124,0.6,0.7323717948717949,0.26666666666666666,0.9230769230769231,0.5416666666666666,0.4137931034482759,0.6185567010309279,0.3351313685527426,-0.021367521367521403,-0.02139925878731752,0.006311803071744171,0.00947220187200798,0,auc_gain_too_small|ap_drop_too_large
candidate_eval,cat_member_03,cat_member_03,1,0.6,0.25,0.15,0.23,0.764423076923077,0.38170028785623855,0.6,0.7323717948717949,0.26666666666666666,0.9230769230769231,0.5416666666666666,0.4137931034482759,0.6185567010309279,0.3351313685527426,-0.021367521367521403,-0.0318800452137914,0.006311803071744171,0.00947220187200798,0,auc_gain_too_small|ap_drop_too_large
candidate_eval,cat_member_03,cat_member_03,1,0.7,0.2,0.1,0.21,0.764423076923077,0.38129791245386324,0.6,0.7323717948717949,0.26666666666666666,0.9230769230769231,0.5416666666666666,0.4137931034482759,0.6185567010309279,0.3351313685527426,-0.021367521367521403,-0.03228242061616671,0.006311803071744171,0.00947220187200798,0,auc_gain_too_small|ap_drop_too_large
candidate_eval,cat_member_01|cat_member_02,cat_member_01|cat_member_02,2,0.05,0.7,0.25,0.26,0.763888888888889,0.4059425862859124,0.5882352941176471,0.7254273504273505,0.2608695652173913,0.9230769230769231,0.5277777777777778,0.4067796610169491,0.6122448979591837,0.32565916668073464,-0.021901709401709435,-0.0076377467841175495,0.0,0.0,0,auc_gain_too_small|ap_drop_too_large
candidate_eval,cat_member_02|cat_member_03,cat_member_02|cat_member_03,2,0.05,0.7,0.25,0.25,0.763888888888889,0.4031079397861075,0.5882352941176471,0.7254273504273505,0.2608695652173913,0.9230769230769231,0.5277777777777778,0.4067796610169491,0.6122448979591837,0.32565916668073464,-0.021901709401709435,-0.010472393283922465,0.0,0.0,0,auc_gain_too_small|ap_drop_too_large
candidate_eval,cat_member_02,cat_member_02,1,0.35,0.45,0.2,0.22,0.763888888888889,0.4024428906640588,0.5882352941176471,0.7254273504273505,0.2608695652173913,0.9230769230769231,0.5277777777777778,0.4067796610169491,0.6122448979591837,0.32565916668073464,-0.021901709401709435,-0.011137442405971143,0.0,0.0,0,auc_gain_too_small|ap_drop_too_large
candidate_eval,cat_member_02,cat_member_02,1,0.4,0.4,0.2,0.22,0.763888888888889,0.40104885985826333,0.5882352941176471,0.7254273504273505,0.2608695652173913,0.9230769230769231,0.5277777777777778,0.4067796610169491,0.6122448979591837,0.32565916668073464,-0.021901709401709435,-0.01253147321176662,0.0,0.0,0,auc_gain_too_small|ap_drop_too_large
candidate_eval,cat_member_02|cat_member_03,cat_member_02|cat_member_03,2,0.15,0.6,0.25,0.24,0.763888888888889,0.40075986051495127,0.5882352941176471,0.7254273504273505,0.2608695652173913,0.9230769230769231,0.5277777777777778,0.4067796610169491,0.6122448979591837,0.32565916668073464,-0.021901709401709435,-0.012820472555078677,0.0,0.0,0,auc_gain_too_small|ap_drop_too_large
candidate_eval,cat_member_02|cat_member_03,cat_member_02|cat_member_03,2,0.2,0.55,0.25,0.24,0.763888888888889,0.40075986051495127,0.5882352941176471,0.7254273504273505,0.2608695652173913,0.9230769230769231,0.5277777777777778,0.4067796610169491,0.6122448979591837,0.32565916668073464,-0.021901709401709435,-0.012820472555078677,0.0,0.0,0,auc_gain_too_small|ap_drop_too_large
candidate_eval,cat_member_02|cat_member_03,cat_member_02|cat_member_03,2,0.25,0.5,0.25,0.23,0.763888888888889,0.40075986051495127,0.5882352941176471,0.7254273504273505,0.2608695652173913,0.9230769230769231,0.5277777777777778,0.4067796610169491,0.6122448979591837,0.32565916668073464,-0.021901709401709435,-0.012820472555078677,0.0,0.0,0,auc_gain_too_small|ap_drop_too_large
candidate_eval,cat_member_02|cat_member_03,cat_member_02|cat_member_03,2,0.3,0.5,0.2,0.22,0.763888888888889,0.40075986051495127,0.5882352941176471,0.7254273504273505,0.2608695652173913,0.9230769230769231,0.5277777777777778,0.4067796610169491,0.6122448979591837,0.32565916668073464,-0.021901709401709435,-0.012820472555078677,0.0,0.0,0,auc_gain_too_small|ap_drop_too_large
candidate_eval,cat_member_02|cat_member_03,cat_member_02|cat_member_03,2,0.35,0.45,0.2,0.22,0.763888888888889,0.40075986051495127,0.5882352941176471,0.7254273504273505,0.2608695652173913,0.9230769230769231,0.5277777777777778,0.4067796610169491,0.6122448979591837,0.32565916668073464,-0.021901709401709435,-0.012820472555078677,0.0,0.0,0,auc_gain_too_small|ap_drop_too_large
candidate_eval,cat_member_02|cat_member_03,cat_member_02|cat_member_03,2,0.4,0.4,0.2,0.22,0.763888888888889,0.40059005767756983,0.5882352941176471,0.7254273504273505,0.2608695652173913,0.9230769230769231,0.5277777777777778,0.4067796610169491,0.6122448979591837,0.32565916668073464,-0.021901709401709435,-0.012990275392460116,0.0,0.0,0,auc_gain_too_small|ap_drop_too_large
candidate_eval,cat_member_02|cat_member_04,cat_member_02|cat_member_04,2,0.7,0.2,0.1,0.21,0.763888888888889,0.39847013746922544,0.6,0.7323717948717949,0.26666666666666666,0.9230769230769231,0.5416666666666666,0.4137931034482759,0.6185567010309279,0.3351313685527426,-0.021901709401709435,-0.01511019560080451,0.006311803071744171,0.00947220187200798,0,auc_gain_too_small|ap_drop_too_large
candidate_eval,cat_member_02,cat_member_02,1,0.55,0.3,0.15,0.23,0.763888888888889,0.39651284458056,0.6,0.7323717948717949,0.26666666666666666,0.9230769230769231,0.5416666666666666,0.4137931034482759,0.6185567010309279,0.3351313685527426,-0.021901709401709435,-0.01706748848946993,0.006311803071744171,0.00947220187200798,0,auc_gain_too_small|ap_drop_too_large
candidate_eval,cat_member_03|cat_member_04,cat_member_03|cat_member_04,2,0.15,0.6,0.25,0.25,0.763888888888889,0.3956058673382673,0.5882352941176471,0.7254273504273505,0.2608695652173913,0.9230769230769231,0.5277777777777778,0.4067796610169491,0.6122448979591837,0.32565916668073464,-0.021901709401709435,-0.017974465731762646,0.0,0.0,0,auc_gain_too_small|ap_drop_too_large
candidate_eval,cat_member_02|cat_member_03,cat_member_02|cat_member_03,2,0.2,0.65,0.15,0.22,0.763888888888889,0.39513313429998975,0.5882352941176471,0.7254273504273505,0.2608695652173913,0.9230769230769231,0.5277777777777778,0.4067796610169491,0.6122448979591837,0.32565916668073464,-0.021901709401709435,-0.018447198770040196,0.0,0.0,0,auc_gain_too_small|ap_drop_too_large
candidate_eval,cat_member_02|cat_member_04,cat_member_02|cat_member_04,2,0.25,0.6,0.15,0.22,0.763888888888889,0.39513313429998975,0.5882352941176471,0.7254273504273505,0.2608695652173913,0.9230769230769231,0.5277777777777778,0.4067796610169491,0.6122448979591837,0.32565916668073464,-0.021901709401709435,-0.018447198770040196,0.0,0.0,0,auc_gain_too_small|ap_drop_too_large
candidate_eval,cat_member_03|cat_member_04,cat_member_03|cat_member_04,2,0.4,0.4,0.2,0.22,0.763888888888889,0.39304963363917,0.5882352941176471,0.7254273504273505,0.2608695652173913,0.9230769230769231,0.5277777777777778,0.4067796610169491,0.6122448979591837,0.32565916668073464,-0.021901709401709435,-0.020530699430859944,0.0,0.0,0,auc_gain_too_small|ap_drop_too_large
candidate_eval,cat_member_01|cat_member_04,cat_member_01|cat_member_04,2,0.35,0.45,0.2,0.23,0.763888888888889,0.39072812473871377,0.5882352941176471,0.7254273504273505,0.2608695652173913,0.9230769230769231,0.5277777777777778,0.4067796610169491,0.6122448979591837,0.32565916668073464,-0.021901709401709435,-0.02285220833131618,0.0,0.0,0,auc_gain_too_small|ap_drop_too_large
candidate_eval,cat_member_01|cat_member_04,cat_member_01|cat_member_04,2,0.4,0.4,0.2,0.23,0.763888888888889,0.39072812473871377,0.5882352941176471,0.7254273504273505,0.2608695652173913,0.9230769230769231,0.5277777777777778,0.4067796610169491,0.6122448979591837,0.32565916668073464,-0.021901709401709435,-0.02285220833131618,0.0,0.0,0,auc_gain_too_small|ap_drop_too_large
candidate_eval,cat_member_04,cat_member_04,1,0.4,0.45,0.15,0.22,0.763888888888889,0.3904431825197121,0.5882352941176471,0.7254273504273505,0.2608695652173913,0.9230769230769231,0.5277777777777778,0.4067796610169491,0.6122448979591837,0.32565916668073464,-0.021901709401709435,-0.023137150550317842,0.0,0.0,0,auc_gain_too_small|ap_drop_too_large
candidate_eval,cat_member_01|cat_member_04,cat_member_01|cat_member_04,2,0.5,0.3,0.2,0.26,0.763888888888889,0.3879727298844946,0.6,0.7323717948717949,0.26666666666666666,0.9230769230769231,0.5416666666666666,0.4137931034482759,0.6185567010309279,0.3351313685527426,-0.021901709401709435,-0.025607603185535344,0.006311803071744171,0.00947220187200798,0,auc_gain_too_small|ap_drop_too_large
candidate_eval,cat_member_02,cat_member_02,1,0.2,0.6,0.2,0.23,0.7638888888888888,0.40639485904831174,0.5882352941176471,0.7254273504273505,0.2608695652173913,0.9230769230769231,0.5277777777777778,0.4067796610169491,0.6122448979591837,0.32565916668073464,-0.021901709401709546,-0.007185474021718208,0.0,0.0,0,auc_gain_too_small|ap_drop_too_large
candidate_eval,cat_member_02,cat_member_02,1,0.3,0.5,0.2,0.23,0.7638888888888888,0.40639485904831174,0.5882352941176471,0.7254273504273505,0.2608695652173913,0.9230769230769231,0.5277777777777778,0.4067796610169491,0.6122448979591837,0.32565916668073464,-0.021901709401709546,-0.007185474021718208,0.0,0.0,0,auc_gain_too_small|ap_drop_too_large
candidate_eval,cat_member_02|cat_member_04,cat_member_02|cat_member_04,2,0.15,0.6,0.25,0.25,0.7638888888888888,0.40639485904831174,0.5882352941176471,0.7254273504273505,0.2608695652173913,0.9230769230769231,0.5277777777777778,0.4067796610169491,0.6122448979591837,0.32565916668073464,-0.021901709401709546,-0.007185474021718208,0.0,0.0,0,auc_gain_too_small|ap_drop_too_large
candidate_eval,cat_member_02|cat_member_04,cat_member_02|cat_member_04,2,0.25,0.55,0.2,0.23,0.7638888888888888,0.40639485904831174,0.5882352941176471,0.7254273504273505,0.2608695652173913,0.9230769230769231,0.5277777777777778,0.4067796610169491,0.6122448979591837,0.32565916668073464,-0.021901709401709546,-0.007185474021718208,0.0,0.0,0,auc_gain_too_small|ap_drop_too_large
candidate_eval,cat_member_02|cat_member_04,cat_member_02|cat_member_04,2,0.3,0.5,0.2,0.23,0.7638888888888888,0.40639485904831174,0.5882352941176471,0.7254273504273505,0.2608695652173913,0.9230769230769231,0.5277777777777778,0.4067796610169491,0.6122448979591837,0.32565916668073464,-0.021901709401709546,-0.007185474021718208,0.0,0.0,0,auc_gain_too_small|ap_drop_too_large
candidate_eval,cat_member_02,cat_member_02,1,0.05,0.8,0.15,0.15,0.7638888888888888,0.40613266121615166,0.5764705882352941,0.718482905982906,0.2553191489361702,0.9230769230769231,0.5138888888888888,0.4,0.6060606060606061,0.31633311383796653,-0.021901709401709546,-0.0074476718538782904,-0.00618429189857761,-0.009326052842768107,0,auc_gain_too_small|f2_drop_too_large|ap_drop_too_large
candidate_eval,cat_member_02,cat_member_02,1,0.05,0.85,0.1,0.14,0.7638888888888888,0.38211191767861163,0.5764705882352941,0.718482905982906,0.2553191489361702,0.9230769230769231,0.5138888888888888,0.4,0.6060606060606061,0.31633311383796653,-0.021901709401709546,-0.031468415391418314,-0.00618429189857761,-0.009326052842768107,0,auc_gain_too_small|f2_drop_too_large|ap_drop_too_large
candidate_eval,cat_member_04,cat_member_04,1,0.05,0.8,0.15,0.17,0.7638888888888888,0.3812621294946098,0.5764705882352941,0.718482905982906,0.2553191489361702,0.9230769230769231,0.5138888888888888,0.4,0.6060606060606061,0.31633311383796653,-0.021901709401709546,-0.032318203575420146,-0.00618429189857761,-0.009326052842768107,0,auc_gain_too_small|f2_drop_too_large|ap_drop_too_large
candidate_eval,cat_member_01|cat_member_03,cat_member_01|cat_member_03,2,0.85,0.1,0.05,0.24,0.7633547008547009,0.3811770337505631,0.611764705882353,0.7393162393162394,0.2727272727272727,0.9230769230769231,0.5555555555555556,0.4210526315789473,0.625,0.34476393030979247,-0.022435897435897467,-0.03240329931946684,0.012755102040816313,0.01910476362905783,0,auc_gain_too_small|ap_drop_too_large
candidate_eval,cat_member_03,cat_member_03,1,0.85,0.1,0.05,0.18,0.7633547008547009,0.38046108303461246,0.6,0.7323717948717949,0.26666666666666666,0.9230769230769231,0.5416666666666666,0.4137931034482759,0.6185567010309279,0.3351313685527426,-0.022435897435897467,-0.03311925003541749,0.006311803071744171,0.00947220187200798,0,auc_gain_too_small|ap_drop_too_large
candidate_eval,cat_member_02,cat_member_02,1,0.1,0.7,0.2,0.16,0.7628205128205129,0.40578435843781113,0.5764705882352941,0.718482905982906,0.2553191489361702,0.9230769230769231,0.5138888888888888,0.4,0.6060606060606061,0.31633311383796653,-0.0229700854700855,-0.007795974632218816,-0.00618429189857761,-0.009326052842768107,0,auc_gain_too_small|f2_drop_too_large|ap_drop_too_large
candidate_eval,cat_member_02|cat_member_04,cat_member_02|cat_member_04,2,0.15,0.65,0.2,0.24,0.7628205128205129,0.40536081511590594,0.5882352941176471,0.7254273504273505,0.2608695652173913,0.9230769230769231,0.5277777777777778,0.4067796610169491,0.6122448979591837,0.32565916668073464,-0.0229700854700855,-0.008219517954124012,0.0,0.0,0,auc_gain_too_small|ap_drop_too_large
candidate_eval,cat_member_02|cat_member_04,cat_member_02|cat_member_04,2,0.2,0.6,0.2,0.24,0.7628205128205129,0.40536081511590594,0.5882352941176471,0.7254273504273505,0.2608695652173913,0.9230769230769231,0.5277777777777778,0.4067796610169491,0.6122448979591837,0.32565916668073464,-0.0229700854700855,-0.008219517954124012,0.0,0.0,0,auc_gain_too_small|ap_drop_too_large
candidate_eval,cat_member_02|cat_member_04,cat_member_02|cat_member_04,2,0.8,0.15,0.05,0.19,0.7628205128205129,0.39849743575233776,0.6,0.7323717948717949,0.26666666666666666,0.9230769230769231,0.5416666666666666,0.4137931034482759,0.6185567010309279,0.3351313685527426,-0.0229700854700855,-0.01508289731769219,0.006311803071744171,0.00947220187200798,0,auc_gain_too_small|ap_drop_too_large
candidate_eval,cat_member_02|cat_member_03,cat_member_02|cat_member_03,2,0.3,0.45,0.25,0.23,0.7628205128205129,0.3970935541810663,0.5882352941176471,0.7254273504273505,0.2608695652173913,0.9230769230769231,0.5277777777777778,0.4067796610169491,0.6122448979591837,0.32565916668073464,-0.0229700854700855,-0.01648677888896366,0.0,0.0,0,auc_gain_too_small|ap_drop_too_large
candidate_eval,cat_member_02|cat_member_04,cat_member_02|cat_member_04,2,0.1,0.7,0.2,0.24,0.7628205128205129,0.3931220734653995,0.5882352941176471,0.7254273504273505,0.2608695652173913,0.9230769230769231,0.5277777777777778,0.4067796610169491,0.6122448979591837,0.32565916668073464,-0.0229700854700855,-0.020458259604630435,0.0,0.0,0,auc_gain_too_small|ap_drop_too_large
candidate_eval,cat_member_03|cat_member_04,cat_member_03|cat_member_04,2,0.35,0.45,0.2,0.22,0.7628205128205129,0.3926024064477568,0.5882352941176471,0.7254273504273505,0.2608695652173913,0.9230769230769231,0.5277777777777778,0.4067796610169491,0.6122448979591837,0.32565916668073464,-0.0229700854700855,-0.020977926622273158,0.0,0.0,0,auc_gain_too_small|ap_drop_too_large
candidate_eval,cat_member_01|cat_member_02,cat_member_01|cat_member_02,2,0.55,0.25,0.2,0.23,0.7628205128205129,0.39200940433051346,0.6,0.7323717948717949,0.26666666666666666,0.9230769230769231,0.5416666666666666,0.4137931034482759,0.6185567010309279,0.3351313685527426,-0.0229700854700855,-0.021570928739516493,0.006311803071744171,0.00947220187200798,0,auc_gain_too_small|ap_drop_too_large
candidate_eval,cat_member_03|cat_member_04,cat_member_03|cat_member_04,2,0.25,0.5,0.25,0.24,0.7628205128205129,0.39026085659489473,0.5882352941176471,0.7254273504273505,0.2608695652173913,0.9230769230769231,0.5277777777777778,0.4067796610169491,0.6122448979591837,0.32565916668073464,-0.0229700854700855,-0.023319476475135215,0.0,0.0,0,auc_gain_too_small|ap_drop_too_large
candidate_eval,cat_member_04,cat_member_04,1,0.3,0.55,0.15,0.22,0.7628205128205129,0.3898326819092115,0.5882352941176471,0.7254273504273505,0.2608695652173913,0.9230769230769231,0.5277777777777778,0.4067796610169491,0.6122448979591837,0.32565916668073464,-0.0229700854700855,-0.02374765116081845,0.0,0.0,0,auc_gain_too_small|ap_drop_too_large
candidate_eval,cat_member_04,cat_member_04,1,0.2,0.6,0.2,0.24,0.7628205128205129,0.38848053888020184,0.5882352941176471,0.7254273504273505,0.2608695652173913,0.9230769230769231,0.5277777777777778,0.4067796610169491,0.6122448979591837,0.32565916668073464,-0.0229700854700855,-0.025099794189828106,0.0,0.0,0,auc_gain_too_small|ap_drop_too_large
candidate_eval,cat_member_04,cat_member_04,1,0.3,0.5,0.2,0.23,0.7628205128205129,0.38848053888020184,0.5882352941176471,0.7254273504273505,0.2608695652173913,0.9230769230769231,0.5277777777777778,0.4067796610169491,0.6122448979591837,0.32565916668073464,-0.0229700854700855,-0.025099794189828106,0.0,0.0,0,auc_gain_too_small|ap_drop_too_large
candidate_eval,cat_member_04,cat_member_04,1,0.45,0.4,0.15,0.21,0.7628205128205129,0.3874846026380553,0.5882352941176471,0.7254273504273505,0.2608695652173913,0.9230769230769231,0.5277777777777778,0.4067796610169491,0.6122448979591837,0.32565916668073464,-0.0229700854700855,-0.026095730431974662,0.0,0.0,0,auc_gain_too_small|ap_drop_too_large
candidate_eval,cat_member_03|cat_member_04,cat_member_03|cat_member_04,2,0.45,0.35,0.2,0.22,0.7628205128205129,0.3870404811417232,0.5882352941176471,0.7254273504273505,0.2608695652173913,0.9230769230769231,0.5277777777777778,0.4067796610169491,0.6122448979591837,0.32565916668073464,-0.0229700854700855,-0.026539851928306768,0.0,0.0,0,auc_gain_too_small|ap_drop_too_large
candidate_eval,cat_member_03|cat_member_04,cat_member_03|cat_member_04,2,0.55,0.3,0.15,0.25,0.7628205128205129,0.3858781819025009,0.6,0.7323717948717949,0.26666666666666666,0.9230769230769231,0.5416666666666666,0.4137931034482759,0.6185567010309279,0.3351313685527426,-0.0229700854700855,-0.027702151167529054,0.006311803071744171,0.00947220187200798,0,auc_gain_too_small|ap_drop_too_large
candidate_eval,cat_member_04,cat_member_04,1,0.8,0.15,0.05,0.2,0.7628205128205129,0.3856353983795041,0.6,0.7323717948717949,0.26666666666666666,0.9230769230769231,0.5416666666666666,0.4137931034482759,0.6185567010309279,0.3351313685527426,-0.0229700854700855,-0.027944934690525836,0.006311803071744171,0.00947220187200798,0,auc_gain_too_small|ap_drop_too_large
candidate_eval,cat_member_03|cat_member_04,cat_member_03|cat_member_04,2,0.6,0.25,0.15,0.23,0.7628205128205129,0.38471897224126694,0.6,0.7323717948717949,0.26666666666666666,0.9230769230769231,0.5416666666666666,0.4137931034482759,0.6185567010309279,0.3351313685527426,-0.0229700854700855,-0.028861360828763005,0.006311803071744171,0.00947220187200798,0,auc_gain_too_small|ap_drop_too_large
candidate_eval,cat_member_02|cat_member_04,cat_member_02|cat_member_04,2,0.2,0.55,0.25,0.25,0.7628205128205128,0.40459548882788887,0.5882352941176471,0.7254273504273505,0.2608695652173913,0.9230769230769231,0.5277777777777778,0.4067796610169491,0.6122448979591837,0.32565916668073464,-0.02297008547008561,-0.008984844242141077,0.0,0.0,0,auc_gain_too_small|ap_drop_too_large
candidate_eval,cat_member_01|cat_member_02,cat_member_01|cat_member_02,2,0.4,0.35,0.25,0.26,0.7628205128205128,0.39738125721367856,0.6,0.7323717948717949,0.26666666666666666,0.9230769230769231,0.5416666666666666,0.4137931034482759,0.6185567010309279,0.3351313685527426,-0.02297008547008561,-0.016199075856351386,0.006311803071744171,0.00947220187200798,0,auc_gain_too_small|ap_drop_too_large
candidate_eval,cat_member_04,cat_member_04,1,0.1,0.75,0.15,0.17,0.7628205128205128,0.37946275927418693,0.5764705882352941,0.718482905982906,0.2553191489361702,0.9230769230769231,0.5138888888888888,0.4,0.6060606060606061,0.31633311383796653,-0.02297008547008561,-0.034117573795843015,-0.00618429189857761,-0.009326052842768107,0,auc_gain_too_small|f2_drop_too_large|ap_drop_too_large
candidate_eval,cat_member_01,cat_member_01,1,0.65,0.15,0.2,0.22,0.7622863247863249,0.3909187141643282,0.6,0.7323717948717949,0.26666666666666666,0.9230769230769231,0.5416666666666666,0.4137931034482759,0.6185567010309279,0.3351313685527426,-0.023504273504273532,-0.02266161890570173,0.006311803071744171,0.00947220187200798,0,auc_gain_too_small|ap_drop_too_large
candidate_eval,cat_member_01|cat_member_03,cat_member_01|cat_member_03,2,0.5,0.25,0.25,0.24,0.7622863247863249,0.38572998113932555,0.6,0.7323717948717949,0.26666666666666666,0.9230769230769231,0.5416666666666666,0.4137931034482759,0.6185567010309279,0.3351313685527426,-0.023504273504273532,-0.027850351930704398,0.006311803071744171,0.00947220187200798,0,auc_gain_too_small|ap_drop_too_large
candidate_eval,cat_member_03,cat_member_03,1,0.45,0.3,0.25,0.25,0.7622863247863249,0.3798561195810748,0.6,0.7323717948717949,0.26666666666666666,0.9230769230769231,0.5416666666666666,0.4137931034482759,0.6185567010309279,0.3351313685527426,-0.023504273504273532,-0.03372421348895516,0.006311803071744171,0.00947220187200798,0,auc_gain_too_small|ap_drop_too_large
candidate_eval,cat_member_03,cat_member_03,1,0.55,0.25,0.2,0.23,0.7622863247863249,0.3776139173388726,0.6,0.7323717948717949,0.26666666666666666,0.9230769230769231,0.5416666666666666,0.4137931034482759,0.6185567010309279,0.3351313685527426,-0.023504273504273532,-0.03596641573115733,0.006311803071744171,0.00947220187200798,0,auc_gain_too_small|ap_drop_too_large
candidate_eval,cat_member_02,cat_member_02,1,0.05,0.75,0.2,0.15,0.7617521367521368,0.40535740333925563,0.5764705882352941,0.718482905982906,0.2553191489361702,0.9230769230769231,0.5138888888888888,0.4,0.6060606060606061,0.31633311383796653,-0.024038461538461564,-0.00822292973077432,-0.00618429189857761,-0.009326052842768107,0,auc_gain_too_small|f2_drop_too_large|ap_drop_too_large
candidate_eval,cat_member_02|cat_member_04,cat_member_02|cat_member_04,2,0.1,0.65,0.25,0.25,0.7617521367521368,0.40520258726780467,0.5882352941176471,0.7254273504273505,0.2608695652173913,0.9230769230769231,0.5277777777777778,0.4067796610169491,0.6122448979591837,0.32565916668073464,-0.024038461538461564,-0.008377745802225278,0.0,0.0,0,auc_gain_too_small|ap_drop_too_large
candidate_eval,cat_member_02|cat_member_04,cat_member_02|cat_member_04,2,0.05,0.7,0.25,0.18,0.7617521367521368,0.40520258726780467,0.5764705882352941,0.718482905982906,0.2553191489361702,0.9230769230769231,0.5138888888888888,0.4,0.6060606060606061,0.31633311383796653,-0.024038461538461564,-0.008377745802225278,-0.00618429189857761,-0.009326052842768107,0,auc_gain_too_small|f2_drop_too_large|ap_drop_too_large
candidate_eval,cat_member_02|cat_member_04,cat_member_02|cat_member_04,2,0.05,0.75,0.2,0.17,0.7617521367521368,0.39132270324497664,0.5764705882352941,0.718482905982906,0.2553191489361702,0.9230769230769231,0.5138888888888888,0.4,0.6060606060606061,0.31633311383796653,-0.024038461538461564,-0.022257629825053304,-0.00618429189857761,-0.009326052842768107,0,auc_gain_too_small|f2_drop_too_large|ap_drop_too_large
candidate_eval,cat_member_04,cat_member_04,1,0.1,0.65,0.25,0.26,0.7617521367521368,0.39029123677953104,0.5882352941176471,0.7254273504273505,0.2608695652173913,0.9230769230769231,0.5277777777777778,0.4067796610169491,0.6122448979591837,0.32565916668073464,-0.024038461538461564,-0.023289096290498912,0.0,0.0,0,auc_gain_too_small|ap_drop_too_large
candidate_eval,cat_member_02|cat_member_03,cat_member_02|cat_member_03,2,0.35,0.4,0.25,0.23,0.7617521367521368,0.38990206149199136,0.5882352941176471,0.7254273504273505,0.2608695652173913,0.9230769230769231,0.5277777777777778,0.4067796610169491,0.6122448979591837,0.32565916668073464,-0.024038461538461564,-0.02367827157803859,0.0,0.0,0,auc_gain_too_small|ap_drop_too_large
candidate_eval,cat_member_04,cat_member_04,1,0.35,0.5,0.15,0.22,0.7617521367521368,0.38925091073920504,0.5882352941176471,0.7254273504273505,0.2608695652173913,0.9230769230769231,0.5277777777777778,0.4067796610169491,0.6122448979591837,0.32565916668073464,-0.024038461538461564,-0.024329422330824912,0.0,0.0,0,auc_gain_too_small|ap_drop_too_large
candidate_eval,cat_member_04,cat_member_04,1,0.1,0.7,0.2,0.25,0.7617521367521368,0.3880234049210436,0.5882352941176471,0.7254273504273505,0.2608695652173913,0.9230769230769231,0.5277777777777778,0.4067796610169491,0.6122448979591837,0.32565916668073464,-0.024038461538461564,-0.025556928148986358,0.0,0.0,0,auc_gain_too_small|ap_drop_too_large
candidate_eval,cat_member_04,cat_member_04,1,0.05,0.7,0.25,0.26,0.7617521367521368,0.3879144280678807,0.5882352941176471,0.7254273504273505,0.2608695652173913,0.9230769230769231,0.5277777777777778,0.4067796610169491,0.6122448979591837,0.32565916668073464,-0.024038461538461564,-0.02566590500214927,0.0,0.0,0,auc_gain_too_small|ap_drop_too_large
candidate_eval,cat_member_04,cat_member_04,1,0.25,0.55,0.2,0.24,0.7617521367521368,0.3878987677101954,0.5882352941176471,0.7254273504273505,0.2608695652173913,0.9230769230769231,0.5277777777777778,0.4067796610169491,0.6122448979591837,0.32565916668073464,-0.024038461538461564,-0.02568156535983457,0.0,0.0,0,auc_gain_too_small|ap_drop_too_large
candidate_eval,cat_member_02,cat_member_02,1,0.1,0.65,0.25,0.25,0.7617521367521367,0.4011438122992892,0.5882352941176471,0.7254273504273505,0.2608695652173913,0.9230769230769231,0.5277777777777778,0.4067796610169491,0.6122448979591837,0.32565916668073464,-0.024038461538461675,-0.012436520770740755,0.0,0.0,0,auc_gain_too_small|ap_drop_too_large
candidate_eval,cat_member_02,cat_member_02,1,0.15,0.6,0.25,0.25,0.7617521367521367,0.4011438122992892,0.5882352941176471,0.7254273504273505,0.2608695652173913,0.9230769230769231,0.5277777777777778,0.4067796610169491,0.6122448979591837,0.32565916668073464,-0.024038461538461675,-0.012436520770740755,0.0,0.0,0,auc_gain_too_small|ap_drop_too_large
candidate_eval,cat_member_02|cat_member_03,cat_member_02|cat_member_03,2,0.75,0.15,0.1,0.19,0.7617521367521367,0.3890956514167605,0.6,0.7323717948717949,0.26666666666666666,0.9230769230769231,0.5416666666666666,0.4137931034482759,0.6185567010309279,0.3351313685527426,-0.024038461538461675,-0.024484681653269447,0.006311803071744171,0.00947220187200798,0,auc_gain_too_small|ap_drop_too_large
candidate_eval,cat_member_04,cat_member_04,1,0.7,0.2,0.1,0.22,0.7617521367521367,0.38775262500752694,0.6,0.7323717948717949,0.26666666666666666,0.9230769230769231,0.5416666666666666,0.4137931034482759,0.6185567010309279,0.3351313685527426,-0.024038461538461675,-0.025827708062503008,0.006311803071744171,0.00947220187200798,0,auc_gain_too_small|ap_drop_too_large
candidate_eval,cat_member_04,cat_member_04,1,0.5,0.35,0.15,0.21,0.7617521367521367,0.3876113170089557,0.5882352941176471,0.7254273504273505,0.2608695652173913,0.9230769230769231,0.5277777777777778,0.4067796610169491,0.6122448979591837,0.32565916668073464,-0.024038461538461675,-0.025969016061074268,0.0,0.0,0,auc_gain_too_small|ap_drop_too_large
candidate_eval,cat_member_01|cat_member_04,cat_member_01|cat_member_04,2,0.4,0.35,0.25,0.28,0.7617521367521367,0.3844993563819862,0.6,0.7323717948717949,0.26666666666666666,0.9230769230769231,0.5416666666666666,0.4137931034482759,0.6185567010309279,0.3351313685527426,-0.024038461538461675,-0.02908097668804377,0.006311803071744171,0.00947220187200798,0,auc_gain_too_small|ap_drop_too_large
candidate_eval,cat_member_03,cat_member_03,1,0.65,0.2,0.15,0.22,0.7612179487179489,0.37282776897240744,0.6,0.7323717948717949,0.26666666666666666,0.9230769230769231,0.5416666666666666,0.4137931034482759,0.6185567010309279,0.3351313685527426,-0.024572649572649485,-0.04075256409762251,0.006311803071744171,0.00947220187200798,0,auc_gain_too_small|ap_drop_too_large
candidate_eval,cat_member_01|cat_member_03,cat_member_01|cat_member_03,2,0.6,0.2,0.2,0.22,0.7612179487179488,0.38563144371967906,0.6,0.7323717948717949,0.26666666666666666,0.9230769230769231,0.5416666666666666,0.4137931034482759,0.6185567010309279,0.3351313685527426,-0.024572649572649596,-0.02794888935035089,0.006311803071744171,0.00947220187200798,0,auc_gain_too_small|ap_drop_too_large
candidate_eval,cat_member_01|cat_member_03,cat_member_01|cat_member_03,2,0.7,0.15,0.15,0.21,0.7612179487179488,0.38425143232835546,0.6,0.7323717948717949,0.26666666666666666,0.9230769230769231,0.5416666666666666,0.4137931034482759,0.6185567010309279,0.3351313685527426,-0.024572649572649596,-0.02932890074167449,0.006311803071744171,0.00947220187200798,0,auc_gain_too_small|ap_drop_too_large
candidate_eval,cat_member_01,cat_member_01,1,0.6,0.15,0.25,0.3,0.7612179487179488,0.3835269606187285,0.611764705882353,0.7393162393162394,0.2727272727272727,0.9230769230769231,0.5555555555555556,0.4210526315789473,0.625,0.34476393030979247,-0.024572649572649596,-0.030053372451301463,0.012755102040816313,0.01910476362905783,0,auc_gain_too_small|ap_drop_too_large
candidate_eval,cat_member_01|cat_member_03,cat_member_01|cat_member_03,2,0.55,0.2,0.25,0.23,0.7612179487179488,0.3805343688011653,0.6,0.7323717948717949,0.26666666666666666,0.9230769230769231,0.5416666666666666,0.4137931034482759,0.6185567010309279,0.3351313685527426,-0.024572649572649596,-0.033045964268864636,0.006311803071744171,0.00947220187200798,0,auc_gain_too_small|ap_drop_too_large
candidate_eval,cat_member_02,cat_member_02,1,0.2,0.55,0.25,0.24,0.7606837606837608,0.3981852324176325,0.5882352941176471,0.7254273504273505,0.2608695652173913,0.9230769230769231,0.5277777777777778,0.4067796610169491,0.6122448979591837,0.32565916668073464,-0.02510683760683763,-0.015395100652397464,0.0,0.0,0,auc_gain_too_small|ap_drop_too_large
candidate_eval,cat_member_04,cat_member_04,1,0.15,0.65,0.2,0.24,0.7606837606837608,0.3862836051043207,0.5882352941176471,0.7254273504273505,0.2608695652173913,0.9230769230769231,0.5277777777777778,0.4067796610169491,0.6122448979591837,0.32565916668073464,-0.02510683760683763,-0.027296727965709255,0.0,0.0,0,auc_gain_too_small|ap_drop_too_large
candidate_eval,cat_member_03|cat_member_04,cat_member_03|cat_member_04,2,0.3,0.45,0.25,0.24,0.7606837606837608,0.38614732306959654,0.5882352941176471,0.7254273504273505,0.2608695652173913,0.9230769230769231,0.5277777777777778,0.4067796610169491,0.6122448979591837,0.32565916668073464,-0.02510683760683763,-0.02743301000043341,0.0,0.0,0,auc_gain_too_small|ap_drop_too_large
candidate_eval,cat_member_02|cat_member_03,cat_member_02|cat_member_03,2,0.5,0.3,0.2,0.24,0.7606837606837608,0.3854719774060369,0.6,0.7323717948717949,0.26666666666666666,0.9230769230769231,0.5416666666666666,0.4137931034482759,0.6185567010309279,0.3351313685527426,-0.02510683760683763,-0.028108355663993057,0.006311803071744171,0.00947220187200798,0,auc_gain_too_small|ap_drop_too_large
candidate_eval,cat_member_02|cat_member_04,cat_member_02|cat_member_04,2,0.05,0.8,0.15,0.16,0.7606837606837608,0.3830232204281496,0.5764705882352941,0.718482905982906,0.2553191489361702,0.9230769230769231,0.5138888888888888,0.4,0.6060606060606061,0.31633311383796653,-0.02510683760683763,-0.030557112641880324,-0.00618429189857761,-0.009326052842768107,0,auc_gain_too_small|f2_drop_too_large|ap_drop_too_large
candidate_eval,cat_member_01|cat_member_04,cat_member_01|cat_member_04,2,0.55,0.25,0.2,0.25,0.7606837606837608,0.38053345528835725,0.6,0.7323717948717949,0.26666666666666666,0.9230769230769231,0.5416666666666666,0.4137931034482759,0.6185567010309279,0.3351313685527426,-0.02510683760683763,-0.0330468777816727,0.006311803071744171,0.00947220187200798,0,auc_gain_too_small|ap_drop_too_large
candidate_eval,cat_member_02|cat_member_04,cat_member_02|cat_member_04,2,0.25,0.5,0.25,0.24,0.7606837606837606,0.39952437910090866,0.5882352941176471,0.7254273504273505,0.2608695652173913,0.9230769230769231,0.5277777777777778,0.4067796610169491,0.6122448979591837,0.32565916668073464,-0.02510683760683774,-0.014055953969121293,0.0,0.0,0,auc_gain_too_small|ap_drop_too_large
candidate_eval,cat_member_02,cat_member_02,1,0.25,0.5,0.25,0.24,0.7606837606837606,0.3971828292480466,0.5882352941176471,0.7254273504273505,0.2608695652173913,0.9230769230769231,0.5277777777777778,0.4067796610169491,0.6122448979591837,0.32565916668073464,-0.02510683760683774,-0.01639750382198335,0.0,0.0,0,auc_gain_too_small|ap_drop_too_large
candidate_eval,cat_member_02|cat_member_04,cat_member_02|cat_member_04,2,0.4,0.4,0.2,0.22,0.7606837606837606,0.39513595611254215,0.5882352941176471,0.7254273504273505,0.2608695652173913,0.9230769230769231,0.5277777777777778,0.4067796610169491,0.6122448979591837,0.32565916668073464,-0.02510683760683774,-0.018444376957487796,0.0,0.0,0,auc_gain_too_small|ap_drop_too_large
candidate_eval,cat_member_01|cat_member_04,cat_member_01|cat_member_04,2,0.45,0.3,0.25,0.27,0.7606837606837606,0.38100285288548263,0.6,0.7323717948717949,0.26666666666666666,0.9230769230769231,0.5416666666666666,0.4137931034482759,0.6185567010309279,0.3351313685527426,-0.02510683760683774,-0.032577480184547314,0.006311803071744171,0.00947220187200798,0,auc_gain_too_small|ap_drop_too_large
candidate_eval,cat_member_03,cat_member_03,1,0.5,0.25,0.25,0.24,0.7601495726495727,0.37061950046542347,0.6,0.7323717948717949,0.26666666666666666,0.9230769230769231,0.5416666666666666,0.4137931034482759,0.6185567010309279,0.3351313685527426,-0.02564102564102566,-0.04296083260460648,0.006311803071744171,0.00947220187200798,0,auc_gain_too_small|ap_drop_too_large
candidate_eval,cat_member_02,cat_member_02,1,0.45,0.35,0.2,0.25,0.7596153846153847,0.38958951265623587,0.6,0.7323717948717949,0.26666666666666666,0.9230769230769231,0.5416666666666666,0.4137931034482759,0.6185567010309279,0.3351313685527426,-0.026175213675213693,-0.02399082041379408,0.006311803071744171,0.00947220187200798,0,auc_gain_too_small|ap_drop_too_large
candidate_eval,cat_member_02|cat_member_03,cat_member_02|cat_member_03,2,0.85,0.1,0.05,0.18,0.7596153846153847,0.38792944981670474,0.6,0.7323717948717949,0.26666666666666666,0.9230769230769231,0.5416666666666666,0.4137931034482759,0.6185567010309279,0.3351313685527426,-0.026175213675213693,-0.025650883253325207,0.006311803071744171,0.00947220187200798,0,auc_gain_too_small|ap_drop_too_large
candidate_eval,cat_member_04,cat_member_04,1,0.15,0.6,0.25,0.25,0.7596153846153847,0.3860080726862404,0.5882352941176471,0.7254273504273505,0.2608695652173913,0.9230769230769231,0.5277777777777778,0.4067796610169491,0.6122448979591837,0.32565916668073464,-0.026175213675213693,-0.02757226038378957,0.0,0.0,0,auc_gain_too_small|ap_drop_too_large
candidate_eval,cat_member_04,cat_member_04,1,0.05,0.75,0.2,0.25,0.7596153846153847,0.38057017439089,0.5882352941176471,0.7254273504273505,0.2608695652173913,0.9230769230769231,0.5277777777777778,0.4067796610169491,0.6122448979591837,0.32565916668073464,-0.026175213675213693,-0.03301015867913992,0.0,0.0,0,auc_gain_too_small|ap_drop_too_large
candidate_eval,cat_member_01|cat_member_04,cat_member_01|cat_member_04,2,0.65,0.2,0.15,0.22,0.7596153846153847,0.37917819290368304,0.6,0.7323717948717949,0.26666666666666666,0.9230769230769231,0.5416666666666666,0.4137931034482759,0.6185567010309279,0.3351313685527426,-0.026175213675213693,-0.034402140166346906,0.006311803071744171,0.00947220187200798,0,auc_gain_too_small|ap_drop_too_large
candidate_eval,cat_member_03|cat_member_04,cat_member_03|cat_member_04,2,0.85,0.1,0.05,0.24,0.7596153846153847,0.37445284978179716,0.611764705882353,0.7393162393162394,0.2727272727272727,0.9230769230769231,0.5555555555555556,0.4210526315789473,0.625,0.34476393030979247,-0.026175213675213693,-0.03912748328823279,0.012755102040816313,0.01910476362905783,0,auc_gain_too_small|ap_drop_too_large
candidate_eval,cat_member_03|cat_member_04,cat_member_03|cat_member_04,2,0.75,0.15,0.1,0.2,0.7596153846153847,0.3739403570285923,0.6,0.7323717948717949,0.26666666666666666,0.9230769230769231,0.5416666666666666,0.4137931034482759,0.6185567010309279,0.3351313685527426,-0.026175213675213693,-0.03963997604143765,0.006311803071744171,0.00947220187200798,0,auc_gain_too_small|ap_drop_too_large
candidate_eval,cat_member_02,cat_member_02,1,0.3,0.45,0.25,0.24,0.7596153846153846,0.39601053398660413,0.5882352941176471,0.7254273504273505,0.2608695652173913,0.9230769230769231,0.5277777777777778,0.4067796610169491,0.6122448979591837,0.32565916668073464,-0.026175213675213804,-0.01756979908342582,0.0,0.0,0,auc_gain_too_small|ap_drop_too_large
candidate_eval,cat_member_02|cat_member_04,cat_member_02|cat_member_04,2,0.45,0.35,0.2,0.26,0.7596153846153846,0.3928634634414988,0.6,0.7323717948717949,0.26666666666666666,0.9230769230769231,0.5416666666666666,0.4137931034482759,0.6185567010309279,0.3351313685527426,-0.026175213675213804,-0.020716869628531143,0.006311803071744171,0.00947220187200798,0,auc_gain_too_small|ap_drop_too_large
candidate_eval,cat_member_02|cat_member_04,cat_member_02|cat_member_04,2,0.6,0.25,0.15,0.23,0.7596153846153846,0.39116633016541813,0.6,0.7323717948717949,0.26666666666666666,0.9230769230769231,0.5416666666666666,0.4137931034482759,0.6185567010309279,0.3351313685527426,-0.026175213675213804,-0.02241400290461182,0.006311803071744171,0.00947220187200798,0,auc_gain_too_small|ap_drop_too_large
candidate_eval,cat_member_01|cat_member_02,cat_member_01|cat_member_02,2,0.45,0.3,0.25,0.25,0.7596153846153846,0.38912680361509544,0.6,0.7323717948717949,0.26666666666666666,0.9230769230769231,0.5416666666666666,0.4137931034482759,0.6185567010309279,0.3351313685527426,-0.026175213675213804,-0.02445352945493451,0.006311803071744171,0.00947220187200798,0,auc_gain_too_small|ap_drop_too_large
candidate_eval,cat_member_04,cat_member_04,1,0.35,0.45,0.2,0.23,0.7596153846153846,0.3853647195971196,0.5882352941176471,0.7254273504273505,0.2608695652173913,0.9230769230769231,0.5277777777777778,0.4067796610169491,0.6122448979591837,0.32565916668073464,-0.026175213675213804,-0.02821561347291035,0.0,0.0,0,auc_gain_too_small|ap_drop_too_large
candidate_eval,cat_member_02|cat_member_03,cat_member_02|cat_member_03,2,0.55,0.25,0.2,0.23,0.7596153846153846,0.38436623051086904,0.6,0.7323717948717949,0.26666666666666666,0.9230769230769231,0.5416666666666666,0.4137931034482759,0.6185567010309279,0.3351313685527426,-0.026175213675213804,-0.029214102559160904,0.006311803071744171,0.00947220187200798,0,auc_gain_too_small|ap_drop_too_large
candidate_eval,cat_member_04,cat_member_04,1,0.55,0.3,0.15,0.25,0.7596153846153846,0.38353945411748946,0.6,0.7323717948717949,0.26666666666666666,0.9230769230769231,0.5416666666666666,0.4137931034482759,0.6185567010309279,0.3351313685527426,-0.026175213675213804,-0.030040878952540484,0.006311803071744171,0.00947220187200798,0,auc_gain_too_small|ap_drop_too_large
candidate_eval,cat_member_01,cat_member_01,1,0.85,0.1,0.05,0.24,0.7590811965811967,0.38713028866776367,0.611764705882353,0.7393162393162394,0.2727272727272727,0.9230769230769231,0.5555555555555556,0.4210526315789473,0.625,0.34476393030979247,-0.026709401709401726,-0.02645004440226628,0.012755102040816313,0.01910476362905783,0,auc_gain_too_small|ap_drop_too_large
candidate_eval,cat_member_01|cat_member_03,cat_member_01|cat_member_03,2,0.8,0.1,0.1,0.19,0.7590811965811967,0.3805343750940917,0.6,0.7323717948717949,0.26666666666666666,0.9230769230769231,0.5416666666666666,0.4137931034482759,0.6185567010309279,0.3351313685527426,-0.026709401709401726,-0.033045957975938234,0.006311803071744171,0.00947220187200798,0,auc_gain_too_small|ap_drop_too_large
candidate_eval,cat_member_01|cat_member_03,cat_member_01|cat_member_03,2,0.65,0.15,0.2,0.28,0.7590811965811967,0.3785103785103785,0.611764705882353,0.7393162393162394,0.2727272727272727,0.9230769230769231,0.5555555555555556,0.4210526315789473,0.625,0.34476393030979247,-0.026709401709401726,-0.03506995455965145,0.012755102040816313,0.01910476362905783,0,auc_gain_too_small|ap_drop_too_large
candidate_eval,cat_member_03,cat_member_03,1,0.75,0.15,0.1,0.2,0.7590811965811967,0.3672453322563147,0.6,0.7323717948717949,0.26666666666666666,0.9230769230769231,0.5416666666666666,0.4137931034482759,0.6185567010309279,0.3351313685527426,-0.026709401709401726,-0.04633500081371522,0.006311803071744171,0.00947220187200798,0,auc_gain_too_small|ap_drop_too_large
candidate_eval,cat_member_03|cat_member_04,cat_member_03|cat_member_04,2,0.35,0.4,0.25,0.23,0.7585470085470086,0.37852003368446885,0.5882352941176471,0.7254273504273505,0.2608695652173913,0.9230769230769231,0.5277777777777778,0.4067796610169491,0.6122448979591837,0.32565916668073464,-0.027243589743589758,-0.0350602993855611,0.0,0.0,0,auc_gain_too_small|ap_drop_too_large
candidate_eval,cat_member_03|cat_member_04,cat_member_03|cat_member_04,2,0.4,0.35,0.25,0.28,0.7585470085470086,0.375547161146379,0.6,0.7323717948717949,0.26666666666666666,0.9230769230769231,0.5416666666666666,0.4137931034482759,0.6185567010309279,0.3351313685527426,-0.027243589743589758,-0.038033171923650966,0.006311803071744171,0.00947220187200798,0,auc_gain_too_small|ap_drop_too_large
candidate_eval,cat_member_03|cat_member_04,cat_member_03|cat_member_04,2,0.5,0.3,0.2,0.26,0.7585470085470086,0.37484508544430317,0.6,0.7323717948717949,0.26666666666666666,0.9230769230769231,0.5416666666666666,0.4137931034482759,0.6185567010309279,0.3351313685527426,-0.027243589743589758,-0.038735247625726776,0.006311803071744171,0.00947220187200798,0,auc_gain_too_small|ap_drop_too_large
candidate_eval,cat_member_02|cat_member_04,cat_member_02|cat_member_04,2,0.3,0.45,0.25,0.24,0.7585470085470085,0.39095242035005906,0.5882352941176471,0.7254273504273505,0.2608695652173913,0.9230769230769231,0.5277777777777778,0.4067796610169491,0.6122448979591837,0.32565916668073464,-0.02724358974358987,-0.02262791271997089,0.0,0.0,0,auc_gain_too_small|ap_drop_too_large
candidate_eval,cat_member_01|cat_member_02,cat_member_01|cat_member_02,2,0.5,0.25,0.25,0.24,0.7585470085470085,0.3866757597424829,0.6,0.7323717948717949,0.26666666666666666,0.9230769230769231,0.5416666666666666,0.4137931034482759,0.6185567010309279,0.3351313685527426,-0.02724358974358987,-0.026904573327547032,0.006311803071744171,0.00947220187200798,0,auc_gain_too_small|ap_drop_too_large
candidate_eval,cat_member_01|cat_member_02,cat_member_01|cat_member_02,2,0.75,0.15,0.1,0.25,0.7585470085470085,0.3827821869488536,0.611764705882353,0.7393162393162394,0.2727272727272727,0.9230769230769231,0.5555555555555556,0.4210526315789473,0.625,0.34476393030979247,-0.02724358974358987,-0.030798146121176373,0.012755102040816313,0.01910476362905783,0,auc_gain_too_small|ap_drop_too_large
candidate_eval,cat_member_02|cat_member_03,cat_member_02|cat_member_03,2,0.65,0.2,0.15,0.21,0.7585470085470085,0.3821226407672793,0.6,0.7323717948717949,0.26666666666666666,0.9230769230769231,0.5416666666666666,0.4137931034482759,0.6185567010309279,0.3351313685527426,-0.02724358974358987,-0.03145769230275064,0.006311803071744171,0.00947220187200798,0,auc_gain_too_small|ap_drop_too_large
candidate_eval,cat_member_04,cat_member_04,1,0.45,0.35,0.2,0.22,0.7585470085470085,0.3819200209191089,0.5882352941176471,0.7254273504273505,0.2608695652173913,0.9230769230769231,0.5277777777777778,0.4067796610169491,0.6122448979591837,0.32565916668073464,-0.02724358974358987,-0.03166031215092102,0.0,0.0,0,auc_gain_too_small|ap_drop_too_large
candidate_eval,cat_member_01|cat_member_04,cat_member_01|cat_member_04,2,0.5,0.25,0.25,0.26,0.7585470085470085,0.3761408289445114,0.6,0.7323717948717949,0.26666666666666666,0.9230769230769231,0.5416666666666666,0.4137931034482759,0.6185567010309279,0.3351313685527426,-0.02724358974358987,-0.03743950412551855,0.006311803071744171,0.00947220187200798,0,auc_gain_too_small|ap_drop_too_large
candidate_eval,cat_member_01|cat_member_03,cat_member_01|cat_member_03,2,0.9,0.05,0.05,0.24,0.7580128205128206,0.37667586681678433,0.611764705882353,0.7393162393162394,0.2727272727272727,0.9230769230769231,0.5555555555555556,0.4210526315789473,0.625,0.34476393030979247,-0.02777777777777779,-0.036904466253245616,0.012755102040816313,0.01910476362905783,0,auc_gain_too_small|ap_drop_too_large
candidate_eval,cat_member_03,cat_member_03,1,0.6,0.2,0.2,0.22,0.7580128205128205,0.36864185869576127,0.6,0.7323717948717949,0.26666666666666666,0.9230769230769231,0.5416666666666666,0.4137931034482759,0.6185567010309279,0.3351313685527426,-0.0277777777777779,-0.04493847437426868,0.006311803071744171,0.00947220187200798,0,auc_gain_too_small|ap_drop_too_large
candidate_eval,cat_member_02|cat_member_03,cat_member_02|cat_member_03,2,0.4,0.35,0.25,0.26,0.7574786324786326,0.37780027439020425,0.6,0.7323717948717949,0.26666666666666666,0.9230769230769231,0.5416666666666666,0.4137931034482759,0.6185567010309279,0.3351313685527426,-0.028311965811965822,-0.0357800586798257,0.006311803071744171,0.00947220187200798,0,auc_gain_too_small|ap_drop_too_large
candidate_eval,cat_member_01|cat_member_04,cat_member_01|cat_member_04,2,0.75,0.15,0.1,0.2,0.7574786324786326,0.3765238299450858,0.6,0.7323717948717949,0.26666666666666666,0.9230769230769231,0.5416666666666666,0.4137931034482759,0.6185567010309279,0.3351313685527426,-0.028311965811965822,-0.03705650312494413,0.006311803071744171,0.00947220187200798,0,auc_gain_too_small|ap_drop_too_large
candidate_eval,cat_member_02,cat_member_02,1,0.5,0.3,0.2,0.24,0.7574786324786325,0.3865252026813567,0.6,0.7323717948717949,0.26666666666666666,0.9230769230769231,0.5416666666666666,0.4137931034482759,0.6185567010309279,0.3351313685527426,-0.028311965811965933,-0.027055130388673243,0.006311803071744171,0.00947220187200798,0,auc_gain_too_small|ap_drop_too_large
candidate_eval,cat_member_02,cat_member_02,1,0.6,0.25,0.15,0.22,0.7574786324786325,0.3865252026813567,0.6,0.7323717948717949,0.26666666666666666,0.9230769230769231,0.5416666666666666,0.4137931034482759,0.6185567010309279,0.3351313685527426,-0.028311965811965933,-0.027055130388673243,0.006311803071744171,0.00947220187200798,0,auc_gain_too_small|ap_drop_too_large
candidate_eval,cat_member_01|cat_member_02,cat_member_01|cat_member_02,2,0.6,0.2,0.2,0.22,0.7574786324786325,0.3820419320317321,0.6,0.7323717948717949,0.26666666666666666,0.9230769230769231,0.5416666666666666,0.4137931034482759,0.6185567010309279,0.3351313685527426,-0.028311965811965933,-0.03153840103829786,0.006311803071744171,0.00947220187200798,0,auc_gain_too_small|ap_drop_too_large
candidate_eval,cat_member_04,cat_member_04,1,0.4,0.4,0.2,0.23,0.7574786324786325,0.3814740900383954,0.5882352941176471,0.7254273504273505,0.2608695652173913,0.9230769230769231,0.5277777777777778,0.4067796610169491,0.6122448979591837,0.32565916668073464,-0.028311965811965933,-0.03210624303163456,0.0,0.0,0,auc_gain_too_small|ap_drop_too_large
candidate_eval,cat_member_04,cat_member_04,1,0.25,0.5,0.25,0.25,0.7574786324786325,0.38002123267468535,0.5882352941176471,0.7254273504273505,0.2608695652173913,0.9230769230769231,0.5277777777777778,0.4067796610169491,0.6122448979591837,0.32565916668073464,-0.028311965811965933,-0.0335591003953446,0.0,0.0,0,auc_gain_too_small|ap_drop_too_large
candidate_eval,cat_member_03|cat_member_04,cat_member_03|cat_member_04,2,0.65,0.2,0.15,0.22,0.7574786324786325,0.37288748737577915,0.6,0.7323717948717949,0.26666666666666666,0.9230769230769231,0.5416666666666666,0.4137931034482759,0.6185567010309279,0.3351313685527426,-0.028311965811965933,-0.0406928456942508,0.006311803071744171,0.00947220187200798,0,auc_gain_too_small|ap_drop_too_large
candidate_eval,cat_member_02|cat_member_04,cat_member_02|cat_member_04,2,0.5,0.3,0.2,0.25,0.7564102564102565,0.3847889468649579,0.6,0.7323717948717949,0.26666666666666666,0.9230769230769231,0.5416666666666666,0.4137931034482759,0.6185567010309279,0.3351313685527426,-0.029380341880341887,-0.028791386205072045,0.006311803071744171,0.00947220187200798,0,auc_gain_too_small|ap_drop_too_large
candidate_eval,cat_member_02|cat_member_04,cat_member_02|cat_member_04,2,0.75,0.15,0.1,0.2,0.7564102564102565,0.38103280136582207,0.6,0.7323717948717949,0.26666666666666666,0.9230769230769231,0.5416666666666666,0.4137931034482759,0.6185567010309279,0.3351313685527426,-0.029380341880341887,-0.03254753170420788,0.006311803071744171,0.00947220187200798,0,auc_gain_too_small|ap_drop_too_large
candidate_eval,cat_member_04,cat_member_04,1,0.75,0.15,0.1,0.21,0.7564102564102565,0.3790647719091047,0.6,0.7323717948717949,0.26666666666666666,0.9230769230769231,0.5416666666666666,0.4137931034482759,0.6185567010309279,0.3351313685527426,-0.029380341880341887,-0.034515561160925246,0.006311803071744171,0.00947220187200798,0,auc_gain_too_small|ap_drop_too_large
candidate_eval,cat_member_01|cat_member_04,cat_member_01|cat_member_04,2,0.7,0.15,0.15,0.27,0.7564102564102565,0.37560883242375354,0.611764705882353,0.7393162393162394,0.2727272727272727,0.9230769230769231,0.5555555555555556,0.4210526315789473,0.625,0.34476393030979247,-0.029380341880341887,-0.03797150064627641,0.012755102040816313,0.01910476362905783,0,auc_gain_too_small|ap_drop_too_large
candidate_eval,cat_member_03|cat_member_04,cat_member_03|cat_member_04,2,0.55,0.25,0.2,0.24,0.7564102564102565,0.3712680541773985,0.6,0.7323717948717949,0.26666666666666666,0.9230769230769231,0.5416666666666666,0.4137931034482759,0.6185567010309279,0.3351313685527426,-0.029380341880341887,-0.04231227889263145,0.006311803071744171,0.00947220187200798,0,auc_gain_too_small|ap_drop_too_large
candidate_eval,cat_member_02,cat_member_02,1,0.35,0.4,0.25,0.26,0.7564102564102564,0.3835911250789008,0.6,0.7323717948717949,0.26666666666666666,0.9230769230769231,0.5416666666666666,0.4137931034482759,0.6185567010309279,0.3351313685527426,-0.029380341880341998,-0.02998920799112914,0.006311803071744171,0.00947220187200798,0,auc_gain_too_small|ap_drop_too_large
candidate_eval,cat_member_04,cat_member_04,1,0.3,0.45,0.25,0.24,0.7564102564102564,0.379866911687031,0.5882352941176471,0.7254273504273505,0.2608695652173913,0.9230769230769231,0.5277777777777778,0.4067796610169491,0.6122448979591837,0.32565916668073464,-0.029380341880341998,-0.03371342138299893,0.0,0.0,0,auc_gain_too_small|ap_drop_too_large
candidate_eval,cat_member_04,cat_member_04,1,0.35,0.4,0.25,0.24,0.7564102564102564,0.37902628889518875,0.5882352941176471,0.7254273504273505,0.2608695652173913,0.9230769230769231,0.5277777777777778,0.4067796610169491,0.6122448979591837,0.32565916668073464,-0.029380341880341998,-0.0345540441748412,0.0,0.0,0,auc_gain_too_small|ap_drop_too_large
candidate_eval,cat_member_04,cat_member_04,1,0.6,0.25,0.15,0.24,0.7564102564102564,0.3758197228683464,0.6,0.7323717948717949,0.26666666666666666,0.9230769230769231,0.5416666666666666,0.4137931034482759,0.6185567010309279,0.3351313685527426,-0.029380341880341998,-0.03776061020168353,0.006311803071744171,0.00947220187200798,0,auc_gain_too_small|ap_drop_too_large
candidate_eval,cat_member_03|cat_member_04,cat_member_03|cat_member_04,2,0.45,0.3,0.25,0.26,0.7564102564102564,0.37392373183307626,0.6,0.7323717948717949,0.26666666666666666,0.9230769230769231,0.5416666666666666,0.4137931034482759,0.6185567010309279,0.3351313685527426,-0.029380341880341998,-0.03965660123695369,0.006311803071744171,0.00947220187200798,0,auc_gain_too_small|ap_drop_too_large
candidate_eval,cat_member_03,cat_member_03,1,0.8,0.1,0.1,0.25,0.7558760683760685,0.3570534159932893,0.611764705882353,0.7393162393162394,0.2727272727272727,0.9230769230769231,0.5555555555555556,0.4210526315789473,0.625,0.34476393030979247,-0.02991452991452992,-0.056526917076740624,0.012755102040816313,0.01910476362905783,0,auc_gain_too_small|ap_drop_too_large
candidate_eval,cat_member_01|cat_member_03,cat_member_01|cat_member_03,2,0.75,0.1,0.15,0.19,0.7558760683760684,0.3690502234707268,0.6,0.7323717948717949,0.26666666666666666,0.9230769230769231,0.5416666666666666,0.4137931034482759,0.6185567010309279,0.3351313685527426,-0.02991452991453003,-0.04453010959930315,0.006311803071744171,0.00947220187200798,0,auc_gain_too_small|ap_drop_too_large
candidate_eval,cat_member_01|cat_member_02,cat_member_01|cat_member_02,2,0.85,0.1,0.05,0.24,0.7553418803418804,0.3874259877549351,0.611764705882353,0.7393162393162394,0.2727272727272727,0.9230769230769231,0.5555555555555556,0.4210526315789473,0.625,0.34476393030979247,-0.03044871794871795,-0.026154345315094862,0.012755102040816313,0.01910476362905783,0,auc_gain_too_small|ap_drop_too_large
candidate_eval,cat_member_01|cat_member_04,cat_member_01|cat_member_04,2,0.6,0.2,0.2,0.23,0.7553418803418804,0.3713477082709884,0.6,0.7323717948717949,0.26666666666666666,0.9230769230769231,0.5416666666666666,0.4137931034482759,0.6185567010309279,0.3351313685527426,-0.03044871794871795,-0.04223262479904155,0.006311803071744171,0.00947220187200798,0,auc_gain_too_small|ap_drop_too_large
candidate_eval,cat_member_02|cat_member_04,cat_member_02|cat_member_04,2,0.35,0.4,0.25,0.24,0.7553418803418803,0.38637431801554645,0.5882352941176471,0.7254273504273505,0.2608695652173913,0.9230769230769231,0.5277777777777778,0.4067796610169491,0.6122448979591837,0.32565916668073464,-0.030448717948718063,-0.0272060150544835,0.0,0.0,0,auc_gain_too_small|ap_drop_too_large
candidate_eval,cat_member_02,cat_member_02,1,0.4,0.35,0.25,0.25,0.7553418803418803,0.3834405680177747,0.6,0.7323717948717949,0.26666666666666666,0.9230769230769231,0.5416666666666666,0.4137931034482759,0.6185567010309279,0.3351313685527426,-0.030448717948718063,-0.03013976505225524,0.006311803071744171,0.00947220187200798,0,auc_gain_too_small|ap_drop_too_large
candidate_eval,cat_member_04,cat_member_04,1,0.2,0.55,0.25,0.25,0.7553418803418803,0.3788619609271783,0.5882352941176471,0.7254273504273505,0.2608695652173913,0.9230769230769231,0.5277777777777778,0.4067796610169491,0.6122448979591837,0.32565916668073464,-0.030448717948718063,-0.03471837214285167,0.0,0.0,0,auc_gain_too_small|ap_drop_too_large
candidate_eval,cat_member_03|cat_member_04,cat_member_03|cat_member_04,2,0.7,0.15,0.15,0.21,0.7553418803418803,0.36287503346326877,0.6,0.7323717948717949,0.26666666666666666,0.9230769230769231,0.5416666666666666,0.4137931034482759,0.6185567010309279,0.3351313685527426,-0.030448717948718063,-0.05070529960676118,0.006311803071744171,0.00947220187200798,0,auc_gain_too_small|ap_drop_too_large
candidate_eval,cat_member_01,cat_member_01,1,0.8,0.1,0.1,0.19,0.7548076923076924,0.38350677295059477,0.6,0.7323717948717949,0.26666666666666666,0.9230769230769231,0.5416666666666666,0.4137931034482759,0.6185567010309279,0.3351313685527426,-0.030982905982905984,-0.030073560119435183,0.006311803071744171,0.00947220187200798,0,auc_gain_too_small|ap_drop_too_large
candidate_eval,cat_member_03,cat_member_03,1,0.55,0.2,0.25,0.23,0.7548076923076924,0.3629011790967226,0.6,0.7323717948717949,0.26666666666666666,0.9230769230769231,0.5416666666666666,0.4137931034482759,0.6185567010309279,0.3351313685527426,-0.030982905982905984,-0.050679153973307356,0.006311803071744171,0.00947220187200798,0,auc_gain_too_small|ap_drop_too_large
candidate_eval,cat_member_03,cat_member_03,1,0.9,0.05,0.05,0.24,0.7548076923076923,0.35067756439651643,0.611764705882353,0.7393162393162394,0.2727272727272727,0.9230769230769231,0.5555555555555556,0.4210526315789473,0.625,0.34476393030979247,-0.030982905982906095,-0.06290276867351352,0.012755102040816313,0.01910476362905783,0,auc_gain_too_small|ap_drop_too_large
candidate_eval,cat_member_02,cat_member_02,1,0.55,0.25,0.2,0.22,0.7542735042735043,0.3800980771752839,0.6,0.7323717948717949,0.26666666666666666,0.9230769230769231,0.5416666666666666,0.4137931034482759,0.6185567010309279,0.3351313685527426,-0.03151709401709413,-0.03348225589474607,0.006311803071744171,0.00947220187200798,0,auc_gain_too_small|ap_drop_too_large
candidate_eval,cat_member_04,cat_member_04,1,0.4,0.35,0.25,0.24,0.7542735042735043,0.37114681400804117,0.5882352941176471,0.7254273504273505,0.2608695652173913,0.9230769230769231,0.5277777777777778,0.4067796610169491,0.6122448979591837,0.32565916668073464,-0.03151709401709413,-0.04243351906198878,0.0,0.0,0,auc_gain_too_small|ap_drop_too_large
candidate_eval,cat_member_02|cat_member_03,cat_member_02|cat_member_03,2,0.7,0.15,0.15,0.2,0.7542735042735043,0.3706829806285241,0.6,0.7323717948717949,0.26666666666666666,0.9230769230769231,0.5416666666666666,0.4137931034482759,0.6185567010309279,0.3351313685527426,-0.03151709401709413,-0.04289735244150583,0.006311803071744171,0.00947220187200798,0,auc_gain_too_small|ap_drop_too_large
candidate_eval,cat_member_01,cat_member_01,1,0.75,0.1,0.15,0.27,0.7537393162393163,0.38034509049026977,0.611764705882353,0.7393162393162394,0.2727272727272727,0.9230769230769231,0.5555555555555556,0.4210526315789473,0.625,0.34476393030979247,-0.03205128205128205,-0.03323524257976018,0.012755102040816313,0.01910476362905783,0,auc_gain_too_small|ap_drop_too_large
candidate_eval,cat_member_03,cat_member_03,1,0.7,0.15,0.15,0.2,0.7537393162393163,0.35305477550031894,0.6,0.7323717948717949,0.26666666666666666,0.9230769230769231,0.5416666666666666,0.4137931034482759,0.6185567010309279,0.3351313685527426,-0.03205128205128205,-0.06052555756971101,0.006311803071744171,0.00947220187200798,0,auc_gain_too_small|ap_drop_too_large
candidate_eval,cat_member_01|cat_member_03,cat_member_01|cat_member_03,2,0.6,0.15,0.25,0.22,0.7537393162393162,0.36681651681651684,0.6,0.7323717948717949,0.26666666666666666,0.9230769230769231,0.5416666666666666,0.4137931034482759,0.6185567010309279,0.3351313685527426,-0.03205128205128216,-0.04676381625351311,0.006311803071744171,0.00947220187200798,0,auc_gain_too_small|ap_drop_too_large
candidate_eval,cat_member_03,cat_member_03,1,0.65,0.15,0.2,0.21,0.7537393162393162,0.3577226974476527,0.6,0.7323717948717949,0.26666666666666666,0.9230769230769231,0.5416666666666666,0.4137931034482759,0.6185567010309279,0.3351313685527426,-0.03205128205128216,-0.05585763562237722,0.006311803071744171,0.00947220187200798,0,auc_gain_too_small|ap_drop_too_large
candidate_eval,cat_member_01|cat_member_04,cat_member_01|cat_member_04,2,0.85,0.1,0.05,0.24,0.7532051282051283,0.3699231343669561,0.611764705882353,0.7393162393162394,0.2727272727272727,0.9230769230769231,0.5555555555555556,0.4210526315789473,0.625,0.34476393030979247,-0.03258547008547008,-0.04365719870307383,0.012755102040816313,0.01910476362905783,0,auc_gain_too_small|ap_drop_too_large
candidate_eval,cat_member_02|cat_member_04,cat_member_02|cat_member_04,2,0.85,0.1,0.05,0.24,0.7532051282051282,0.3823100510600511,0.611764705882353,0.7393162393162394,0.2727272727272727,0.9230769230769231,0.5555555555555556,0.4210526315789473,0.625,0.34476393030979247,-0.03258547008547019,-0.031270282009978834,0.012755102040816313,0.01910476362905783,0,auc_gain_too_small|ap_drop_too_large
candidate_eval,cat_member_02|cat_member_04,cat_member_02|cat_member_04,2,0.4,0.35,0.25,0.27,0.7532051282051282,0.38184118700662895,0.6,0.7323717948717949,0.26666666666666666,0.9230769230769231,0.5416666666666666,0.4137931034482759,0.6185567010309279,0.3351313685527426,-0.03258547008547019,-0.031739146063401,0.006311803071744171,0.00947220187200798,0,auc_gain_too_small|ap_drop_too_large
candidate_eval,cat_member_02,cat_member_02,1,0.45,0.3,0.25,0.24,0.7532051282051282,0.37745766203486864,0.6,0.7323717948717949,0.26666666666666666,0.9230769230769231,0.5416666666666666,0.4137931034482759,0.6185567010309279,0.3351313685527426,-0.03258547008547019,-0.03612267103516131,0.006311803071744171,0.00947220187200798,0,auc_gain_too_small|ap_drop_too_large
candidate_eval,cat_member_04,cat_member_04,1,0.5,0.3,0.2,0.27,0.7532051282051282,0.371403086872763,0.6,0.7323717948717949,0.26666666666666666,0.9230769230769231,0.5416666666666666,0.4137931034482759,0.6185567010309279,0.3351313685527426,-0.03258547008547019,-0.04217724619726693,0.006311803071744171,0.00947220187200798,0,auc_gain_too_small|ap_drop_too_large
candidate_eval,cat_member_02|cat_member_03,cat_member_02|cat_member_03,2,0.6,0.2,0.2,0.22,0.7532051282051282,0.37003715143720795,0.6,0.7323717948717949,0.26666666666666666,0.9230769230769231,0.5416666666666666,0.4137931034482759,0.6185567010309279,0.3351313685527426,-0.03258547008547019,-0.043543181632822,0.006311803071744171,0.00947220187200798,0,auc_gain_too_small|ap_drop_too_large
candidate_eval,cat_member_03|cat_member_04,cat_member_03|cat_member_04,2,0.5,0.25,0.25,0.25,0.7532051282051282,0.36480944706156193,0.6,0.7323717948717949,0.26666666666666666,0.9230769230769231,0.5416666666666666,0.4137931034482759,0.6185567010309279,0.3351313685527426,-0.03258547008547019,-0.04877088600846802,0.006311803071744171,0.00947220187200798,0,auc_gain_too_small|ap_drop_too_large
candidate_eval,cat_member_03|cat_member_04,cat_member_03|cat_member_04,2,0.8,0.1,0.1,0.19,0.7532051282051282,0.35753894731925207,0.6,0.7323717948717949,0.26666666666666666,0.9230769230769231,0.5416666666666666,0.4137931034482759,0.6185567010309279,0.3351313685527426,-0.03258547008547019,-0.05604138575077788,0.006311803071744171,0.00947220187200798,0,auc_gain_too_small|ap_drop_too_large
candidate_eval,cat_member_01,cat_member_01,1,0.9,0.05,0.05,0.17,0.7526709401709402,0.39283984240104985,0.6,0.7323717948717949,0.26666666666666666,0.9230769230769231,0.5416666666666666,0.4137931034482759,0.6185567010309279,0.3351313685527426,-0.033119658119658224,-0.020740490668980094,0.006311803071744171,0.00947220187200798,0,auc_gain_too_small|ap_drop_too_large
candidate_eval,cat_member_02,cat_member_02,1,0.85,0.1,0.05,0.18,0.7521367521367522,0.3771085102547951,0.6,0.7323717948717949,0.26666666666666666,0.9230769230769231,0.5416666666666666,0.4137931034482759,0.6185567010309279,0.3351313685527426,-0.033653846153846145,-0.03647182281523487,0.006311803071744171,0.00947220187200798,0,auc_gain_too_small|ap_drop_too_large
candidate_eval,cat_member_02|cat_member_03,cat_member_02|cat_member_03,2,0.9,0.05,0.05,0.24,0.7521367521367522,0.3706935598062612,0.611764705882353,0.7393162393162394,0.2727272727272727,0.9230769230769231,0.5555555555555556,0.4210526315789473,0.625,0.34476393030979247,-0.033653846153846145,-0.042886773263768774,0.012755102040816313,0.01910476362905783,0,auc_gain_too_small|ap_drop_too_large
candidate_eval,cat_member_01|cat_member_04,cat_member_01|cat_member_04,2,0.55,0.2,0.25,0.24,0.7521367521367522,0.3658480018726942,0.6,0.7323717948717949,0.26666666666666666,0.9230769230769231,0.5416666666666666,0.4137931034482759,0.6185567010309279,0.3351313685527426,-0.033653846153846145,-0.047732331197335776,0.006311803071744171,0.00947220187200798,0,auc_gain_too_small|ap_drop_too_large
candidate_eval,cat_member_03|cat_member_04,cat_member_03|cat_member_04,2,0.6,0.2,0.2,0.23,0.7521367521367522,0.362701620610965,0.6,0.7323717948717949,0.26666666666666666,0.9230769230769231,0.5416666666666666,0.4137931034482759,0.6185567010309279,0.3351313685527426,-0.033653846153846145,-0.050878712459064945,0.006311803071744171,0.00947220187200798,0,auc_gain_too_small|ap_drop_too_large
candidate_eval,cat_member_02|cat_member_04,cat_member_02|cat_member_04,2,0.55,0.25,0.2,0.24,0.7521367521367521,0.38078266941490535,0.6,0.7323717948717949,0.26666666666666666,0.9230769230769231,0.5416666666666666,0.4137931034482759,0.6185567010309279,0.3351313685527426,-0.033653846153846256,-0.0327976636551246,0.006311803071744171,0.00947220187200798,0,auc_gain_too_small|ap_drop_too_large
candidate_eval,cat_member_02|cat_member_04,cat_member_02|cat_member_04,2,0.65,0.2,0.15,0.22,0.7521367521367521,0.38012798783917123,0.6,0.7323717948717949,0.26666666666666666,0.9230769230769231,0.5416666666666666,0.4137931034482759,0.6185567010309279,0.3351313685527426,-0.033653846153846256,-0.033452345230858715,0.006311803071744171,0.00947220187200798,0,auc_gain_too_small|ap_drop_too_large
candidate_eval,cat_member_02|cat_member_03,cat_member_02|cat_member_03,2,0.45,0.3,0.25,0.25,0.7521367521367521,0.36919610651721557,0.6,0.7323717948717949,0.26666666666666666,0.9230769230769231,0.5416666666666666,0.4137931034482759,0.6185567010309279,0.3351313685527426,-0.033653846153846256,-0.044384226552814376,0.006311803071744171,0.00947220187200798,0,auc_gain_too_small|ap_drop_too_large
candidate_eval,cat_member_01,cat_member_01,1,0.7,0.1,0.2,0.29,0.7516025641025642,0.37762131853572856,0.6235294117647059,0.7462606837606838,0.27906976744186046,0.9230769230769231,0.5694444444444444,0.42857142857142855,0.631578947368421,0.3545717477008509,-0.03418803418803418,-0.03595901453430139,0.01933404940923733,0.02891258102011629,0,auc_gain_too_small|ap_drop_too_large
candidate_eval,cat_member_03,cat_member_03,1,0.75,0.1,0.15,0.19,0.7516025641025642,0.35802098786691083,0.6,0.7323717948717949,0.26666666666666666,0.9230769230769231,0.5416666666666666,0.4137931034482759,0.6185567010309279,0.3351313685527426,-0.03418803418803418,-0.055559345203119115,0.006311803071744171,0.00947220187200798,0,auc_gain_too_small|ap_drop_too_large
candidate_eval,cat_member_01|cat_member_02,cat_member_01|cat_member_02,2,0.55,0.2,0.25,0.23,0.7510683760683762,0.3732181374159843,0.6,0.7323717948717949,0.26666666666666666,0.9230769230769231,0.5416666666666666,0.4137931034482759,0.6185567010309279,0.3351313685527426,-0.03472222222222221,-0.04036219565404564,0.006311803071744171,0.00947220187200798,0,auc_gain_too_small|ap_drop_too_large
candidate_eval,cat_member_02|cat_member_03,cat_member_02|cat_member_03,2,0.5,0.25,0.25,0.23,0.7510683760683761,0.3662761098472189,0.6,0.7323717948717949,0.26666666666666666,0.9230769230769231,0.5416666666666666,0.4137931034482759,0.6185567010309279,0.3351313685527426,-0.03472222222222232,-0.047304223222811026,0.006311803071744171,0.00947220187200798,0,auc_gain_too_small|ap_drop_too_large
candidate_eval,cat_member_01|cat_member_03,cat_member_01|cat_member_03,2,0.85,0.05,0.1,0.17,0.750534188034188,0.362752761962307,0.6,0.7323717948717949,0.26666666666666666,0.9230769230769231,0.5416666666666666,0.4137931034482759,0.6185567010309279,0.3351313685527426,-0.03525641025641035,-0.05082757110772296,0.006311803071744171,0.00947220187200798,0,auc_gain_too_small|ap_drop_too_large
candidate_eval,cat_member_01|cat_member_03,cat_member_01|cat_member_03,2,0.7,0.1,0.2,0.28,0.750534188034188,0.3584260516593676,0.611764705882353,0.7393162393162394,0.2727272727272727,0.9230769230769231,0.5555555555555556,0.4210526315789473,0.625,0.34476393030979247,-0.03525641025641035,-0.055154281410662365,0.012755102040816313,0.01910476362905783,0,auc_gain_too_small|ap_drop_too_large
candidate_eval,cat_member_03|cat_member_04,cat_member_03|cat_member_04,2,0.9,0.05,0.05,0.24,0.7500000000000001,0.35924845168088826,0.611764705882353,0.7393162393162394,0.2727272727272727,0.9230769230769231,0.5555555555555556,0.4210526315789473,0.625,0.34476393030979247,-0.035790598290598274,-0.05433188138914169,0.012755102040816313,0.01910476362905783,0,auc_gain_too_small|ap_drop_too_large
candidate_eval,cat_member_02|cat_member_04,cat_member_02|cat_member_04,2,0.45,0.3,0.25,0.26,0.75,0.3782344929536855,0.6,0.7323717948717949,0.26666666666666666,0.9230769230769231,0.5416666666666666,0.4137931034482759,0.6185567010309279,0.3351313685527426,-0.035790598290598385,-0.03534584011634445,0.006311803071744171,0.00947220187200798,0,auc_gain_too_small|ap_drop_too_large
candidate_eval,cat_member_04,cat_member_04,1,0.85,0.1,0.05,0.24,0.75,0.37541804600628126,0.611764705882353,0.7393162393162394,0.2727272727272727,0.9230769230769231,0.5555555555555556,0.4210526315789473,0.625,0.34476393030979247,-0.035790598290598385,-0.03816228706374869,0.012755102040816313,0.01910476362905783,0,auc_gain_too_small|ap_drop_too_large
candidate_eval,cat_member_02,cat_member_02,1,0.65,0.2,0.15,0.21,0.75,0.37225809880412375,0.6,0.7323717948717949,0.26666666666666666,0.9230769230769231,0.5416666666666666,0.4137931034482759,0.6185567010309279,0.3351313685527426,-0.035790598290598385,-0.0413222342659062,0.006311803071744171,0.00947220187200798,0,auc_gain_too_small|ap_drop_too_large
candidate_eval,cat_member_04,cat_member_04,1,0.65,0.2,0.15,0.23,0.75,0.36480542014975303,0.6,0.7323717948717949,0.26666666666666666,0.9230769230769231,0.5416666666666666,0.4137931034482759,0.6185567010309279,0.3351313685527426,-0.035790598290598385,-0.048774912920276914,0.006311803071744171,0.00947220187200798,0,auc_gain_too_small|ap_drop_too_large
candidate_eval,cat_member_01,cat_member_01,1,0.65,0.1,0.25,0.3,0.749465811965812,0.3665947382783791,0.611764705882353,0.7393162393162394,0.2727272727272727,0.9230769230769231,0.5555555555555556,0.4210526315789473,0.625,0.34476393030979247,-0.03632478632478642,-0.046985594791650875,0.012755102040816313,0.01910476362905783,0,auc_gain_too_small|ap_drop_too_large
candidate_eval,cat_member_03,cat_member_03,1,0.6,0.15,0.25,0.22,0.749465811965812,0.3602087187731773,0.6,0.7323717948717949,0.26666666666666666,0.9230769230769231,0.5416666666666666,0.4137931034482759,0.6185567010309279,0.3351313685527426,-0.03632478632478642,-0.053371614296852665,0.006311803071744171,0.00947220187200798,0,auc_gain_too_small|ap_drop_too_large
candidate_eval,cat_member_04,cat_member_04,1,0.8,0.1,0.1,0.2,0.748931623931624,0.3767951304602888,0.6,0.7323717948717949,0.26666666666666666,0.9230769230769231,0.5416666666666666,0.4137931034482759,0.6185567010309279,0.3351313685527426,-0.03685897435897434,-0.03678520260974116,0.006311803071744171,0.00947220187200798,0,auc_gain_too_small|ap_drop_too_large
candidate_eval,cat_member_01|cat_member_02,cat_member_01|cat_member_02,2,0.9,0.05,0.05,0.24,0.7489316239316239,0.3850650085392595,0.611764705882353,0.7393162393162394,0.2727272727272727,0.9230769230769231,0.5555555555555556,0.4210526315789473,0.625,0.34476393030979247,-0.03685897435897445,-0.028515324530770436,0.012755102040816313,0.01910476362905783,0,auc_gain_too_small|ap_drop_too_large
candidate_eval,cat_member_01|cat_member_04,cat_member_01|cat_member_04,2,0.9,0.05,0.05,0.17,0.7489316239316239,0.37624715972141065,0.6,0.7323717948717949,0.26666666666666666,0.9230769230769231,0.5416666666666666,0.4137931034482759,0.6185567010309279,0.3351313685527426,-0.03685897435897445,-0.0373331733486193,0.006311803071744171,0.00947220187200798,0,auc_gain_too_small|ap_drop_too_large
candidate_eval,cat_member_04,cat_member_04,1,0.45,0.3,0.25,0.28,0.7489316239316239,0.36660473194906473,0.6,0.7323717948717949,0.26666666666666666,0.9230769230769231,0.5416666666666666,0.4137931034482759,0.6185567010309279,0.3351313685527426,-0.03685897435897445,-0.046975601120965216,0.006311803071744171,0.00947220187200798,0,auc_gain_too_small|ap_drop_too_large
candidate_eval,cat_member_04,cat_member_04,1,0.55,0.25,0.2,0.25,0.7489316239316239,0.3665013985899175,0.6,0.7323717948717949,0.26666666666666666,0.9230769230769231,0.5416666666666666,0.4137931034482759,0.6185567010309279,0.3351313685527426,-0.03685897435897445,-0.047078934480112467,0.006311803071744171,0.00947220187200798,0,auc_gain_too_small|ap_drop_too_large
candidate_eval,cat_member_01|cat_member_02,cat_member_01|cat_member_02,2,0.7,0.15,0.15,0.2,0.7489316239316239,0.36598610221278804,0.6,0.7323717948717949,0.26666666666666666,0.9230769230769231,0.5416666666666666,0.4137931034482759,0.6185567010309279,0.3351313685527426,-0.03685897435897445,-0.047594230857241904,0.006311803071744171,0.00947220187200798,0,auc_gain_too_small|ap_drop_too_large
candidate_eval,cat_member_01|cat_member_04,cat_member_01|cat_member_04,2,0.8,0.1,0.1,0.19,0.7478632478632479,0.36042143984372754,0.6,0.7323717948717949,0.26666666666666666,0.9230769230769231,0.5416666666666666,0.4137931034482759,0.6185567010309279,0.3351313685527426,-0.037927350427350515,-0.053158893226302406,0.006311803071744171,0.00947220187200798,0,auc_gain_too_small|ap_drop_too_large
candidate_eval,cat_member_03|cat_member_04,cat_member_03|cat_member_04,2,0.55,0.2,0.25,0.24,0.7478632478632479,0.35547687606511136,0.6,0.7323717948717949,0.26666666666666666,0.9230769230769231,0.5416666666666666,0.4137931034482759,0.6185567010309279,0.3351313685527426,-0.037927350427350515,-0.05810345700491859,0.006311803071744171,0.00947220187200798,0,auc_gain_too_small|ap_drop_too_large
candidate_eval,cat_member_03|cat_member_04,cat_member_03|cat_member_04,2,0.65,0.15,0.2,0.22,0.7478632478632479,0.35450812792750575,0.6,0.7323717948717949,0.26666666666666666,0.9230769230769231,0.5416666666666666,0.4137931034482759,0.6185567010309279,0.3351313685527426,-0.037927350427350515,-0.0590722051425242,0.006311803071744171,0.00947220187200798,0,auc_gain_too_small|ap_drop_too_large
candidate_eval,cat_member_03|cat_member_04,cat_member_03|cat_member_04,2,0.75,0.1,0.15,0.2,0.7478632478632479,0.34995421245421243,0.6,0.7323717948717949,0.26666666666666666,0.9230769230769231,0.5416666666666666,0.4137931034482759,0.6185567010309279,0.3351313685527426,-0.037927350427350515,-0.06362612061581752,0.006311803071744171,0.00947220187200798,0,auc_gain_too_small|ap_drop_too_large
candidate_eval,cat_member_01|cat_member_03,cat_member_01|cat_member_03,2,0.65,0.1,0.25,0.22,0.7473290598290598,0.3539165877981667,0.6,0.7323717948717949,0.26666666666666666,0.9230769230769231,0.5416666666666666,0.4137931034482759,0.6185567010309279,0.3351313685527426,-0.03846153846153855,-0.059663745271863244,0.006311803071744171,0.00947220187200798,0,auc_gain_too_small|ap_drop_too_large
candidate_eval,cat_member_03,cat_member_03,1,0.7,0.1,0.2,0.2,0.7473290598290598,0.3531897080356311,0.6,0.7323717948717949,0.26666666666666666,0.9230769230769231,0.5416666666666666,0.4137931034482759,0.6185567010309279,0.3351313685527426,-0.03846153846153855,-0.06039062503439885,0.006311803071744171,0.00947220187200798,0,auc_gain_too_small|ap_drop_too_large
candidate_eval,cat_member_01|cat_member_04,cat_member_01|cat_member_04,2,0.65,0.15,0.2,0.22,0.7467948717948719,0.3599201119397408,0.6,0.7323717948717949,0.26666666666666666,0.9230769230769231,0.5416666666666666,0.4137931034482759,0.6185567010309279,0.3351313685527426,-0.03899572649572647,-0.05366022113028912,0.006311803071744171,0.00947220187200798,0,auc_gain_too_small|ap_drop_too_large
candidate_eval,cat_member_02|cat_member_04,cat_member_02|cat_member_04,2,0.6,0.2,0.2,0.23,0.7467948717948718,0.3696625282165623,0.6,0.7323717948717949,0.26666666666666666,0.9230769230769231,0.5416666666666666,0.4137931034482759,0.6185567010309279,0.3351313685527426,-0.03899572649572658,-0.043917804853467635,0.006311803071744171,0.00947220187200798,0,auc_gain_too_small|ap_drop_too_large
candidate_eval,cat_member_01|cat_member_02,cat_member_01|cat_member_02,2,0.8,0.1,0.1,0.18,0.7467948717948718,0.36654526029526024,0.6,0.7323717948717949,0.26666666666666666,0.9230769230769231,0.5416666666666666,0.4137931034482759,0.6185567010309279,0.3351313685527426,-0.03899572649572658,-0.047035072774769704,0.006311803071744171,0.00947220187200798,0,auc_gain_too_small|ap_drop_too_large
candidate_eval,cat_member_02|cat_member_03,cat_member_02|cat_member_03,2,0.8,0.1,0.1,0.18,0.7467948717948718,0.35903862814607523,0.6,0.7323717948717949,0.26666666666666666,0.9230769230769231,0.5416666666666666,0.4137931034482759,0.6185567010309279,0.3351313685527426,-0.03899572649572658,-0.054541704923954715,0.006311803071744171,0.00947220187200798,0,auc_gain_too_small|ap_drop_too_large
candidate_eval,cat_member_02|cat_member_03,cat_member_02|cat_member_03,2,0.55,0.2,0.25,0.22,0.7467948717948718,0.3587846928658355,0.6,0.7323717948717949,0.26666666666666666,0.9230769230769231,0.5416666666666666,0.4137931034482759,0.6185567010309279,0.3351313685527426,-0.03899572649572658,-0.05479564020419447,0.006311803071744171,0.00947220187200798,0,auc_gain_too_small|ap_drop_too_large
candidate_eval,cat_member_02|cat_member_03,cat_member_02|cat_member_03,2,0.65,0.15,0.2,0.21,0.7467948717948718,0.3565603364168707,0.6,0.7323717948717949,0.26666666666666666,0.9230769230769231,0.5416666666666666,0.4137931034482759,0.6185567010309279,0.3351313685527426,-0.03899572649572658,-0.057019996653159266,0.006311803071744171,0.00947220187200798,0,auc_gain_too_small|ap_drop_too_large
candidate_eval,cat_member_01,cat_member_01,1,0.85,0.05,0.1,0.26,0.7462606837606838,0.3773711990807441,0.6235294117647059,0.7462606837606838,0.27906976744186046,0.9230769230769231,0.5694444444444444,0.42857142857142855,0.631578947368421,0.3545717477008509,-0.03952991452991461,-0.036209133989285824,0.01933404940923733,0.02891258102011629,0,auc_gain_too_small|ap_drop_too_large
candidate_eval,cat_member_01|cat_member_03,cat_member_01|cat_member_03,2,0.8,0.05,0.15,0.27,0.7462606837606838,0.35167217588172095,0.6235294117647059,0.7462606837606838,0.27906976744186046,0.9230769230769231,0.5694444444444444,0.42857142857142855,0.631578947368421,0.3545717477008509,-0.03952991452991461,-0.061908157188309,0.01933404940923733,0.02891258102011629,0,auc_gain_too_small|ap_drop_too_large
candidate_eval,cat_member_03,cat_member_03,1,0.85,0.05,0.1,0.17,0.7462606837606838,0.32842908884243915,0.6,0.7323717948717949,0.26666666666666666,0.9230769230769231,0.5416666666666666,0.4137931034482759,0.6185567010309279,0.3351313685527426,-0.03952991452991461,-0.0851512442275908,0.006311803071744171,0.00947220187200798,0,auc_gain_too_small|ap_drop_too_large
candidate_eval,cat_member_04,cat_member_04,1,0.7,0.15,0.15,0.22,0.7457264957264959,0.3632748745860014,0.6,0.7323717948717949,0.26666666666666666,0.9230769230769231,0.5416666666666666,0.4137931034482759,0.6185567010309279,0.3351313685527426,-0.04006410256410253,-0.050305458484028565,0.006311803071744171,0.00947220187200798,0,auc_gain_too_small|ap_drop_too_large
candidate_eval,cat_member_02|cat_member_04,cat_member_02|cat_member_04,2,0.9,0.05,0.05,0.24,0.7457264957264957,0.3688809964728944,0.611764705882353,0.7393162393162394,0.2727272727272727,0.9230769230769231,0.5555555555555556,0.4210526315789473,0.625,0.34476393030979247,-0.040064102564102644,-0.04469933659713554,0.012755102040816313,0.01910476362905783,0,auc_gain_too_small|ap_drop_too_large
candidate_eval,cat_member_02,cat_member_02,1,0.75,0.15,0.1,0.19,0.7457264957264957,0.3652216426624232,0.6,0.7323717948717949,0.26666666666666666,0.9230769230769231,0.5416666666666666,0.4137931034482759,0.6185567010309279,0.3351313685527426,-0.040064102564102644,-0.048358690407606764,0.006311803071744171,0.00947220187200798,0,auc_gain_too_small|ap_drop_too_large
candidate_eval,cat_member_01|cat_member_02,cat_member_01|cat_member_02,2,0.65,0.15,0.2,0.21,0.7446581196581197,0.36616791860869913,0.6,0.7323717948717949,0.26666666666666666,0.9230769230769231,0.5416666666666666,0.4137931034482759,0.6185567010309279,0.3351313685527426,-0.04113247863247871,-0.04741241446133082,0.006311803071744171,0.00947220187200798,0,auc_gain_too_small|ap_drop_too_large
candidate_eval,cat_member_04,cat_member_04,1,0.9,0.05,0.05,0.17,0.7446581196581197,0.36444473241340014,0.6,0.7323717948717949,0.26666666666666666,0.9230769230769231,0.5416666666666666,0.4137931034482759,0.6185567010309279,0.3351313685527426,-0.04113247863247871,-0.04913560065662981,0.006311803071744171,0.00947220187200798,0,auc_gain_too_small|ap_drop_too_large
candidate_eval,cat_member_02|cat_member_03,cat_member_02|cat_member_03,2,0.75,0.1,0.15,0.26,0.7446581196581197,0.35490046969290134,0.611764705882353,0.7393162393162394,0.2727272727272727,0.9230769230769231,0.5555555555555556,0.4210526315789473,0.625,0.34476393030979247,-0.04113247863247871,-0.058679863377128605,0.012755102040816313,0.01910476362905783,0,auc_gain_too_small|ap_drop_too_large
candidate_eval,cat_member_03|cat_member_04,cat_member_03|cat_member_04,2,0.85,0.05,0.1,0.18,0.7446581196581197,0.33802748723703224,0.6,0.7323717948717949,0.26666666666666666,0.9230769230769231,0.5416666666666666,0.4137931034482759,0.6185567010309279,0.3351313685527426,-0.04113247863247871,-0.0755528458329977,0.006311803071744171,0.00947220187200798,0,auc_gain_too_small|ap_drop_too_large
candidate_eval,cat_member_01|cat_member_03,cat_member_01|cat_member_03,2,0.75,0.05,0.2,0.2,0.7441239316239316,0.34819149366800695,0.6,0.7323717948717949,0.26666666666666666,0.9230769230769231,0.5416666666666666,0.4137931034482759,0.6185567010309279,0.3351313685527426,-0.04166666666666674,-0.065388839402023,0.006311803071744171,0.00947220187200798,0,auc_gain_too_small|ap_drop_too_large
candidate_eval,cat_member_02|cat_member_04,cat_member_02|cat_member_04,2,0.5,0.25,0.25,0.25,0.7435897435897436,0.36602215215438816,0.6,0.7323717948717949,0.26666666666666666,0.9230769230769231,0.5416666666666666,0.4137931034482759,0.6185567010309279,0.3351313685527426,-0.04220085470085477,-0.04755818091564179,0.006311803071744171,0.00947220187200798,0,auc_gain_too_small|ap_drop_too_large
candidate_eval,cat_member_02|cat_member_04,cat_member_02|cat_member_04,2,0.7,0.15,0.15,0.21,0.7435897435897436,0.36560448069708307,0.6,0.7323717948717949,0.26666666666666666,0.9230769230769231,0.5416666666666666,0.4137931034482759,0.6185567010309279,0.3351313685527426,-0.04220085470085477,-0.04797585237294688,0.006311803071744171,0.00947220187200798,0,auc_gain_too_small|ap_drop_too_large
candidate_eval,cat_member_02,cat_member_02,1,0.7,0.15,0.15,0.2,0.7435897435897436,0.3616683590007803,0.6,0.7323717948717949,0.26666666666666666,0.9230769230769231,0.5416666666666666,0.4137931034482759,0.6185567010309279,0.3351313685527426,-0.04220085470085477,-0.05191197406924963,0.006311803071744171,0.00947220187200798,0,auc_gain_too_small|ap_drop_too_large
candidate_eval,cat_member_01|cat_member_04,cat_member_01|cat_member_04,2,0.75,0.1,0.15,0.27,0.7435897435897436,0.3554446416161553,0.611764705882353,0.7393162393162394,0.2727272727272727,0.9230769230769231,0.5555555555555556,0.4210526315789473,0.625,0.34476393030979247,-0.04220085470085477,-0.05813569145387465,0.012755102040816313,0.01910476362905783,0,auc_gain_too_small|ap_drop_too_large
candidate_eval,cat_member_01,cat_member_01,1,0.8,0.05,0.15,0.19,0.7430555555555556,0.37218194389148895,0.6,0.7323717948717949,0.26666666666666666,0.9230769230769231,0.5416666666666666,0.4137931034482759,0.6185567010309279,0.3351313685527426,-0.042735042735042805,-0.041398389178540995,0.006311803071744171,0.00947220187200798,0,auc_gain_too_small|ap_drop_too_large
candidate_eval,cat_member_01|cat_member_04,cat_member_01|cat_member_04,2,0.85,0.05,0.1,0.26,0.7425213675213675,0.3688323305418756,0.6235294117647059,0.7462606837606838,0.27906976744186046,0.9230769230769231,0.5694444444444444,0.42857142857142855,0.631578947368421,0.3545717477008509,-0.04326923076923084,-0.04474800252815436,0.01933404940923733,0.02891258102011629,0,auc_gain_too_small|ap_drop_too_large
candidate_eval,cat_member_02|cat_member_03,cat_member_02|cat_member_03,2,0.6,0.15,0.25,0.21,0.7425213675213675,0.3493342291907634,0.6,0.7323717948717949,0.26666666666666666,0.9230769230769231,0.5416666666666666,0.4137931034482759,0.6185567010309279,0.3351313685527426,-0.04326923076923084,-0.06424610387926655,0.006311803071744171,0.00947220187200798,0,auc_gain_too_small|ap_drop_too_large
candidate_eval,cat_member_02,cat_member_02,1,0.5,0.25,0.25,0.23,0.7414529914529916,0.35878165731415734,0.6,0.7323717948717949,0.26666666666666666,0.9230769230769231,0.5416666666666666,0.4137931034482759,0.6185567010309279,0.3351313685527426,-0.04433760683760679,-0.054798675755872606,0.006311803071744171,0.00947220187200798,0,auc_gain_too_small|ap_drop_too_large
candidate_eval,cat_member_01|cat_member_04,cat_member_01|cat_member_04,2,0.6,0.15,0.25,0.3,0.7414529914529915,0.3613229235089178,0.611764705882353,0.7393162393162394,0.2727272727272727,0.9230769230769231,0.5555555555555556,0.4210526315789473,0.625,0.34476393030979247,-0.0443376068376069,-0.052257409561112134,0.012755102040816313,0.01910476362905783,0,auc_gain_too_small|ap_drop_too_large
candidate_eval,cat_member_03|cat_member_04,cat_member_03|cat_member_04,2,0.6,0.15,0.25,0.23,0.7414529914529915,0.34406984517427475,0.6,0.7323717948717949,0.26666666666666666,0.9230769230769231,0.5416666666666666,0.4137931034482759,0.6185567010309279,0.3351313685527426,-0.0443376068376069,-0.0695104878957552,0.006311803071744171,0.00947220187200798,0,auc_gain_too_small|ap_drop_too_large
candidate_eval,cat_member_04,cat_member_04,1,0.6,0.2,0.2,0.24,0.7414529914529914,0.35562959597392885,0.6,0.7323717948717949,0.26666666666666666,0.9230769230769231,0.5416666666666666,0.4137931034482759,0.6185567010309279,0.3351313685527426,-0.04433760683760701,-0.0579507370961011,0.006311803071744171,0.00947220187200798,0,auc_gain_too_small|ap_drop_too_large
candidate_eval,cat_member_01,cat_member_01,1,0.75,0.05,0.2,0.29,0.7409188034188035,0.3643995700402485,0.6235294117647059,0.7462606837606838,0.27906976744186046,0.9230769230769231,0.5694444444444444,0.42857142857142855,0.631578947368421,0.3545717477008509,-0.044871794871794934,-0.04918076302978147,0.01933404940923733,0.02891258102011629,0,auc_gain_too_small|ap_drop_too_large
candidate_eval,cat_member_02|cat_member_04,cat_member_02|cat_member_04,2,0.8,0.1,0.1,0.19,0.7403846153846154,0.3583428502966799,0.6,0.7323717948717949,0.26666666666666666,0.9230769230769231,0.5416666666666666,0.4137931034482759,0.6185567010309279,0.3351313685527426,-0.04540598290598297,-0.055237482773350055,0.006311803071744171,0.00947220187200798,0,auc_gain_too_small|ap_drop_too_large
candidate_eval,cat_member_02,cat_member_02,1,0.6,0.2,0.2,0.21,0.7403846153846154,0.35793451114928543,0.6,0.7323717948717949,0.26666666666666666,0.9230769230769231,0.5416666666666666,0.4137931034482759,0.6185567010309279,0.3351313685527426,-0.04540598290598297,-0.05564582192074452,0.006311803071744171,0.00947220187200798,0,auc_gain_too_small|ap_drop_too_large
candidate_eval,cat_member_01|cat_member_02,cat_member_01|cat_member_02,2,0.75,0.1,0.15,0.19,0.7403846153846154,0.3577726173894904,0.6,0.7323717948717949,0.26666666666666666,0.9230769230769231,0.5416666666666666,0.4137931034482759,0.6185567010309279,0.3351313685527426,-0.04540598290598297,-0.05580771568053955,0.006311803071744171,0.00947220187200798,0,auc_gain_too_small|ap_drop_too_large
candidate_eval,cat_member_04,cat_member_04,1,0.5,0.25,0.25,0.27,0.7403846153846154,0.3547817079521277,0.6,0.7323717948717949,0.26666666666666666,0.9230769230769231,0.5416666666666666,0.4137931034482759,0.6185567010309279,0.3351313685527426,-0.04540598290598297,-0.05879862511790224,0.006311803071744171,0.00947220187200798,0,auc_gain_too_small|ap_drop_too_large
candidate_eval,cat_member_03|cat_member_04,cat_member_03|cat_member_04,2,0.7,0.1,0.2,0.28,0.7403846153846154,0.33776648789806685,0.611764705882353,0.7393162393162394,0.2727272727272727,0.9230769230769231,0.5555555555555556,0.4210526315789473,0.625,0.34476393030979247,-0.04540598290598297,-0.0758138451719631,0.012755102040816313,0.01910476362905783,0,auc_gain_too_small|ap_drop_too_large
candidate_eval,cat_member_03|cat_member_04,cat_member_03|cat_member_04,2,0.8,0.05,0.15,0.19,0.7403846153846154,0.3271922169343142,0.6,0.7323717948717949,0.26666666666666666,0.9230769230769231,0.5416666666666666,0.4137931034482759,0.6185567010309279,0.3351313685527426,-0.04540598290598297,-0.08638811613571573,0.006311803071744171,0.00947220187200798,0,auc_gain_too_small|ap_drop_too_large
candidate_eval,cat_member_01,cat_member_01,1,0.7,0.05,0.25,0.22,0.7398504273504274,0.34916153464816946,0.6,0.7323717948717949,0.26666666666666666,0.9230769230769231,0.5416666666666666,0.4137931034482759,0.6185567010309279,0.3351313685527426,-0.045940170940171,-0.06441879842186049,0.006311803071744171,0.00947220187200798,0,auc_gain_too_small|ap_drop_too_large
candidate_eval,cat_member_03,cat_member_03,1,0.65,0.1,0.25,0.2,0.7398504273504274,0.3443052666851264,0.6,0.7323717948717949,0.26666666666666666,0.9230769230769231,0.5416666666666666,0.4137931034482759,0.6185567010309279,0.3351313685527426,-0.045940170940171,-0.06927506638490355,0.006311803071744171,0.00947220187200798,0,auc_gain_too_small|ap_drop_too_large
candidate_eval,cat_member_04,cat_member_04,1,0.75,0.1,0.15,0.27,0.7393162393162394,0.3675145531234455,0.611764705882353,0.7393162393162394,0.2727272727272727,0.9230769230769231,0.5555555555555556,0.4210526315789473,0.625,0.34476393030979247,-0.04647435897435903,-0.04606577994658445,0.012755102040816313,0.01910476362905783,0,auc_gain_too_small|ap_drop_too_large
candidate_eval,cat_member_01|cat_member_02,cat_member_01|cat_member_02,2,0.6,0.15,0.25,0.22,0.7382478632478633,0.35355290204631407,0.6,0.7323717948717949,0.26666666666666666,0.9230769230769231,0.5416666666666666,0.4137931034482759,0.6185567010309279,0.3351313685527426,-0.047542735042735096,-0.06002743102371588,0.006311803071744171,0.00947220187200798,0,auc_gain_too_small|ap_drop_too_large
candidate_eval,cat_member_02,cat_member_02,1,0.9,0.05,0.05,0.24,0.7382478632478633,0.347485867021499,0.611764705882353,0.7393162393162394,0.2727272727272727,0.9230769230769231,0.5555555555555556,0.4210526315789473,0.625,0.34476393030979247,-0.047542735042735096,-0.06609446604853098,0.012755102040816313,0.01910476362905783,0,auc_gain_too_small|ap_drop_too_large
candidate_eval,cat_member_02|cat_member_03,cat_member_02|cat_member_03,2,0.7,0.1,0.2,0.2,0.7382478632478633,0.34127102118442054,0.6,0.7323717948717949,0.26666666666666666,0.9230769230769231,0.5416666666666666,0.4137931034482759,0.6185567010309279,0.3351313685527426,-0.047542735042735096,-0.0723093118856094,0.006311803071744171,0.00947220187200798,0,auc_gain_too_small|ap_drop_too_large
candidate_eval,cat_member_02,cat_member_02,1,0.8,0.1,0.1,0.18,0.7371794871794872,0.35370724331907644,0.6,0.7323717948717949,0.26666666666666666,0.9230769230769231,0.5416666666666666,0.4137931034482759,0.6185567010309279,0.3351313685527426,-0.04861111111111116,-0.05987308975095351,0.006311803071744171,0.00947220187200798,0,auc_gain_too_small|ap_drop_too_large
candidate_eval,cat_member_02|cat_member_03,cat_member_02|cat_member_03,2,0.85,0.05,0.1,0.25,0.7371794871794872,0.32624963164140275,0.611764705882353,0.7393162393162394,0.2727272727272727,0.9230769230769231,0.5555555555555556,0.4210526315789473,0.625,0.34476393030979247,-0.04861111111111116,-0.0873307014286272,0.012755102040816313,0.01910476362905783,0,auc_gain_too_small|ap_drop_too_large
candidate_eval,cat_member_01|cat_member_03,cat_member_01|cat_member_03,2,0.7,0.05,0.25,0.21,0.7366452991452992,0.3342275164687357,0.6,0.7323717948717949,0.26666666666666666,0.9230769230769231,0.5416666666666666,0.4137931034482759,0.6185567010309279,0.3351313685527426,-0.04914529914529919,-0.07935281660129423,0.006311803071744171,0.00947220187200798,0,auc_gain_too_small|ap_drop_too_large
candidate_eval,cat_member_03,cat_member_03,1,0.8,0.05,0.15,0.18,0.7366452991452992,0.30811763610625087,0.6,0.7323717948717949,0.26666666666666666,0.9230769230769231,0.5416666666666666,0.4137931034482759,0.6185567010309279,0.3351313685527426,-0.04914529914529919,-0.10546269696377908,0.006311803071744171,0.00947220187200798,0,auc_gain_too_small|ap_drop_too_large
candidate_eval,cat_member_02|cat_member_04,cat_member_02|cat_member_04,2,0.65,0.15,0.2,0.22,0.7361111111111113,0.35265281883237765,0.6,0.7323717948717949,0.26666666666666666,0.9230769230769231,0.5416666666666666,0.4137931034482759,0.6185567010309279,0.3351313685527426,-0.049679487179487114,-0.0609275142376523,0.006311803071744171,0.00947220187200798,0,auc_gain_too_small|ap_drop_too_large
candidate_eval,cat_member_02|cat_member_04,cat_member_02|cat_member_04,2,0.55,0.2,0.25,0.24,0.7361111111111112,0.3553943916408401,0.6,0.7323717948717949,0.26666666666666666,0.9230769230769231,0.5416666666666666,0.4137931034482759,0.6185567010309279,0.3351313685527426,-0.049679487179487225,-0.05818594142918987,0.006311803071744171,0.00947220187200798,0,auc_gain_too_small|ap_drop_too_large
candidate_eval,cat_member_01|cat_member_04,cat_member_01|cat_member_04,2,0.7,0.1,0.2,0.21,0.7361111111111112,0.35283975137968615,0.6,0.7323717948717949,0.26666666666666666,0.9230769230769231,0.5416666666666666,0.4137931034482759,0.6185567010309279,0.3351313685527426,-0.049679487179487225,-0.0607405816903438,0.006311803071744171,0.00947220187200798,0,auc_gain_too_small|ap_drop_too_large
candidate_eval,cat_member_01|cat_member_02,cat_member_01|cat_member_02,2,0.85,0.05,0.1,0.18,0.7361111111111112,0.351282859502702,0.6,0.7323717948717949,0.26666666666666666,0.9230769230769231,0.5416666666666666,0.4137931034482759,0.6185567010309279,0.3351313685527426,-0.049679487179487225,-0.062297473567327954,0.006311803071744171,0.00947220187200798,0,auc_gain_too_small|ap_drop_too_large
candidate_eval,cat_member_03|cat_member_04,cat_member_03|cat_member_04,2,0.65,0.1,0.25,0.22,0.7350427350427351,0.33118900330438794,0.6,0.7323717948717949,0.26666666666666666,0.9230769230769231,0.5416666666666666,0.4137931034482759,0.6185567010309279,0.3351313685527426,-0.05074786324786329,-0.08239132976564201,0.006311803071744171,0.00947220187200798,0,auc_gain_too_small|ap_drop_too_large
candidate_eval,cat_member_02|cat_member_04,cat_member_02|cat_member_04,2,0.75,0.1,0.15,0.2,0.733974358974359,0.3493414702033033,0.6,0.7323717948717949,0.26666666666666666,0.9230769230769231,0.5416666666666666,0.4137931034482759,0.6185567010309279,0.3351313685527426,-0.051816239316239354,-0.06423886286672664,0.006311803071744171,0.00947220187200798,0,auc_gain_too_small|ap_drop_too_large
candidate_eval,cat_member_04,cat_member_04,1,0.65,0.15,0.2,0.23,0.733974358974359,0.349197180028766,0.6,0.7323717948717949,0.26666666666666666,0.9230769230769231,0.5416666666666666,0.4137931034482759,0.6185567010309279,0.3351313685527426,-0.051816239316239354,-0.06438315304126396,0.006311803071744171,0.00947220187200798,0,auc_gain_too_small|ap_drop_too_large
candidate_eval,cat_member_04,cat_member_04,1,0.85,0.05,0.1,0.18,0.732905982905983,0.35470882311001384,0.6,0.7323717948717949,0.26666666666666666,0.9230769230769231,0.5416666666666666,0.4137931034482759,0.6185567010309279,0.3351313685527426,-0.05288461538461542,-0.05887150996001611,0.006311803071744171,0.00947220187200798,0,auc_gain_too_small|ap_drop_too_large
candidate_eval,cat_member_01|cat_member_04,cat_member_01|cat_member_04,2,0.8,0.05,0.15,0.19,0.732905982905983,0.3532636623522396,0.6,0.7323717948717949,0.26666666666666666,0.9230769230769231,0.5416666666666666,0.4137931034482759,0.6185567010309279,0.3351313685527426,-0.05288461538461542,-0.060316670717790344,0.006311803071744171,0.00947220187200798,0,auc_gain_too_small|ap_drop_too_large
candidate_eval,cat_member_02,cat_member_02,1,0.55,0.2,0.25,0.22,0.732905982905983,0.3454207030487305,0.6,0.7323717948717949,0.26666666666666666,0.9230769230769231,0.5416666666666666,0.4137931034482759,0.6185567010309279,0.3351313685527426,-0.05288461538461542,-0.06815963002129943,0.006311803071744171,0.00947220187200798,0,auc_gain_too_small|ap_drop_too_large
candidate_eval,cat_member_01|cat_member_02,cat_member_01|cat_member_02,2,0.7,0.1,0.2,0.21,0.732905982905983,0.3434064592467364,0.6,0.7323717948717949,0.26666666666666666,0.9230769230769231,0.5416666666666666,0.4137931034482759,0.6185567010309279,0.3351313685527426,-0.05288461538461542,-0.07017387382329354,0.006311803071744171,0.00947220187200798,0,auc_gain_too_small|ap_drop_too_large
candidate_eval,cat_member_04,cat_member_04,1,0.55,0.2,0.25,0.25,0.7318376068376069,0.3470436322191095,0.6,0.7323717948717949,0.26666666666666666,0.9230769230769231,0.5416666666666666,0.4137931034482759,0.6185567010309279,0.3351313685527426,-0.05395299145299148,-0.06653670085092045,0.006311803071744171,0.00947220187200798,0,auc_gain_too_small|ap_drop_too_large
candidate_eval,cat_member_02,cat_member_02,1,0.65,0.15,0.2,0.2,0.7318376068376069,0.34442780577288024,0.6,0.7323717948717949,0.26666666666666666,0.9230769230769231,0.5416666666666666,0.4137931034482759,0.6185567010309279,0.3351313685527426,-0.05395299145299148,-0.06915252729714971,0.006311803071744171,0.00947220187200798,0,auc_gain_too_small|ap_drop_too_large
candidate_eval,cat_member_01|cat_member_04,cat_member_01|cat_member_04,2,0.65,0.1,0.25,0.3,0.7307692307692308,0.3474663118729394,0.611764705882353,0.7393162393162394,0.2727272727272727,0.9230769230769231,0.5555555555555556,0.4210526315789473,0.625,0.34476393030979247,-0.05502136752136755,-0.06611402119709053,0.012755102040816313,0.01910476362905783,0,auc_gain_too_small|ap_drop_too_large
candidate_eval,cat_member_02|cat_member_03,cat_member_02|cat_member_03,2,0.8,0.05,0.15,0.18,0.7307692307692308,0.3086189028632873,0.6,0.7323717948717949,0.26666666666666666,0.9230769230769231,0.5416666666666666,0.4137931034482759,0.6185567010309279,0.3351313685527426,-0.05502136752136755,-0.10496143020674265,0.006311803071744171,0.00947220187200798,0,auc_gain_too_small|ap_drop_too_large
candidate_eval,cat_member_03|cat_member_04,cat_member_03|cat_member_04,2,0.75,0.05,0.2,0.2,0.7297008547008547,0.2963290875790876,0.6,0.7323717948717949,0.26666666666666666,0.9230769230769231,0.5416666666666666,0.4137931034482759,0.6185567010309279,0.3351313685527426,-0.056089743589743724,-0.11725124549094235,0.006311803071744171,0.00947220187200798,0,auc_gain_too_small|ap_drop_too_large
candidate_eval,cat_member_01|cat_member_04,cat_member_01|cat_member_04,2,0.75,0.05,0.2,0.29,0.7286324786324787,0.35213492997350726,0.6235294117647059,0.7462606837606838,0.27906976744186046,0.9230769230769231,0.5694444444444444,0.42857142857142855,0.631578947368421,0.3545717477008509,-0.05715811965811968,-0.06144540309652269,0.01933404940923733,0.02891258102011629,0,auc_gain_too_small|ap_drop_too_large
candidate_eval,cat_member_02|cat_member_04,cat_member_02|cat_member_04,2,0.6,0.15,0.25,0.22,0.7286324786324787,0.3446975633854834,0.6,0.7323717948717949,0.26666666666666666,0.9230769230769231,0.5416666666666666,0.4137931034482759,0.6185567010309279,0.3351313685527426,-0.05715811965811968,-0.06888276968454654,0.006311803071744171,0.00947220187200798,0,auc_gain_too_small|ap_drop_too_large
candidate_eval,cat_member_04,cat_member_04,1,0.7,0.1,0.2,0.22,0.7286324786324787,0.34115305890772174,0.6,0.7323717948717949,0.26666666666666666,0.9230769230769231,0.5416666666666666,0.4137931034482759,0.6185567010309279,0.3351313685527426,-0.05715811965811968,-0.07242727416230821,0.006311803071744171,0.00947220187200798,0,auc_gain_too_small|ap_drop_too_large
candidate_eval,cat_member_01|cat_member_02,cat_member_01|cat_member_02,2,0.65,0.1,0.25,0.29,0.7286324786324787,0.3385196901925155,0.611764705882353,0.7393162393162394,0.2727272727272727,0.9230769230769231,0.5555555555555556,0.4210526315789473,0.625,0.34476393030979247,-0.05715811965811968,-0.07506064287751446,0.012755102040816313,0.01910476362905783,0,auc_gain_too_small|ap_drop_too_large
candidate_eval,cat_member_02|cat_member_03,cat_member_02|cat_member_03,2,0.65,0.1,0.25,0.21,0.7275641025641026,0.3272957420775625,0.6,0.7323717948717949,0.26666666666666666,0.9230769230769231,0.5416666666666666,0.4137931034482759,0.6185567010309279,0.3351313685527426,-0.05822649572649574,-0.08628459099246744,0.006311803071744171,0.00947220187200798,0,auc_gain_too_small|ap_drop_too_large
candidate_eval,cat_member_01|cat_member_02,cat_member_01|cat_member_02,2,0.8,0.05,0.15,0.19,0.7264957264957266,0.33582582164052344,0.6,0.7323717948717949,0.26666666666666666,0.9230769230769231,0.5416666666666666,0.4137931034482759,0.6185567010309279,0.3351313685527426,-0.059294871794871806,-0.07775451142950651,0.006311803071744171,0.00947220187200798,0,auc_gain_too_small|ap_drop_too_large
candidate_eval,cat_member_02,cat_member_02,1,0.85,0.05,0.1,0.25,0.7264957264957266,0.3357525615672633,0.611764705882353,0.7393162393162394,0.2727272727272727,0.9230769230769231,0.5555555555555556,0.4210526315789473,0.625,0.34476393030979247,-0.059294871794871806,-0.07782777150276665,0.012755102040816313,0.01910476362905783,0,auc_gain_too_small|ap_drop_too_large
candidate_eval,cat_member_02|cat_member_04,cat_member_02|cat_member_04,2,0.85,0.05,0.1,0.18,0.7254273504273504,0.33765050022990795,0.6,0.7323717948717949,0.26666666666666666,0.9230769230769231,0.5416666666666666,0.4137931034482759,0.6185567010309279,0.3351313685527426,-0.06036324786324798,-0.075929832840122,0.006311803071744171,0.00947220187200798,0,auc_gain_too_small|ap_drop_too_large
candidate_eval,cat_member_02,cat_member_02,1,0.75,0.1,0.15,0.19,0.7254273504273504,0.33564052107615283,0.6,0.7323717948717949,0.26666666666666666,0.9230769230769231,0.5416666666666666,0.4137931034482759,0.6185567010309279,0.3351313685527426,-0.06036324786324798,-0.07793981199387712,0.006311803071744171,0.00947220187200798,0,auc_gain_too_small|ap_drop_too_large
candidate_eval,cat_member_03,cat_member_03,1,0.75,0.05,0.2,0.19,0.7248931623931624,0.27664143664671437,0.6,0.7323717948717949,0.26666666666666666,0.9230769230769231,0.5416666666666666,0.4137931034482759,0.6185567010309279,0.3351313685527426,-0.060897435897436014,-0.13693889642331558,0.006311803071744171,0.00947220187200798,0,auc_gain_too_small|ap_drop_too_large
candidate_eval,cat_member_04,cat_member_04,1,0.8,0.05,0.15,0.19,0.7243589743589745,0.33701402147024584,0.6,0.7323717948717949,0.26666666666666666,0.9230769230769231,0.5416666666666666,0.4137931034482759,0.6185567010309279,0.3351313685527426,-0.061431623931623935,-0.07656631159978411,0.006311803071744171,0.00947220187200798,0,auc_gain_too_small|ap_drop_too_large
candidate_eval,cat_member_02,cat_member_02,1,0.7,0.1,0.2,0.2,0.7243589743589745,0.332718397572656,0.6,0.7323717948717949,0.26666666666666666,0.9230769230769231,0.5416666666666666,0.4137931034482759,0.6185567010309279,0.3351313685527426,-0.061431623931623935,-0.08086193549737397,0.006311803071744171,0.00947220187200798,0,auc_gain_too_small|ap_drop_too_large
candidate_eval,cat_member_01|cat_member_02,cat_member_01|cat_member_02,2,0.75,0.05,0.2,0.28,0.7243589743589745,0.3320214201314924,0.611764705882353,0.7393162393162394,0.2727272727272727,0.9230769230769231,0.5555555555555556,0.4210526315789473,0.625,0.34476393030979247,-0.061431623931623935,-0.08155891293853756,0.012755102040816313,0.01910476362905783,0,auc_gain_too_small|ap_drop_too_large
candidate_eval,cat_member_02,cat_member_02,1,0.6,0.15,0.25,0.22,0.7222222222222223,0.3318022964141295,0.6,0.7323717948717949,0.26666666666666666,0.9230769230769231,0.5416666666666666,0.4137931034482759,0.6185567010309279,0.3351313685527426,-0.06356837606837606,-0.08177803665590044,0.006311803071744171,0.00947220187200798,0,auc_gain_too_small|ap_drop_too_large
candidate_eval,cat_member_02,cat_member_02,1,0.8,0.05,0.15,0.26,0.7222222222222223,0.32887342947210463,0.611764705882353,0.7393162393162394,0.2727272727272727,0.9230769230769231,0.5555555555555556,0.4210526315789473,0.625,0.34476393030979247,-0.06356837606837606,-0.08470690359792532,0.012755102040816313,0.01910476362905783,0,auc_gain_too_small|ap_drop_too_large
candidate_eval,cat_member_03|cat_member_04,cat_member_03|cat_member_04,2,0.7,0.05,0.25,0.21,0.7222222222222222,0.28279032958911005,0.6,0.7323717948717949,0.26666666666666666,0.9230769230769231,0.5416666666666666,0.4137931034482759,0.6185567010309279,0.3351313685527426,-0.06356837606837618,-0.1307900034809199,0.006311803071744171,0.00947220187200798,0,auc_gain_too_small|ap_drop_too_large
candidate_eval,cat_member_02|cat_member_04,cat_member_02|cat_member_04,2,0.7,0.1,0.2,0.2,0.7211538461538463,0.33277902908977863,0.6,0.7323717948717949,0.26666666666666666,0.9230769230769231,0.5416666666666666,0.4137931034482759,0.6185567010309279,0.3351313685527426,-0.06463675213675213,-0.08080130398025132,0.006311803071744171,0.00947220187200798,0,auc_gain_too_small|ap_drop_too_large
candidate_eval,cat_member_04,cat_member_04,1,0.6,0.15,0.25,0.24,0.7200854700854702,0.3331213355534177,0.6,0.7323717948717949,0.26666666666666666,0.9230769230769231,0.5416666666666666,0.4137931034482759,0.6185567010309279,0.3351313685527426,-0.0657051282051282,-0.08045899751661223,0.006311803071744171,0.00947220187200798,0,auc_gain_too_small|ap_drop_too_large
candidate_eval,cat_member_01|cat_member_04,cat_member_01|cat_member_04,2,0.7,0.05,0.25,0.22,0.7200854700854701,0.33306316050029205,0.6,0.7323717948717949,0.26666666666666666,0.9230769230769231,0.5416666666666666,0.4137931034482759,0.6185567010309279,0.3351313685527426,-0.0657051282051283,-0.0805171725697379,0.006311803071744171,0.00947220187200798,0,auc_gain_too_small|ap_drop_too_large
candidate_eval,cat_member_02|cat_member_04,cat_member_02|cat_member_04,2,0.8,0.05,0.15,0.19,0.7190170940170941,0.3298660124705016,0.6,0.7323717948717949,0.26666666666666666,0.9230769230769231,0.5416666666666666,0.4137931034482759,0.6185567010309279,0.3351313685527426,-0.06677350427350426,-0.08371432059952832,0.006311803071744171,0.00947220187200798,0,auc_gain_too_small|ap_drop_too_large
candidate_eval,cat_member_04,cat_member_04,1,0.65,0.1,0.25,0.23,0.7179487179487181,0.3315854782483296,0.6,0.7323717948717949,0.26666666666666666,0.9230769230769231,0.5416666666666666,0.4137931034482759,0.6185567010309279,0.3351313685527426,-0.06784188034188032,-0.08199485482170032,0.006311803071744171,0.00947220187200798,0,auc_gain_too_small|ap_drop_too_large
candidate_eval,cat_member_03,cat_member_03,1,0.7,0.05,0.25,0.2,0.7163461538461539,0.26392757763870667,0.6,0.7323717948717949,0.26666666666666666,0.9230769230769231,0.5416666666666666,0.4137931034482759,0.6185567010309279,0.3351313685527426,-0.06944444444444453,-0.14965275543132328,0.006311803071744171,0.00947220187200798,0,auc_gain_too_small|ap_drop_too_large
candidate_eval,cat_member_02|cat_member_04,cat_member_02|cat_member_04,2,0.65,0.1,0.25,0.22,0.7158119658119659,0.32950151425592034,0.6,0.7323717948717949,0.26666666666666666,0.9230769230769231,0.5416666666666666,0.4137931034482759,0.6185567010309279,0.3351313685527426,-0.06997863247863245,-0.08407881881410961,0.006311803071744171,0.00947220187200798,0,auc_gain_too_small|ap_drop_too_large
candidate_eval,cat_member_02,cat_member_02,1,0.65,0.1,0.25,0.21,0.7158119658119659,0.32091180498434047,0.6,0.7323717948717949,0.26666666666666666,0.9230769230769231,0.5416666666666666,0.4137931034482759,0.6185567010309279,0.3351313685527426,-0.06997863247863245,-0.09266852808568948,0.006311803071744171,0.00947220187200798,0,auc_gain_too_small|ap_drop_too_large
candidate_eval,cat_member_04,cat_member_04,1,0.75,0.05,0.2,0.21,0.7147435897435899,0.325990540067553,0.6,0.7323717948717949,0.26666666666666666,0.9230769230769231,0.5416666666666666,0.4137931034482759,0.6185567010309279,0.3351313685527426,-0.07104700854700852,-0.08758979300247693,0.006311803071744171,0.00947220187200798,0,auc_gain_too_small|ap_drop_too_large
candidate_eval,cat_member_01|cat_member_02,cat_member_01|cat_member_02,2,0.7,0.05,0.25,0.22,0.7147435897435899,0.31950533223078914,0.6,0.7323717948717949,0.26666666666666666,0.9230769230769231,0.5416666666666666,0.4137931034482759,0.6185567010309279,0.3351313685527426,-0.07104700854700852,-0.09407500083924081,0.006311803071744171,0.00947220187200798,0,auc_gain_too_small|ap_drop_too_large
candidate_eval,cat_member_02|cat_member_04,cat_member_02|cat_member_04,2,0.75,0.05,0.2,0.2,0.7136752136752138,0.3239337217439354,0.6,0.7323717948717949,0.26666666666666666,0.9230769230769231,0.5416666666666666,0.4137931034482759,0.6185567010309279,0.3351313685527426,-0.07211538461538458,-0.08964661132609453,0.006311803071744171,0.00947220187200798,0,auc_gain_too_small|ap_drop_too_large
candidate_eval,cat_member_02|cat_member_03,cat_member_02|cat_member_03,2,0.75,0.05,0.2,0.19,0.7136752136752137,0.2828419933988172,0.6,0.7323717948717949,0.26666666666666666,0.9230769230769231,0.5416666666666666,0.4137931034482759,0.6185567010309279,0.3351313685527426,-0.07211538461538469,-0.13073833967121273,0.006311803071744171,0.00947220187200798,0,auc_gain_too_small|ap_drop_too_large
candidate_eval,cat_member_04,cat_member_04,1,0.7,0.05,0.25,0.22,0.7104700854700855,0.3083623527061996,0.6,0.7323717948717949,0.26666666666666666,0.9230769230769231,0.5416666666666666,0.4137931034482759,0.6185567010309279,0.3351313685527426,-0.07532051282051289,-0.10521798036383034,0.006311803071744171,0.00947220187200798,0,auc_gain_too_small|ap_drop_too_large
candidate_eval,cat_member_02|cat_member_04,cat_member_02|cat_member_04,2,0.7,0.05,0.25,0.22,0.7051282051282052,0.3128127634988671,0.6,0.7323717948717949,0.26666666666666666,0.9230769230769231,0.5416666666666666,0.4137931034482759,0.6185567010309279,0.3351313685527426,-0.08066239316239321,-0.10076756957116284,0.006311803071744171,0.00947220187200798,0,auc_gain_too_small|ap_drop_too_large
candidate_eval,cat_member_02,cat_member_02,1,0.75,0.05,0.2,0.27,0.7051282051282052,0.2857361856165863,0.611764705882353,0.7393162393162394,0.2727272727272727,0.9230769230769231,0.5555555555555556,0.4210526315789473,0.625,0.34476393030979247,-0.08066239316239321,-0.12784414745344364,0.012755102040816313,0.01910476362905783,0,auc_gain_too_small|ap_drop_too_large
candidate_eval,cat_member_02|cat_member_03,cat_member_02|cat_member_03,2,0.7,0.05,0.25,0.2,0.7051282051282052,0.262244421036539,0.6,0.7323717948717949,0.26666666666666666,0.9230769230769231,0.5416666666666666,0.4137931034482759,0.6185567010309279,0.3351313685527426,-0.08066239316239321,-0.15133591203349095,0.006311803071744171,0.00947220187200798,0,auc_gain_too_small|ap_drop_too_large
candidate_eval,cat_member_02,cat_member_02,1,0.7,0.05,0.25,0.22,0.6997863247863249,0.2779108337109669,0.6,0.7323717948717949,0.26666666666666666,0.9230769230769231,0.5416666666666666,0.4137931034482759,0.6185567010309279,0.3351313685527426,-0.08600427350427353,-0.13566949935906303,0.006311803071744171,0.00947220187200798,0,auc_gain_too_small|ap_drop_too_large
