method,dataset,replicate,auc
xgboost,test,1,0.6853632478632479
xgboost,test,2,0.716346153846154
xgboost,test,3,0.6335470085470085
xgboost,test,4,0.7521367521367521
xgboost,test,5,0.7067307692307693
xgboost,test,6,0.5897435897435898
xgboost,test,7,0.576923076923077
xgboost,test,8,0.671474358974359
xgboost,test,9,0.6837606837606838
xgboost,test,10,0.6463675213675214
xgboost,test,11,0.5870726495726496
xgboost,test,12,0.8066239316239316
xgboost,test,13,0.6655982905982907
xgboost,test,14,0.7051282051282051
xgboost,test,15,0.5048076923076923
xgboost,test,16,0.7072649572649573
xgboost,test,17,0.6768162393162394
xgboost,test,18,0.7361111111111112
xgboost,test,19,0.7644230769230769
xgboost,test,20,0.653846153846154
xgboost,test,21,0.5544871794871795
xgboost,test,22,0.6730769230769231
xgboost,test,23,0.7152777777777779
xgboost,test,24,0.5940170940170941
xgboost,test,25,0.7735042735042735
xgboost,test,26,0.6052350427350428
xgboost,test,27,0.6933760683760684
xgboost,test,28,0.7473290598290598
xgboost,test,29,0.7110042735042736
xgboost,test,30,0.7633547008547008
xgboost,test,31,0.6522435897435899
xgboost,test,32,0.7745726495726496
xgboost,test,33,0.7158119658119659
xgboost,test,34,0.7147435897435899
xgboost,test,35,0.7371794871794872
xgboost,test,36,0.6314102564102564
xgboost,test,37,0.6762820512820513
xgboost,test,38,0.6853632478632479
xgboost,test,39,0.733440170940171
xgboost,test,40,0.654380341880342
xgboost,test,41,0.6292735042735043
xgboost,test,42,0.7280982905982906
xgboost,test,43,0.6153846153846154
xgboost,test,44,0.6068376068376069
xgboost,test,45,0.7580128205128205
xgboost,test,46,0.6698717948717949
xgboost,test,47,0.594017094017094
xgboost,test,48,0.7889957264957265
xgboost,test,49,0.7094017094017094
xgboost,test,50,0.6682692307692308
xgboost,test,51,0.6704059829059829
xgboost,test,52,0.7628205128205129
xgboost,test,53,0.624465811965812
xgboost,test,54,0.7254273504273504
xgboost,test,55,0.7264957264957266
xgboost,test,56,0.6474358974358974
xgboost,test,57,0.7307692307692308
xgboost,test,58,0.5112179487179487
xgboost,test,59,0.7441239316239316
xgboost,test,60,0.5630341880341881
xgboost,test,61,0.827991452991453
xgboost,test,62,0.7927350427350427
xgboost,test,63,0.7478632478632479
xgboost,test,64,0.6458333333333334
xgboost,test,65,0.7542735042735043
xgboost,test,66,0.7168803418803419
xgboost,test,67,0.7873931623931624
xgboost,test,68,0.6928418803418803
xgboost,test,69,0.6266025641025642
xgboost,test,70,0.6372863247863247
xgboost,test,71,0.7126068376068376
xgboost,test,72,0.6992521367521367
xgboost,test,73,0.6607905982905984
xgboost,test,74,0.6501068376068376
xgboost,test,75,0.7462606837606838
xgboost,test,76,0.6378205128205129
xgboost,test,77,0.6976495726495726
xgboost,test,78,0.6901709401709403
xgboost,test,79,0.6372863247863249
xgboost,test,80,0.7457264957264957
xgboost,test,81,0.6185897435897435
xgboost,test,82,0.6346153846153846
xgboost,test,83,0.6618589743589745
xgboost,test,84,0.6629273504273505
xgboost,test,85,0.6971153846153846
xgboost,test,86,0.671474358974359
xgboost,test,87,0.6778846153846154
xgboost,test,88,0.7045940170940171
xgboost,test,89,0.7793803418803419
xgboost,test,90,0.7521367521367521
xgboost,test,91,0.6057692307692308
xgboost,test,92,0.5576923076923077
xgboost,test,93,0.7863247863247863
xgboost,test,94,0.7409188034188035
xgboost,test,95,0.7222222222222223
xgboost,test,96,0.6319444444444444
xgboost,test,97,0.5683760683760684
xgboost,test,98,0.6127136752136753
xgboost,test,99,0.46314102564102566
xgboost,test,100,0.5961538461538461
xgboost,test,101,0.7147435897435898
xgboost,test,102,0.7115384615384616
xgboost,test,103,0.6752136752136753
xgboost,test,104,0.578525641025641
xgboost,test,105,0.7163461538461537
xgboost,test,106,0.5929487179487181
xgboost,test,107,0.6858974358974359
xgboost,test,108,0.6725427350427351
xgboost,test,109,0.6057692307692308
xgboost,test,110,0.7013888888888888
xgboost,test,111,0.7574786324786325
xgboost,test,112,0.6298076923076923
xgboost,test,113,0.6725427350427351
xgboost,test,114,0.6394230769230769
xgboost,test,115,0.8317307692307693
xgboost,test,116,0.7131410256410258
xgboost,test,117,0.8717948717948718
xgboost,test,118,0.6944444444444444
xgboost,test,119,0.6848290598290598
xgboost,test,120,0.6175213675213675
xgboost,test,121,0.6100427350427351
xgboost,test,122,0.5235042735042735
xgboost,test,123,0.7302350427350427
xgboost,test,124,0.6965811965811965
xgboost,test,125,0.6736111111111112
xgboost,test,126,0.6955128205128205
xgboost,test,127,0.7024572649572649
xgboost,test,128,0.7110042735042735
xgboost,test,129,0.6137820512820513
xgboost,test,130,0.733974358974359
xgboost,test,131,0.6148504273504274
xgboost,test,132,0.6105769230769231
xgboost,test,133,0.7216880341880343
xgboost,test,134,0.7938034188034189
xgboost,test,135,0.6981837606837608
xgboost,test,136,0.704594017094017
xgboost,test,137,0.6602564102564102
xgboost,test,138,0.624465811965812
xgboost,test,139,0.6549145299145299
xgboost,test,140,0.6848290598290598
xgboost,test,141,0.7366452991452992
xgboost,test,142,0.6992521367521367
xgboost,test,143,0.7318376068376069
xgboost,test,144,0.8087606837606838
xgboost,test,145,0.7061965811965811
xgboost,test,146,0.717948717948718
xgboost,test,147,0.6485042735042734
xgboost,test,148,0.7264957264957266
xgboost,test,149,0.7275641025641026
xgboost,test,150,0.6757478632478633
xgboost,test,151,0.5566239316239316
xgboost,test,152,0.7601495726495726
xgboost,test,153,0.7393162393162394
xgboost,test,154,0.6025641025641025
xgboost,test,155,0.6704059829059829
xgboost,test,156,0.6469017094017094
xgboost,test,157,0.5950854700854702
xgboost,test,158,0.7665598290598291
xgboost,test,159,0.716346153846154
xgboost,test,160,0.6655982905982906
xgboost,test,161,0.6485042735042735
xgboost,test,162,0.5657051282051282
xgboost,test,163,0.7638888888888888
xgboost,test,164,0.7622863247863247
xgboost,test,165,0.75
xgboost,test,166,0.6201923076923077
xgboost,test,167,0.6928418803418803
xgboost,test,168,0.6858974358974359
xgboost,test,169,0.7793803418803419
xgboost,test,170,0.6335470085470085
xgboost,test,171,0.6004273504273505
xgboost,test,172,0.7483974358974359
xgboost,test,173,0.5518162393162394
xgboost,test,174,0.7398504273504274
xgboost,test,175,0.6052350427350427
xgboost,test,176,0.6816239316239316
xgboost,test,177,0.6746794871794872
xgboost,test,178,0.6885683760683761
xgboost,test,179,0.6907051282051282
xgboost,test,180,0.6618589743589743
xgboost,test,181,0.7382478632478633
xgboost,test,182,0.7451923076923077
xgboost,test,183,0.6020299145299146
xgboost,test,184,0.8007478632478632
xgboost,test,185,0.7510683760683761
xgboost,test,186,0.6426282051282051
xgboost,test,187,0.591880341880342
xgboost,test,188,0.6372863247863247
xgboost,test,189,0.6928418803418803
xgboost,test,190,0.6575854700854701
xgboost,test,191,0.702457264957265
xgboost,test,192,0.7013888888888888
xgboost,test,193,0.7099358974358975
xgboost,test,194,0.6907051282051282
xgboost,test,195,0.7051282051282051
xgboost,test,196,0.608974358974359
xgboost,test,197,0.7227564102564102
xgboost,test,198,0.6095085470085471
xgboost,test,199,0.7307692307692308
xgboost,test,200,0.6805555555555556
xgboost,test,201,0.6933760683760684
xgboost,test,202,0.7767094017094017
xgboost,test,203,0.7184829059829061
xgboost,test,204,0.5988247863247864
xgboost,test,205,0.7083333333333334
xgboost,test,206,0.7430555555555556
xgboost,test,207,0.7291666666666667
xgboost,test,208,0.811965811965812
xgboost,test,209,0.7099358974358974
xgboost,test,210,0.6538461538461539
xgboost,test,211,0.6575854700854702
xgboost,test,212,0.8007478632478633
xgboost,test,213,0.6928418803418803
xgboost,test,214,0.671474358974359
xgboost,test,215,0.6469017094017094
xgboost,test,216,0.7136752136752137
xgboost,test,217,0.6773504273504274
xgboost,test,218,0.6314102564102564
xgboost,test,219,0.7077991452991452
xgboost,test,220,0.6885683760683761
xgboost,test,221,0.5224358974358974
xgboost,test,222,0.670940170940171
xgboost,test,223,0.7243589743589743
xgboost,test,224,0.6949786324786325
xgboost,test,225,0.7916666666666666
xgboost,test,226,0.7259615384615385
xgboost,test,227,0.5731837606837606
xgboost,test,228,0.7382478632478633
xgboost,test,229,0.7248931623931625
xgboost,test,230,0.7371794871794872
xgboost,test,231,0.638888888888889
xgboost,test,232,0.7200854700854701
xgboost,test,233,0.6469017094017094
xgboost,test,234,0.6549145299145299
xgboost,test,235,0.6928418803418803
xgboost,test,236,0.6848290598290598
xgboost,test,237,0.6634615384615385
xgboost,test,238,0.7120726495726496
xgboost,test,239,0.6645299145299146
xgboost,test,240,0.5870726495726496
xgboost,test,241,0.577457264957265
xgboost,test,242,0.7238247863247863
xgboost,test,243,0.6655982905982907
xgboost,test,244,0.6757478632478633
xgboost,test,245,0.579594017094017
xgboost,test,246,0.686965811965812
xgboost,test,247,0.6292735042735043
xgboost,test,248,0.513888888888889
xgboost,test,249,0.6127136752136753
xgboost,test,250,0.6784188034188035
xgboost,test,251,0.7003205128205128
xgboost,test,252,0.6485042735042734
xgboost,test,253,0.6917735042735043
xgboost,test,254,0.638888888888889
xgboost,test,255,0.7585470085470085
xgboost,test,256,0.7564102564102564
xgboost,test,257,0.6752136752136753
xgboost,test,258,0.6506410256410257
xgboost,test,259,0.7841880341880341
xgboost,test,260,0.7094017094017094
xgboost,test,261,0.8082264957264957
xgboost,test,262,0.6052350427350428
xgboost,test,263,0.5827991452991453
xgboost,test,264,0.7649572649572649
xgboost,test,265,0.6052350427350427
xgboost,test,266,0.7088675213675214
xgboost,test,267,0.6816239316239316
xgboost,test,268,0.7110042735042735
xgboost,test,269,0.7735042735042734
xgboost,test,270,0.7638888888888888
xgboost,test,271,0.7200854700854701
xgboost,test,272,0.7905982905982907
xgboost,test,273,0.6591880341880341
xgboost,test,274,0.6271367521367522
xgboost,test,275,0.7478632478632479
xgboost,test,276,0.6864316239316239
xgboost,test,277,0.6602564102564104
xgboost,test,278,0.735042735042735
xgboost,test,279,0.7590811965811965
xgboost,test,280,0.6810897435897436
xgboost,test,281,0.6330128205128206
xgboost,test,282,0.6955128205128205
xgboost,test,283,0.6816239316239318
xgboost,test,284,0.7905982905982907
xgboost,test,285,0.6720085470085471
xgboost,test,286,0.7991452991452992
xgboost,test,287,0.7633547008547009
xgboost,test,288,0.6346153846153846
xgboost,test,289,0.7553418803418803
xgboost,test,290,0.8135683760683761
xgboost,test,291,0.6933760683760684
xgboost,test,292,0.7542735042735043
xgboost,test,293,0.718482905982906
xgboost,test,294,0.6639957264957266
xgboost,test,295,0.7072649572649572
xgboost,test,296,0.7104700854700855
xgboost,test,297,0.5988247863247863
xgboost,test,298,0.6239316239316239
xgboost,test,299,0.5219017094017094
xgboost,test,300,0.7606837606837606
xgboost,test,301,0.7270299145299146
xgboost,test,302,0.6944444444444445
xgboost,test,303,0.6191239316239316
xgboost,test,304,0.5838675213675214
xgboost,test,305,0.6506410256410257
xgboost,test,306,0.6613247863247864
xgboost,test,307,0.657051282051282
xgboost,test,308,0.6805555555555556
xgboost,test,309,0.767094017094017
xgboost,test,310,0.6634615384615385
xgboost,test,311,0.7670940170940171
xgboost,test,312,0.6805555555555556
xgboost,test,313,0.670405982905983
xgboost,test,314,0.6907051282051282
xgboost,test,315,0.6912393162393163
xgboost,test,316,0.7393162393162395
xgboost,test,317,0.7419871794871795
xgboost,test,318,0.7163461538461539
xgboost,test,319,0.6613247863247864
xgboost,test,320,0.6591880341880343
xgboost,test,321,0.735576923076923
xgboost,test,322,0.7927350427350427
xgboost,test,323,0.6981837606837608
xgboost,test,324,0.6180555555555556
xgboost,test,325,0.8092948717948718
xgboost,test,326,0.7574786324786325
xgboost,test,327,0.6912393162393163
xgboost,test,328,0.5908119658119657
xgboost,test,329,0.7489316239316239
xgboost,test,330,0.6308760683760684
xgboost,test,331,0.6602564102564102
xgboost,test,332,0.3669871794871795
xgboost,test,333,0.532051282051282
xgboost,test,334,0.7280982905982906
xgboost,test,335,0.6479700854700855
xgboost,test,336,0.6960470085470085
xgboost,test,337,0.6826923076923077
xgboost,test,338,0.750534188034188
xgboost,test,339,0.6597222222222223
xgboost,test,340,0.6490384615384616
xgboost,test,341,0.6826923076923077
xgboost,test,342,0.780448717948718
xgboost,test,343,0.5801282051282051
xgboost,test,344,0.702457264957265
xgboost,test,345,0.7548076923076923
xgboost,test,346,0.6324786324786325
xgboost,test,347,0.5058760683760684
xgboost,test,348,0.5106837606837606
xgboost,test,349,0.5966880341880343
xgboost,test,350,0.7649572649572649
xgboost,test,351,0.7061965811965812
xgboost,test,352,0.7307692307692308
xgboost,test,353,0.6298076923076923
xgboost,test,354,0.6730769230769231
xgboost,test,355,0.7232905982905984
xgboost,test,356,0.6607905982905984
xgboost,test,357,0.6821581196581197
xgboost,test,358,0.6768162393162394
xgboost,test,359,0.6944444444444444
xgboost,test,360,0.6047008547008547
xgboost,test,361,0.7211538461538461
xgboost,test,362,0.5523504273504273
xgboost,test,363,0.6773504273504274
xgboost,test,364,0.7516025641025641
xgboost,test,365,0.7542735042735043
xgboost,test,366,0.6778846153846155
xgboost,test,367,0.5480769230769231
xgboost,test,368,0.6773504273504274
xgboost,test,369,0.6308760683760684
xgboost,test,370,0.8146367521367521
xgboost,test,371,0.6677350427350428
xgboost,test,372,0.5571581196581197
xgboost,test,373,0.6944444444444444
xgboost,test,374,0.749465811965812
xgboost,test,375,0.7211538461538461
xgboost,test,376,0.5972222222222223
xgboost,test,377,0.7574786324786325
xgboost,test,378,0.5379273504273504
xgboost,test,379,0.704059829059829
xgboost,test,380,0.7740384615384615
xgboost,test,381,0.6351495726495726
xgboost,test,382,0.6821581196581197
xgboost,test,383,0.6292735042735044
xgboost,test,384,0.5908119658119658
xgboost,test,385,0.8322649572649573
xgboost,test,386,0.6693376068376069
xgboost,test,387,0.6052350427350428
xgboost,test,388,0.6650641025641026
xgboost,test,389,0.6217948717948719
xgboost,test,390,0.6955128205128205
xgboost,test,391,0.6800213675213675
xgboost,test,392,0.6939102564102564
xgboost,test,393,0.7371794871794872
xgboost,test,394,0.6591880341880342
xgboost,test,395,0.7590811965811965
xgboost,test,396,0.6426282051282051
xgboost,test,397,0.6319444444444444
xgboost,test,398,0.6346153846153847
xgboost,test,399,0.6981837606837606
xgboost,test,400,0.5470085470085471
xgboost,test,401,0.6201923076923077
xgboost,test,402,0.6917735042735043
xgboost,test,403,0.6639957264957266
xgboost,test,404,0.7158119658119657
xgboost,test,405,0.5496794871794872
xgboost,test,406,0.6677350427350428
xgboost,test,407,0.6036324786324787
xgboost,test,408,0.7868589743589743
xgboost,test,409,0.5534188034188033
xgboost,test,410,0.7222222222222221
xgboost,test,411,0.6474358974358975
xgboost,test,412,0.641559829059829
xgboost,test,413,0.5699786324786325
xgboost,test,414,0.6768162393162394
xgboost,test,415,0.7067307692307692
xgboost,test,416,0.6885683760683761
xgboost,test,417,0.5769230769230769
xgboost,test,418,0.6752136752136753
xgboost,test,419,0.6821581196581197
xgboost,test,420,0.5491452991452992
xgboost,test,421,0.6688034188034189
xgboost,test,422,0.6923076923076924
xgboost,test,423,0.6650641025641026
xgboost,test,424,0.7045940170940171
xgboost,test,425,0.7184829059829061
xgboost,test,426,0.7029914529914529
xgboost,test,427,0.6655982905982907
xgboost,test,428,0.6976495726495726
xgboost,test,429,0.5528846153846154
xgboost,test,430,0.6217948717948718
xgboost,test,431,0.638888888888889
xgboost,test,432,0.8103632478632479
xgboost,test,433,0.6891025641025641
xgboost,test,434,0.6378205128205129
xgboost,test,435,0.6591880341880343
xgboost,test,436,0.5550213675213675
xgboost,test,437,0.6153846153846153
xgboost,test,438,0.6826923076923077
xgboost,test,439,0.7804487179487181
xgboost,test,440,0.6917735042735043
xgboost,test,441,0.7585470085470085
xgboost,test,442,0.780448717948718
xgboost,test,443,0.5742521367521367
xgboost,test,444,0.6052350427350428
xgboost,test,445,0.7783119658119659
xgboost,test,446,0.7163461538461539
xgboost,test,447,0.6655982905982907
xgboost,test,448,0.7152777777777778
xgboost,test,449,0.6955128205128205
xgboost,test,450,0.6618589743589743
xgboost,test,451,0.733974358974359
xgboost,test,452,0.7243589743589745
xgboost,test,453,0.6645299145299146
xgboost,test,454,0.7483974358974359
xgboost,test,455,0.6479700854700855
xgboost,test,456,0.6527777777777778
xgboost,test,457,0.8183760683760685
xgboost,test,458,0.7895299145299146
xgboost,test,459,0.7291666666666667
xgboost,test,460,0.7371794871794872
xgboost,test,461,0.719017094017094
xgboost,test,462,0.8178418803418803
xgboost,test,463,0.5966880341880342
xgboost,test,464,0.5074786324786325
xgboost,test,465,0.7216880341880342
xgboost,test,466,0.7136752136752138
xgboost,test,467,0.7307692307692308
xgboost,test,468,0.7510683760683761
xgboost,test,469,0.6805555555555555
xgboost,test,470,0.7307692307692308
xgboost,test,471,0.5934829059829061
xgboost,test,472,0.7313034188034189
xgboost,test,473,0.7772435897435898
xgboost,test,474,0.6613247863247864
xgboost,test,475,0.795940170940171
xgboost,test,476,0.8173076923076923
xgboost,test,477,0.7708333333333333
xgboost,test,478,0.7414529914529915
xgboost,test,479,0.5673076923076923
xgboost,test,480,0.6923076923076923
xgboost,test,481,0.6266025641025641
xgboost,test,482,0.7425213675213675
xgboost,test,483,0.608440170940171
xgboost,test,484,0.6869658119658121
xgboost,test,485,0.7136752136752137
xgboost,test,486,0.7206196581196581
xgboost,test,487,0.6752136752136753
xgboost,test,488,0.7238247863247864
xgboost,test,489,0.8146367521367522
xgboost,test,490,0.717948717948718
xgboost,test,491,0.6746794871794872
xgboost,test,492,0.6960470085470086
xgboost,test,493,0.8066239316239316
xgboost,test,494,0.4829059829059829
xgboost,test,495,0.7264957264957265
xgboost,test,496,0.641559829059829
xgboost,test,497,0.7142094017094017
xgboost,test,498,0.7905982905982907
xgboost,test,499,0.6901709401709402
xgboost,test,500,0.7045940170940171
xgboost,test,501,0.5790598290598291
xgboost,test,502,0.6394230769230769
xgboost,test,503,0.7836538461538461
xgboost,test,504,0.732905982905983
xgboost,test,505,0.6351495726495726
xgboost,test,506,0.7238247863247863
xgboost,test,507,0.5608974358974359
xgboost,test,508,0.5694444444444445
xgboost,test,509,0.6217948717948718
xgboost,test,510,0.6730769230769231
xgboost,test,511,0.6645299145299146
xgboost,test,512,0.5710470085470086
xgboost,test,513,0.5811965811965811
xgboost,test,514,0.7200854700854702
xgboost,test,515,0.779380341880342
xgboost,test,516,0.7072649572649573
xgboost,test,517,0.7083333333333334
xgboost,test,518,0.5753205128205129
xgboost,test,519,0.5731837606837606
xgboost,test,520,0.7911324786324787
xgboost,test,521,0.6452991452991453
xgboost,test,522,0.7072649572649573
xgboost,test,523,0.6378205128205128
xgboost,test,524,0.7136752136752137
xgboost,test,525,0.7120726495726496
xgboost,test,526,0.6634615384615385
xgboost,test,527,0.6324786324786325
xgboost,test,528,0.7500000000000001
xgboost,test,529,0.6207264957264957
xgboost,test,530,0.7702991452991453
xgboost,test,531,0.7590811965811965
xgboost,test,532,0.8205128205128205
xgboost,test,533,0.7323717948717949
xgboost,test,534,0.7286324786324787
xgboost,test,535,0.5272435897435896
xgboost,test,536,0.7377136752136753
xgboost,test,537,0.672542735042735
xgboost,test,538,0.7061965811965812
xgboost,test,539,0.5267094017094017
xgboost,test,540,0.5742521367521368
xgboost,test,541,0.7286324786324787
xgboost,test,542,0.5988247863247864
xgboost,test,543,0.798076923076923
xgboost,test,544,0.5993589743589745
xgboost,test,545,0.8028846153846154
xgboost,test,546,0.7313034188034189
xgboost,test,547,0.6848290598290598
xgboost,test,548,0.7329059829059829
xgboost,test,549,0.8311965811965811
xgboost,test,550,0.7873931623931624
xgboost,test,551,0.7676282051282051
xgboost,test,552,0.7158119658119658
xgboost,test,553,0.6549145299145299
xgboost,test,554,0.778846153846154
xgboost,test,555,0.6575854700854702
xgboost,test,556,0.6981837606837606
xgboost,test,557,0.8055555555555555
xgboost,test,558,0.6260683760683761
xgboost,test,559,0.5881410256410257
xgboost,test,560,0.781517094017094
xgboost,test,561,0.7574786324786325
xgboost,test,562,0.7558760683760684
xgboost,test,563,0.8098290598290598
xgboost,test,564,0.5854700854700854
xgboost,test,565,0.670940170940171
xgboost,test,566,0.5480769230769231
xgboost,test,567,0.7419871794871794
xgboost,test,568,0.5902777777777778
xgboost,test,569,0.6634615384615385
xgboost,test,570,0.6639957264957266
xgboost,test,571,0.6864316239316239
xgboost,test,572,0.5918803418803419
xgboost,test,573,0.7211538461538461
xgboost,test,574,0.6864316239316239
xgboost,test,575,0.6805555555555556
xgboost,test,576,0.6864316239316239
xgboost,test,577,0.7633547008547008
xgboost,test,578,0.48771367521367526
xgboost,test,579,0.8092948717948718
xgboost,test,580,0.5112179487179487
xgboost,test,581,0.8242521367521367
xgboost,test,582,0.6591880341880342
xgboost,test,583,0.6463675213675214
xgboost,test,584,0.579594017094017
xgboost,test,585,0.7275641025641026
xgboost,test,586,0.6720085470085471
xgboost,test,587,0.7243589743589743
xgboost,test,588,0.5966880341880343
xgboost,test,589,0.6901709401709402
xgboost,test,590,0.7270299145299146
xgboost,test,591,0.6639957264957266
xgboost,test,592,0.7414529914529915
xgboost,test,593,0.7724358974358975
xgboost,test,594,0.670940170940171
xgboost,test,595,0.7238247863247864
xgboost,test,596,0.7003205128205128
xgboost,test,597,0.6981837606837606
xgboost,test,598,0.7975427350427351
xgboost,test,599,0.6826923076923077
xgboost,test,600,0.7120726495726496
xgboost,test,601,0.49839743589743585
xgboost,test,602,0.7163461538461539
xgboost,test,603,0.7264957264957266
xgboost,test,604,0.6875000000000001
xgboost,test,605,0.7510683760683761
xgboost,test,606,0.6981837606837606
xgboost,test,607,0.7286324786324786
xgboost,test,608,0.5368589743589743
xgboost,test,609,0.6362179487179487
xgboost,test,610,0.7318376068376069
xgboost,test,611,0.6629273504273504
xgboost,test,612,0.6971153846153846
xgboost,test,613,0.5657051282051282
xgboost,test,614,0.6169871794871795
xgboost,test,615,0.6185897435897437
xgboost,test,616,0.6378205128205129
xgboost,test,617,0.6693376068376069
xgboost,test,618,0.6559829059829059
xgboost,test,619,0.6933760683760684
xgboost,test,620,0.6661324786324786
xgboost,test,621,0.6260683760683761
xgboost,test,622,0.8370726495726496
xgboost,test,623,0.670405982905983
xgboost,test,624,0.6655982905982907
xgboost,test,625,0.749465811965812
xgboost,test,626,0.6661324786324787
xgboost,test,627,0.6693376068376068
xgboost,test,628,0.7879273504273505
xgboost,test,629,0.798611111111111
xgboost,test,630,0.6992521367521367
xgboost,test,631,0.703525641025641
xgboost,test,632,0.6517094017094017
xgboost,test,633,0.6741452991452992
xgboost,test,634,0.7056623931623932
xgboost,test,635,0.7745726495726495
xgboost,test,636,0.6746794871794872
xgboost,test,637,0.6826923076923077
xgboost,test,638,0.6586538461538461
xgboost,test,639,0.642094017094017
xgboost,test,640,0.5763888888888888
xgboost,test,641,0.7243589743589743
xgboost,test,642,0.6057692307692308
xgboost,test,643,0.733440170940171
xgboost,test,644,0.7836538461538461
xgboost,test,645,0.6997863247863247
xgboost,test,646,0.7590811965811965
xgboost,test,647,0.7425213675213675
xgboost,test,648,0.7355769230769231
xgboost,test,649,0.4850427350427351
xgboost,test,650,0.716346153846154
xgboost,test,651,0.7361111111111112
xgboost,test,652,0.8071581196581197
xgboost,test,653,0.7884615384615385
xgboost,test,654,0.7451923076923077
xgboost,test,655,0.7152777777777777
xgboost,test,656,0.5160256410256411
xgboost,test,657,0.7574786324786326
xgboost,test,658,0.6458333333333334
xgboost,test,659,0.7318376068376069
xgboost,test,660,0.6955128205128205
xgboost,test,661,0.5742521367521367
xgboost,test,662,0.749465811965812
xgboost,test,663,0.7403846153846154
xgboost,test,664,0.7446581196581197
xgboost,test,665,0.7238247863247863
xgboost,test,666,0.7425213675213675
xgboost,test,667,0.7649572649572649
xgboost,test,668,0.5881410256410255
xgboost,test,669,0.6388888888888888
xgboost,test,670,0.7179487179487178
xgboost,test,671,0.7585470085470086
xgboost,test,672,0.7126068376068376
xgboost,test,673,0.5235042735042735
xgboost,test,674,0.732905982905983
xgboost,test,675,0.7628205128205128
xgboost,test,676,0.6127136752136753
xgboost,test,677,0.7473290598290598
xgboost,test,678,0.6987179487179487
xgboost,test,679,0.6864316239316239
xgboost,test,680,0.642094017094017
xgboost,test,681,0.7088675213675214
xgboost,test,682,0.7457264957264956
xgboost,test,683,0.6768162393162394
xgboost,test,684,0.6762820512820513
xgboost,test,685,0.625
xgboost,test,686,0.703525641025641
xgboost,test,687,0.749465811965812
xgboost,test,688,0.7446581196581197
xgboost,test,689,0.6848290598290598
xgboost,test,690,0.6474358974358975
xgboost,test,691,0.6228632478632479
xgboost,test,692,0.8424145299145299
xgboost,test,693,0.8226495726495726
xgboost,test,694,0.5667735042735043
xgboost,test,695,0.8125
xgboost,test,696,0.6891025641025641
xgboost,test,697,0.7061965811965814
xgboost,test,698,0.7521367521367521
xgboost,test,699,0.7441239316239316
xgboost,test,700,0.6479700854700856
xgboost,test,701,0.732905982905983
xgboost,test,702,0.607905982905983
xgboost,test,703,0.7649572649572649
xgboost,test,704,0.7227564102564104
xgboost,test,705,0.7254273504273504
xgboost,test,706,0.625
xgboost,test,707,0.6458333333333334
xgboost,test,708,0.7895299145299146
xgboost,test,709,0.7473290598290598
xgboost,test,710,0.6773504273504274
xgboost,test,711,0.6607905982905983
xgboost,test,712,0.7815170940170941
xgboost,test,713,0.7259615384615384
xgboost,test,714,0.7350427350427351
xgboost,test,715,0.6501068376068376
xgboost,test,716,0.6527777777777779
xgboost,test,717,0.7163461538461539
xgboost,test,718,0.6730769230769231
xgboost,test,719,0.7297008547008548
xgboost,test,720,0.6180555555555556
xgboost,test,721,0.7532051282051282
xgboost,test,722,0.6383547008547009
xgboost,test,723,0.6581196581196582
xgboost,test,724,0.7323717948717949
xgboost,test,725,0.5988247863247864
xgboost,test,726,0.6666666666666667
xgboost,test,727,0.6490384615384615
xgboost,test,728,0.6784188034188035
xgboost,test,729,0.6832264957264957
xgboost,test,730,0.7446581196581197
xgboost,test,731,0.6287393162393162
xgboost,test,732,0.7280982905982906
xgboost,test,733,0.671474358974359
xgboost,test,734,0.5518162393162394
xgboost,test,735,0.6233974358974359
xgboost,test,736,0.6826923076923077
xgboost,test,737,0.7174145299145298
xgboost,test,738,0.514423076923077
xgboost,test,739,0.7286324786324787
xgboost,test,740,0.655982905982906
xgboost,test,741,0.6682692307692308
xgboost,test,742,0.7585470085470086
xgboost,test,743,0.7873931623931624
xgboost,test,744,0.7243589743589745
xgboost,test,745,0.811965811965812
xgboost,test,746,0.8392094017094018
xgboost,test,747,0.6127136752136753
xgboost,test,748,0.7136752136752136
xgboost,test,749,0.7905982905982907
xgboost,test,750,0.6944444444444444
xgboost,test,751,0.7521367521367521
xgboost,test,752,0.7056623931623931
xgboost,test,753,0.5267094017094017
xgboost,test,754,0.8445512820512819
xgboost,test,755,0.6880341880341881
xgboost,test,756,0.8162393162393162
xgboost,test,757,0.8125
xgboost,test,758,0.6949786324786325
xgboost,test,759,0.6821581196581197
xgboost,test,760,0.7596153846153847
xgboost,test,761,0.642094017094017
xgboost,test,762,0.7211538461538461
xgboost,test,763,0.685363247863248
xgboost,test,764,0.6212606837606839
xgboost,test,765,0.7847222222222222
xgboost,test,766,0.6666666666666667
xgboost,test,767,0.767094017094017
xgboost,test,768,0.6020299145299146
xgboost,test,769,0.6933760683760684
xgboost,test,770,0.875
xgboost,test,771,0.7152777777777778
xgboost,test,772,0.7836538461538461
xgboost,test,773,0.7451923076923077
xgboost,test,774,0.6907051282051282
xgboost,test,775,0.6939102564102564
xgboost,test,776,0.7905982905982907
xgboost,test,777,0.7585470085470086
xgboost,test,778,0.7596153846153847
xgboost,test,779,0.7286324786324787
xgboost,test,780,0.6917735042735043
xgboost,test,781,0.780982905982906
xgboost,test,782,0.6260683760683761
xgboost,test,783,0.7361111111111112
xgboost,test,784,0.7238247863247864
xgboost,test,785,0.6912393162393162
xgboost,test,786,0.7061965811965812
xgboost,test,787,0.6602564102564104
xgboost,test,788,0.6041666666666667
xgboost,test,789,0.6228632478632479
xgboost,test,790,0.7932692307692308
xgboost,test,791,0.5363247863247864
xgboost,test,792,0.5860042735042735
xgboost,test,793,0.6842948717948718
xgboost,test,794,0.7601495726495726
xgboost,test,795,0.6522435897435898
xgboost,test,796,0.7104700854700854
xgboost,test,797,0.640491452991453
xgboost,test,798,0.7094017094017093
xgboost,test,799,0.8183760683760684
xgboost,test,800,0.7297008547008548
xgboost,test,801,0.5977564102564102
xgboost,test,802,0.4342948717948718
xgboost,test,803,0.7045940170940171
xgboost,test,804,0.6063034188034188
xgboost,test,805,0.7494658119658121
xgboost,test,806,0.6287393162393162
xgboost,test,807,0.7297008547008547
xgboost,test,808,0.6153846153846154
xgboost,test,809,0.7361111111111112
xgboost,test,810,0.6672008547008548
xgboost,test,811,0.7467948717948718
xgboost,test,812,0.5651709401709402
xgboost,test,813,0.6853632478632479
xgboost,test,814,0.5518162393162394
xgboost,test,815,0.5576923076923077
xgboost,test,816,0.7291666666666667
xgboost,test,817,0.6773504273504274
xgboost,test,818,0.641559829059829
xgboost,test,819,0.7126068376068376
xgboost,test,820,0.6816239316239316
xgboost,test,821,0.7590811965811965
xgboost,test,822,0.5966880341880342
xgboost,test,823,0.6244658119658121
xgboost,test,824,0.6095085470085471
xgboost,test,825,0.6821581196581197
xgboost,test,826,0.7382478632478633
xgboost,test,827,0.7911324786324787
xgboost,test,828,0.7847222222222222
xgboost,test,829,0.6511752136752137
xgboost,test,830,0.5988247863247864
xgboost,test,831,0.6746794871794872
xgboost,test,832,0.7040598290598291
xgboost,test,833,0.6746794871794872
xgboost,test,834,0.6426282051282051
xgboost,test,835,0.6613247863247864
xgboost,test,836,0.6591880341880342
xgboost,test,837,0.6864316239316239
xgboost,test,838,0.6666666666666667
xgboost,test,839,0.8717948717948718
xgboost,test,840,0.7232905982905983
xgboost,test,841,0.5721153846153846
xgboost,test,842,0.5657051282051282
xgboost,test,843,0.7451923076923077
xgboost,test,844,0.6191239316239316
xgboost,test,845,0.6575854700854701
xgboost,test,846,0.6816239316239316
xgboost,test,847,0.5902777777777778
xgboost,test,848,0.6009615384615385
xgboost,test,849,0.7307692307692308
xgboost,test,850,0.7745726495726496
xgboost,test,851,0.7948717948717949
xgboost,test,852,0.5101495726495726
xgboost,test,853,0.7099358974358975
xgboost,test,854,0.7099358974358975
xgboost,test,855,0.6014957264957266
xgboost,test,856,0.6068376068376069
xgboost,test,857,0.5096153846153847
xgboost,test,858,0.6314102564102564
xgboost,test,859,0.6650641025641026
xgboost,test,860,0.5977564102564102
xgboost,test,861,0.6191239316239316
xgboost,test,862,0.6271367521367521
xgboost,test,863,0.6506410256410257
xgboost,test,864,0.5256410256410257
xgboost,test,865,0.7232905982905984
xgboost,test,866,0.7136752136752137
xgboost,test,867,0.7387820512820512
xgboost,test,868,0.6992521367521367
xgboost,test,869,0.7825854700854701
xgboost,test,870,0.625
xgboost,test,871,0.6479700854700855
xgboost,test,872,0.7873931623931625
xgboost,test,873,0.7398504273504274
xgboost,test,874,0.6629273504273505
xgboost,test,875,0.6314102564102564
xgboost,test,876,0.6736111111111112
xgboost,test,877,0.7697649572649573
xgboost,test,878,0.656517094017094
xgboost,test,879,0.6992521367521368
xgboost,test,880,0.7451923076923077
xgboost,test,881,0.75
xgboost,test,882,0.7067307692307692
xgboost,test,883,0.6725427350427351
xgboost,test,884,0.6629273504273505
xgboost,test,885,0.7104700854700855
xgboost,test,886,0.7345085470085471
xgboost,test,887,0.7403846153846154
xgboost,test,888,0.7158119658119659
xgboost,test,889,0.6944444444444444
xgboost,test,890,0.6639957264957266
xgboost,test,891,0.6100427350427351
xgboost,test,892,0.813034188034188
xgboost,test,893,0.7601495726495726
xgboost,test,894,0.7879273504273504
xgboost,test,895,0.6196581196581198
xgboost,test,896,0.670940170940171
xgboost,test,897,0.6955128205128205
xgboost,test,898,0.6463675213675213
xgboost,test,899,0.75
xgboost,test,900,0.6992521367521367
xgboost,test,901,0.6287393162393162
xgboost,test,902,0.6816239316239316
xgboost,test,903,0.6736111111111112
xgboost,test,904,0.5405982905982907
xgboost,test,905,0.7414529914529915
xgboost,test,906,0.624465811965812
xgboost,test,907,0.6511752136752137
xgboost,test,908,0.6201923076923077
xgboost,test,909,0.764957264957265
xgboost,test,910,0.7660256410256411
xgboost,test,911,0.6479700854700854
xgboost,test,912,0.811965811965812
xgboost,test,913,0.7286324786324787
xgboost,test,914,0.563034188034188
xgboost,test,915,0.813034188034188
xgboost,test,916,0.6463675213675213
xgboost,test,917,0.6452991452991452
xgboost,test,918,0.6623931623931624
xgboost,test,919,0.8258547008547008
xgboost,test,920,0.7008547008547009
xgboost,test,921,0.7094017094017094
xgboost,test,922,0.7088675213675214
xgboost,test,923,0.749465811965812
xgboost,test,924,0.6805555555555556
xgboost,test,925,0.7430555555555556
xgboost,test,926,0.7307692307692308
xgboost,test,927,0.767094017094017
xgboost,test,928,0.7350427350427351
xgboost,test,929,0.7286324786324786
xgboost,test,930,0.733440170940171
xgboost,test,931,0.6965811965811965
xgboost,test,932,0.6356837606837606
xgboost,test,933,0.719017094017094
xgboost,test,934,0.7297008547008548
xgboost,test,935,0.6431623931623931
xgboost,test,936,0.7633547008547008
xgboost,test,937,0.6634615384615384
xgboost,test,938,0.766025641025641
xgboost,test,939,0.7094017094017093
xgboost,test,940,0.716880341880342
xgboost,test,941,0.8028846153846154
xgboost,test,942,0.5982905982905984
xgboost,test,943,0.8167735042735044
xgboost,test,944,0.6826923076923077
xgboost,test,945,0.8125
xgboost,test,946,0.7590811965811965
xgboost,test,947,0.6501068376068376
xgboost,test,948,0.5405982905982906
xgboost,test,949,0.7088675213675214
xgboost,test,950,0.6944444444444445
xgboost,test,951,0.6677350427350427
xgboost,test,952,0.8183760683760684
xgboost,test,953,0.7419871794871795
xgboost,test,954,0.7873931623931624
xgboost,test,955,0.8012820512820513
xgboost,test,956,0.6773504273504274
xgboost,test,957,0.7393162393162394
xgboost,test,958,0.6143162393162394
xgboost,test,959,0.6741452991452992
xgboost,test,960,0.5427350427350428
xgboost,test,961,0.6196581196581197
xgboost,test,962,0.6452991452991454
xgboost,test,963,0.6431623931623931
xgboost,test,964,0.8055555555555556
xgboost,test,965,0.6645299145299146
xgboost,test,966,0.8189102564102564
xgboost,test,967,0.6452991452991453
xgboost,test,968,0.6239316239316239
xgboost,test,969,0.6100427350427351
xgboost,test,970,0.5998931623931624
xgboost,test,971,0.608974358974359
xgboost,test,972,0.7152777777777778
xgboost,test,973,0.6746794871794872
xgboost,test,974,0.7868589743589743
xgboost,test,975,0.719551282051282
xgboost,test,976,0.7777777777777778
xgboost,test,977,0.8124999999999999
xgboost,test,978,0.6682692307692308
xgboost,test,979,0.6570512820512822
xgboost,test,980,0.6276709401709402
xgboost,test,981,0.6634615384615385
xgboost,test,982,0.7713675213675214
xgboost,test,983,0.7441239316239316
xgboost,test,984,0.5395299145299146
xgboost,test,985,0.7206196581196581
xgboost,test,986,0.6538461538461539
xgboost,test,987,0.7585470085470085
xgboost,test,988,0.7115384615384616
xgboost,test,989,0.7067307692307692
xgboost,test,990,0.5261752136752136
xgboost,test,991,0.596153846153846
xgboost,test,992,0.7580128205128206
xgboost,test,993,0.7088675213675214
xgboost,test,994,0.6618589743589745
xgboost,test,995,0.6789529914529915
xgboost,test,996,0.7483974358974359
xgboost,test,997,0.7756410256410257
xgboost,test,998,0.7900641025641026
xgboost,test,999,0.6987179487179488
xgboost,test,1000,0.733440170940171
logistic_regression,test,1,0.6260683760683761
logistic_regression,test,2,0.6292735042735043
logistic_regression,test,3,0.6132478632478633
logistic_regression,test,4,0.717948717948718
logistic_regression,test,5,0.6581196581196581
logistic_regression,test,6,0.5448717948717948
logistic_regression,test,7,0.6239316239316239
logistic_regression,test,8,0.6324786324786325
logistic_regression,test,9,0.6495726495726496
logistic_regression,test,10,0.6837606837606838
logistic_regression,test,11,0.5427350427350427
logistic_regression,test,12,0.7569444444444444
logistic_regression,test,13,0.6533119658119658
logistic_regression,test,14,0.6666666666666666
logistic_regression,test,15,0.49732905982905984
logistic_regression,test,16,0.6623931623931624
logistic_regression,test,17,0.6474358974358975
logistic_regression,test,18,0.7056623931623931
logistic_regression,test,19,0.7318376068376068
logistic_regression,test,20,0.623931623931624
logistic_regression,test,21,0.5876068376068376
logistic_regression,test,22,0.6848290598290598
logistic_regression,test,23,0.6944444444444444
logistic_regression,test,24,0.6351495726495726
logistic_regression,test,25,0.5555555555555556
logistic_regression,test,26,0.6175213675213675
logistic_regression,test,27,0.6121794871794872
logistic_regression,test,28,0.7799145299145299
logistic_regression,test,29,0.6757478632478633
logistic_regression,test,30,0.7628205128205128
logistic_regression,test,31,0.655982905982906
logistic_regression,test,32,0.6367521367521367
logistic_regression,test,33,0.7446581196581197
logistic_regression,test,34,0.6618589743589745
logistic_regression,test,35,0.6399572649572649
logistic_regression,test,36,0.6591880341880343
logistic_regression,test,37,0.6549145299145299
logistic_regression,test,38,0.5833333333333334
logistic_regression,test,39,0.6805555555555556
logistic_regression,test,40,0.6842948717948718
logistic_regression,test,41,0.6116452991452992
logistic_regression,test,42,0.6388888888888888
logistic_regression,test,43,0.5961538461538461
logistic_regression,test,44,0.5961538461538461
logistic_regression,test,45,0.7713675213675213
logistic_regression,test,46,0.6821581196581197
logistic_regression,test,47,0.6217948717948718
logistic_regression,test,48,0.6666666666666666
logistic_regression,test,49,0.7094017094017094
logistic_regression,test,50,0.7072649572649573
logistic_regression,test,51,0.6570512820512822
logistic_regression,test,52,0.7232905982905983
logistic_regression,test,53,0.657051282051282
logistic_regression,test,54,0.68482905982906
logistic_regression,test,55,0.6826923076923077
logistic_regression,test,56,0.6452991452991452
logistic_regression,test,57,0.6634615384615384
logistic_regression,test,58,0.5673076923076923
logistic_regression,test,59,0.7329059829059829
logistic_regression,test,60,0.5523504273504273
logistic_regression,test,61,0.7382478632478632
logistic_regression,test,62,0.719017094017094
logistic_regression,test,63,0.6826923076923077
logistic_regression,test,64,0.5972222222222222
logistic_regression,test,65,0.7200854700854701
logistic_regression,test,66,0.7126068376068376
logistic_regression,test,67,0.6955128205128205
logistic_regression,test,68,0.6543803418803419
logistic_regression,test,69,0.6303418803418803
logistic_regression,test,70,0.686965811965812
logistic_regression,test,71,0.6282051282051282
logistic_regression,test,72,0.6762820512820512
logistic_regression,test,73,0.6025641025641026
logistic_regression,test,74,0.5988247863247863
logistic_regression,test,75,0.6794871794871795
logistic_regression,test,76,0.5908119658119658
logistic_regression,test,77,0.7072649572649573
logistic_regression,test,78,0.672008547008547
logistic_regression,test,79,0.6335470085470086
logistic_regression,test,80,0.6538461538461539
logistic_regression,test,81,0.5747863247863249
logistic_regression,test,82,0.5908119658119658
logistic_regression,test,83,0.6826923076923077
logistic_regression,test,84,0.5651709401709402
logistic_regression,test,85,0.6506410256410257
logistic_regression,test,86,0.7200854700854701
logistic_regression,test,87,0.6527777777777778
logistic_regression,test,88,0.6335470085470085
logistic_regression,test,89,0.701923076923077
logistic_regression,test,90,0.7094017094017093
logistic_regression,test,91,0.5860042735042735
logistic_regression,test,92,0.5715811965811965
logistic_regression,test,93,0.7526709401709402
logistic_regression,test,94,0.6933760683760684
logistic_regression,test,95,0.6324786324786325
logistic_regression,test,96,0.6677350427350427
logistic_regression,test,97,0.4668803418803419
logistic_regression,test,98,0.5918803418803418
logistic_regression,test,99,0.4935897435897436
logistic_regression,test,100,0.5694444444444444
logistic_regression,test,101,0.655448717948718
logistic_regression,test,102,0.6858974358974359
logistic_regression,test,103,0.6623931623931625
logistic_regression,test,104,0.5683760683760684
logistic_regression,test,105,0.5886752136752137
logistic_regression,test,106,0.5133547008547008
logistic_regression,test,107,0.6698717948717948
logistic_regression,test,108,0.6111111111111112
logistic_regression,test,109,0.5603632478632479
logistic_regression,test,110,0.6314102564102564
logistic_regression,test,111,0.7147435897435898
logistic_regression,test,112,0.641025641025641
logistic_regression,test,113,0.6549145299145299
logistic_regression,test,114,0.6442307692307693
logistic_regression,test,115,0.655448717948718
logistic_regression,test,116,0.6452991452991453
logistic_regression,test,117,0.8322649572649572
logistic_regression,test,118,0.702991452991453
logistic_regression,test,119,0.6672008547008548
logistic_regression,test,120,0.5459401709401709
logistic_regression,test,121,0.6132478632478633
logistic_regression,test,122,0.5566239316239316
logistic_regression,test,123,0.7553418803418803
logistic_regression,test,124,0.6698717948717948
logistic_regression,test,125,0.6730769230769231
logistic_regression,test,126,0.655982905982906
logistic_regression,test,127,0.6314102564102564
logistic_regression,test,128,0.642094017094017
logistic_regression,test,129,0.5336538461538461
logistic_regression,test,130,0.7414529914529915
logistic_regression,test,131,0.5598290598290598
logistic_regression,test,132,0.6153846153846153
logistic_regression,test,133,0.6901709401709403
logistic_regression,test,134,0.7489316239316239
logistic_regression,test,135,0.6330128205128205
logistic_regression,test,136,0.6688034188034189
logistic_regression,test,137,0.6666666666666666
logistic_regression,test,138,0.6314102564102564
logistic_regression,test,139,0.6207264957264957
logistic_regression,test,140,0.5641025641025641
logistic_regression,test,141,0.6517094017094017
logistic_regression,test,142,0.6725427350427351
logistic_regression,test,143,0.6752136752136753
logistic_regression,test,144,0.7029914529914529
logistic_regression,test,145,0.6848290598290598
logistic_regression,test,146,0.6292735042735043
logistic_regression,test,147,0.6490384615384615
logistic_regression,test,148,0.6928418803418803
logistic_regression,test,149,0.6987179487179488
logistic_regression,test,150,0.6688034188034189
logistic_regression,test,151,0.5924145299145299
logistic_regression,test,152,0.7585470085470085
logistic_regression,test,153,0.7259615384615385
logistic_regression,test,154,0.5705128205128205
logistic_regression,test,155,0.6891025641025641
logistic_regression,test,156,0.6442307692307692
logistic_regression,test,157,0.576388888888889
logistic_regression,test,158,0.6923076923076923
logistic_regression,test,159,0.6655982905982907
logistic_regression,test,160,0.686965811965812
logistic_regression,test,161,0.6233974358974359
logistic_regression,test,162,0.6399572649572649
logistic_regression,test,163,0.7510683760683761
logistic_regression,test,164,0.670940170940171
logistic_regression,test,165,0.6976495726495726
logistic_regression,test,166,0.6228632478632478
logistic_regression,test,167,0.6650641025641025
logistic_regression,test,168,0.5870726495726496
logistic_regression,test,169,0.7681623931623932
logistic_regression,test,170,0.6388888888888888
logistic_regression,test,171,0.6367521367521367
logistic_regression,test,172,0.7168803418803419
logistic_regression,test,173,0.5854700854700855
logistic_regression,test,174,0.6837606837606837
logistic_regression,test,175,0.5544871794871795
logistic_regression,test,176,0.6634615384615385
logistic_regression,test,177,0.6549145299145299
logistic_regression,test,178,0.704059829059829
logistic_regression,test,179,0.6581196581196581
logistic_regression,test,180,0.6527777777777778
logistic_regression,test,181,0.7521367521367522
logistic_regression,test,182,0.7318376068376068
logistic_regression,test,183,0.6581196581196581
logistic_regression,test,184,0.7457264957264957
logistic_regression,test,185,0.7606837606837608
logistic_regression,test,186,0.5598290598290598
logistic_regression,test,187,0.5614316239316239
logistic_regression,test,188,0.6826923076923077
logistic_regression,test,189,0.5956196581196581
logistic_regression,test,190,0.5982905982905983
logistic_regression,test,191,0.6720085470085471
logistic_regression,test,192,0.673076923076923
logistic_regression,test,193,0.6944444444444444
logistic_regression,test,194,0.6217948717948718
logistic_regression,test,195,0.5710470085470086
logistic_regression,test,196,0.6474358974358975
logistic_regression,test,197,0.6965811965811965
logistic_regression,test,198,0.6196581196581197
logistic_regression,test,199,0.6650641025641025
logistic_regression,test,200,0.6207264957264957
logistic_regression,test,201,0.6565170940170939
logistic_regression,test,202,0.7371794871794871
logistic_regression,test,203,0.6997863247863249
logistic_regression,test,204,0.6388888888888888
logistic_regression,test,205,0.7371794871794871
logistic_regression,test,206,0.5822649572649573
logistic_regression,test,207,0.6367521367521367
logistic_regression,test,208,0.7938034188034189
logistic_regression,test,209,0.657051282051282
logistic_regression,test,210,0.5801282051282052
logistic_regression,test,211,0.5870726495726496
logistic_regression,test,212,0.7403846153846154
logistic_regression,test,213,0.6346153846153847
logistic_regression,test,214,0.6367521367521368
logistic_regression,test,215,0.6308760683760684
logistic_regression,test,216,0.6452991452991452
logistic_regression,test,217,0.6474358974358975
logistic_regression,test,218,0.6089743589743589
logistic_regression,test,219,0.6955128205128205
logistic_regression,test,220,0.6485042735042735
logistic_regression,test,221,0.4754273504273504
logistic_regression,test,222,0.6116452991452992
logistic_regression,test,223,0.625
logistic_regression,test,224,0.657051282051282
logistic_regression,test,225,0.8092948717948718
logistic_regression,test,226,0.6442307692307692
logistic_regression,test,227,0.576923076923077
logistic_regression,test,228,0.6987179487179487
logistic_regression,test,229,0.6303418803418803
logistic_regression,test,230,0.6634615384615384
logistic_regression,test,231,0.6089743589743589
logistic_regression,test,232,0.5982905982905983
logistic_regression,test,233,0.6794871794871794
logistic_regression,test,234,0.6655982905982906
logistic_regression,test,235,0.6276709401709402
logistic_regression,test,236,0.6298076923076923
logistic_regression,test,237,0.6020299145299145
logistic_regression,test,238,0.6485042735042735
logistic_regression,test,239,0.624465811965812
logistic_regression,test,240,0.6324786324786325
logistic_regression,test,241,0.5245726495726496
logistic_regression,test,242,0.6955128205128205
logistic_regression,test,243,0.6597222222222222
logistic_regression,test,244,0.6292735042735043
logistic_regression,test,245,0.6116452991452992
logistic_regression,test,246,0.655448717948718
logistic_regression,test,247,0.7243589743589743
logistic_regression,test,248,0.4642094017094017
logistic_regression,test,249,0.5582264957264957
logistic_regression,test,250,0.6207264957264957
logistic_regression,test,251,0.5747863247863249
logistic_regression,test,252,0.6057692307692307
logistic_regression,test,253,0.6688034188034189
logistic_regression,test,254,0.6207264957264957
logistic_regression,test,255,0.6591880341880342
logistic_regression,test,256,0.6495726495726496
logistic_regression,test,257,0.6383547008547008
logistic_regression,test,258,0.717948717948718
logistic_regression,test,259,0.6773504273504274
logistic_regression,test,260,0.7174145299145299
logistic_regression,test,261,0.7532051282051282
logistic_regression,test,262,0.6057692307692308
logistic_regression,test,263,0.594017094017094
logistic_regression,test,264,0.7302350427350427
logistic_regression,test,265,0.686965811965812
logistic_regression,test,266,0.5961538461538461
logistic_regression,test,267,0.68482905982906
logistic_regression,test,268,0.6351495726495726
logistic_regression,test,269,0.6463675213675214
logistic_regression,test,270,0.6517094017094017
logistic_regression,test,271,0.686965811965812
logistic_regression,test,272,0.7580128205128205
logistic_regression,test,273,0.6303418803418803
logistic_regression,test,274,0.610042735042735
logistic_regression,test,275,0.7366452991452991
logistic_regression,test,276,0.6891025641025641
logistic_regression,test,277,0.7414529914529915
logistic_regression,test,278,0.7083333333333333
logistic_regression,test,279,0.670940170940171
logistic_regression,test,280,0.6111111111111112
logistic_regression,test,281,0.592948717948718
logistic_regression,test,282,0.6399572649572649
logistic_regression,test,283,0.6987179487179487
logistic_regression,test,284,0.5897435897435898
logistic_regression,test,285,0.6816239316239316
logistic_regression,test,286,0.7115384615384616
logistic_regression,test,287,0.6794871794871794
logistic_regression,test,288,0.6175213675213675
logistic_regression,test,289,0.5758547008547009
logistic_regression,test,290,0.7158119658119658
logistic_regression,test,291,0.6458333333333334
logistic_regression,test,292,0.7163461538461539
logistic_regression,test,293,0.6153846153846154
logistic_regression,test,294,0.6127136752136753
logistic_regression,test,295,0.6645299145299145
logistic_regression,test,296,0.6121794871794871
logistic_regression,test,297,0.670940170940171
logistic_regression,test,298,0.6036324786324787
logistic_regression,test,299,0.5833333333333334
logistic_regression,test,300,0.7606837606837606
logistic_regression,test,301,0.6955128205128205
logistic_regression,test,302,0.6463675213675214
logistic_regression,test,303,0.5982905982905983
logistic_regression,test,304,0.5363247863247863
logistic_regression,test,305,0.6356837606837606
logistic_regression,test,306,0.5811965811965812
logistic_regression,test,307,0.5795940170940171
logistic_regression,test,308,0.641025641025641
logistic_regression,test,309,0.672008547008547
logistic_regression,test,310,0.6367521367521367
logistic_regression,test,311,0.7905982905982907
logistic_regression,test,312,0.6303418803418803
logistic_regression,test,313,0.5683760683760684
logistic_regression,test,314,0.5950854700854701
logistic_regression,test,315,0.6655982905982906
logistic_regression,test,316,0.7056623931623932
logistic_regression,test,317,0.6613247863247863
logistic_regression,test,318,0.6634615384615385
logistic_regression,test,319,0.6228632478632479
logistic_regression,test,320,0.6623931623931624
logistic_regression,test,321,0.7323717948717948
logistic_regression,test,322,0.7446581196581198
logistic_regression,test,323,0.6623931623931625
logistic_regression,test,324,0.5646367521367521
logistic_regression,test,325,0.7174145299145299
logistic_regression,test,326,0.7104700854700854
logistic_regression,test,327,0.671474358974359
logistic_regression,test,328,0.5667735042735043
logistic_regression,test,329,0.6356837606837608
logistic_regression,test,330,0.6837606837606838
logistic_regression,test,331,0.6826923076923077
logistic_regression,test,332,0.48504273504273504
logistic_regression,test,333,0.5405982905982907
logistic_regression,test,334,0.7061965811965812
logistic_regression,test,335,0.6143162393162394
logistic_regression,test,336,0.5838675213675214
logistic_regression,test,337,0.6666666666666666
logistic_regression,test,338,0.609508547008547
logistic_regression,test,339,0.6228632478632479
logistic_regression,test,340,0.6292735042735043
logistic_regression,test,341,0.6367521367521368
logistic_regression,test,342,0.7366452991452991
logistic_regression,test,343,0.5245726495726495
logistic_regression,test,344,0.7264957264957265
logistic_regression,test,345,0.6442307692307693
logistic_regression,test,346,0.6452991452991453
logistic_regression,test,347,0.5737179487179488
logistic_regression,test,348,0.5074786324786325
logistic_regression,test,349,0.5576923076923077
logistic_regression,test,350,0.6837606837606838
logistic_regression,test,351,0.6613247863247863
logistic_regression,test,352,0.7275641025641026
logistic_regression,test,353,0.6260683760683761
logistic_regression,test,354,0.5865384615384616
logistic_regression,test,355,0.6944444444444444
logistic_regression,test,356,0.6463675213675214
logistic_regression,test,357,0.6762820512820513
logistic_regression,test,358,0.5341880341880342
logistic_regression,test,359,0.6469017094017094
logistic_regression,test,360,0.5860042735042735
logistic_regression,test,361,0.688034188034188
logistic_regression,test,362,0.6121794871794872
logistic_regression,test,363,0.5966880341880342
logistic_regression,test,364,0.6805555555555556
logistic_regression,test,365,0.6399572649572649
logistic_regression,test,366,0.6623931623931625
logistic_regression,test,367,0.6271367521367521
logistic_regression,test,368,0.6901709401709402
logistic_regression,test,369,0.6137820512820512
logistic_regression,test,370,0.6474358974358975
logistic_regression,test,371,0.594017094017094
logistic_regression,test,372,0.5512820512820513
logistic_regression,test,373,0.6607905982905983
logistic_regression,test,374,0.7254273504273504
logistic_regression,test,375,0.7232905982905984
logistic_regression,test,376,0.6367521367521367
logistic_regression,test,377,0.6997863247863247
logistic_regression,test,378,0.5673076923076923
logistic_regression,test,379,0.6314102564102564
logistic_regression,test,380,0.6784188034188035
logistic_regression,test,381,0.6239316239316238
logistic_regression,test,382,0.6004273504273505
logistic_regression,test,383,0.6356837606837608
logistic_regression,test,384,0.5715811965811965
logistic_regression,test,385,0.7216880341880342
logistic_regression,test,386,0.6175213675213675
logistic_regression,test,387,0.6356837606837608
logistic_regression,test,388,0.6233974358974358
logistic_regression,test,389,0.5550213675213675
logistic_regression,test,390,0.6292735042735043
logistic_regression,test,391,0.7040598290598291
logistic_regression,test,392,0.6832264957264957
logistic_regression,test,393,0.7061965811965812
logistic_regression,test,394,0.6805555555555556
logistic_regression,test,395,0.7473290598290598
logistic_regression,test,396,0.638888888888889
logistic_regression,test,397,0.6517094017094018
logistic_regression,test,398,0.6543803418803419
logistic_regression,test,399,0.607905982905983
logistic_regression,test,400,0.5918803418803419
logistic_regression,test,401,0.5833333333333333
logistic_regression,test,402,0.6912393162393162
logistic_regression,test,403,0.6602564102564104
logistic_regression,test,404,0.7104700854700855
logistic_regression,test,405,0.5811965811965812
logistic_regression,test,406,0.6645299145299145
logistic_regression,test,407,0.514957264957265
logistic_regression,test,408,0.7585470085470085
logistic_regression,test,409,0.6164529914529915
logistic_regression,test,410,0.6752136752136753
logistic_regression,test,411,0.6346153846153846
logistic_regression,test,412,0.6634615384615385
logistic_regression,test,413,0.5555555555555556
logistic_regression,test,414,0.6356837606837606
logistic_regression,test,415,0.6891025641025641
logistic_regression,test,416,0.6517094017094017
logistic_regression,test,417,0.5897435897435898
logistic_regression,test,418,0.6458333333333333
logistic_regression,test,419,0.6623931623931624
logistic_regression,test,420,0.5961538461538461
logistic_regression,test,421,0.6955128205128205
logistic_regression,test,422,0.6378205128205128
logistic_regression,test,423,0.6623931623931624
logistic_regression,test,424,0.6121794871794872
logistic_regression,test,425,0.6688034188034189
logistic_regression,test,426,0.6463675213675214
logistic_regression,test,427,0.6559829059829061
logistic_regression,test,428,0.7094017094017094
logistic_regression,test,429,0.5822649572649572
logistic_regression,test,430,0.6079059829059829
logistic_regression,test,431,0.6666666666666667
logistic_regression,test,432,0.717948717948718
logistic_regression,test,433,0.6212606837606838
logistic_regression,test,434,0.5822649572649573
logistic_regression,test,435,0.592948717948718
logistic_regression,test,436,0.6014957264957265
logistic_regression,test,437,0.6436965811965812
logistic_regression,test,438,0.686965811965812
logistic_regression,test,439,0.6955128205128205
logistic_regression,test,440,0.593482905982906
logistic_regression,test,441,0.670405982905983
logistic_regression,test,442,0.7238247863247864
logistic_regression,test,443,0.5950854700854701
logistic_regression,test,444,0.5860042735042735
logistic_regression,test,445,0.6645299145299145
logistic_regression,test,446,0.7168803418803419
logistic_regression,test,447,0.6784188034188033
logistic_regression,test,448,0.6217948717948718
logistic_regression,test,449,0.6436965811965811
logistic_regression,test,450,0.5854700854700855
logistic_regression,test,451,0.671474358974359
logistic_regression,test,452,0.6698717948717949
logistic_regression,test,453,0.5811965811965811
logistic_regression,test,454,0.6212606837606838
logistic_regression,test,455,0.6052350427350428
logistic_regression,test,456,0.5267094017094017
logistic_regression,test,457,0.686965811965812
logistic_regression,test,458,0.6875
logistic_regression,test,459,0.6976495726495727
logistic_regression,test,460,0.607905982905983
logistic_regression,test,461,0.670940170940171
logistic_regression,test,462,0.686965811965812
logistic_regression,test,463,0.5966880341880342
logistic_regression,test,464,0.545940170940171
logistic_regression,test,465,0.6720085470085471
logistic_regression,test,466,0.7104700854700855
logistic_regression,test,467,0.7115384615384616
logistic_regression,test,468,0.7061965811965812
logistic_regression,test,469,0.6730769230769231
logistic_regression,test,470,0.6826923076923077
logistic_regression,test,471,0.6052350427350427
logistic_regression,test,472,0.6207264957264957
logistic_regression,test,473,0.6522435897435898
logistic_regression,test,474,0.6100427350427351
logistic_regression,test,475,0.7158119658119658
logistic_regression,test,476,0.7371794871794872
logistic_regression,test,477,0.68482905982906
logistic_regression,test,478,0.7163461538461539
logistic_regression,test,479,0.5705128205128206
logistic_regression,test,480,0.6762820512820512
logistic_regression,test,481,0.6362179487179487
logistic_regression,test,482,0.6997863247863247
logistic_regression,test,483,0.6324786324786325
logistic_regression,test,484,0.7061965811965812
logistic_regression,test,485,0.639423076923077
logistic_regression,test,486,0.7307692307692307
logistic_regression,test,487,0.6591880341880342
logistic_regression,test,488,0.7467948717948718
logistic_regression,test,489,0.7403846153846154
logistic_regression,test,490,0.6784188034188035
logistic_regression,test,491,0.6805555555555556
logistic_regression,test,492,0.6452991452991453
logistic_regression,test,493,0.7537393162393162
logistic_regression,test,494,0.5993589743589743
logistic_regression,test,495,0.625
logistic_regression,test,496,0.6378205128205129
logistic_regression,test,497,0.6784188034188035
logistic_regression,test,498,0.7489316239316239
logistic_regression,test,499,0.5854700854700855
logistic_regression,test,500,0.6923076923076923
logistic_regression,test,501,0.5817307692307693
logistic_regression,test,502,0.6014957264957265
logistic_regression,test,503,0.7745726495726496
logistic_regression,test,504,0.6837606837606838
logistic_regression,test,505,0.6784188034188035
logistic_regression,test,506,0.6976495726495726
logistic_regression,test,507,0.4722222222222222
logistic_regression,test,508,0.5598290598290598
logistic_regression,test,509,0.6463675213675214
logistic_regression,test,510,0.6143162393162394
logistic_regression,test,511,0.6688034188034189
logistic_regression,test,512,0.5138888888888888
logistic_regression,test,513,0.6314102564102564
logistic_regression,test,514,0.6949786324786325
logistic_regression,test,515,0.7435897435897436
logistic_regression,test,516,0.6597222222222222
logistic_regression,test,517,0.6762820512820513
logistic_regression,test,518,0.5902777777777778
logistic_regression,test,519,0.5582264957264957
logistic_regression,test,520,0.7040598290598291
logistic_regression,test,521,0.7115384615384616
logistic_regression,test,522,0.7083333333333334
logistic_regression,test,523,0.6623931623931624
logistic_regression,test,524,0.6533119658119658
logistic_regression,test,525,0.6271367521367521
logistic_regression,test,526,0.6848290598290598
logistic_regression,test,527,0.5865384615384616
logistic_regression,test,528,0.7473290598290598
logistic_regression,test,529,0.6228632478632479
logistic_regression,test,530,0.7088675213675213
logistic_regression,test,531,0.6282051282051282
logistic_regression,test,532,0.8066239316239316
logistic_regression,test,533,0.6709401709401709
logistic_regression,test,534,0.6495726495726496
logistic_regression,test,535,0.5395299145299146
logistic_regression,test,536,0.6479700854700855
logistic_regression,test,537,0.641025641025641
logistic_regression,test,538,0.6346153846153847
logistic_regression,test,539,0.5539529914529915
logistic_regression,test,540,0.530982905982906
logistic_regression,test,541,0.6912393162393162
logistic_regression,test,542,0.6239316239316239
logistic_regression,test,543,0.6623931623931624
logistic_regression,test,544,0.6223290598290598
logistic_regression,test,545,0.6506410256410257
logistic_regression,test,546,0.654380341880342
logistic_regression,test,547,0.594017094017094
logistic_regression,test,548,0.7200854700854701
logistic_regression,test,549,0.6976495726495726
logistic_regression,test,550,0.7916666666666666
logistic_regression,test,551,0.6907051282051282
logistic_regression,test,552,0.7019230769230769
logistic_regression,test,553,0.5865384615384616
logistic_regression,test,554,0.764957264957265
logistic_regression,test,555,0.6175213675213675
logistic_regression,test,556,0.6853632478632479
logistic_regression,test,557,0.6821581196581196
logistic_regression,test,558,0.6463675213675214
logistic_regression,test,559,0.5202991452991453
logistic_regression,test,560,0.7938034188034188
logistic_regression,test,561,0.6944444444444444
logistic_regression,test,562,0.6452991452991452
logistic_regression,test,563,0.8066239316239316
logistic_regression,test,564,0.6613247863247863
logistic_regression,test,565,0.6485042735042735
logistic_regression,test,566,0.5982905982905984
logistic_regression,test,567,0.7478632478632479
logistic_regression,test,568,0.5747863247863249
logistic_regression,test,569,0.6153846153846154
logistic_regression,test,570,0.6463675213675214
logistic_regression,test,571,0.6330128205128205
logistic_regression,test,572,0.5892094017094017
logistic_regression,test,573,0.6933760683760684
logistic_regression,test,574,0.6997863247863247
logistic_regression,test,575,0.655982905982906
logistic_regression,test,576,0.6837606837606838
logistic_regression,test,577,0.7094017094017094
logistic_regression,test,578,0.545940170940171
logistic_regression,test,579,0.7067307692307692
logistic_regression,test,580,0.5550213675213675
logistic_regression,test,581,0.7905982905982907
logistic_regression,test,582,0.6132478632478633
logistic_regression,test,583,0.6057692307692307
logistic_regression,test,584,0.6517094017094017
logistic_regression,test,585,0.686965811965812
logistic_regression,test,586,0.6388888888888888
logistic_regression,test,587,0.6645299145299145
logistic_regression,test,588,0.5795940170940171
logistic_regression,test,589,0.6223290598290598
logistic_regression,test,590,0.6506410256410257
logistic_regression,test,591,0.6036324786324787
logistic_regression,test,592,0.6346153846153847
logistic_regression,test,593,0.6346153846153846
logistic_regression,test,594,0.6052350427350427
logistic_regression,test,595,0.7211538461538461
logistic_regression,test,596,0.6586538461538463
logistic_regression,test,597,0.7094017094017094
logistic_regression,test,598,0.701923076923077
logistic_regression,test,599,0.6479700854700854
logistic_regression,test,600,0.735042735042735
logistic_regression,test,601,0.5331196581196581
logistic_regression,test,602,0.5753205128205129
logistic_regression,test,603,0.7061965811965812
logistic_regression,test,604,0.6356837606837608
logistic_regression,test,605,0.6891025641025641
logistic_regression,test,606,0.6837606837606838
logistic_regression,test,607,0.7120726495726496
logistic_regression,test,608,0.5641025641025641
logistic_regression,test,609,0.6527777777777778
logistic_regression,test,610,0.702991452991453
logistic_regression,test,611,0.625534188034188
logistic_regression,test,612,0.6495726495726496
logistic_regression,test,613,0.5705128205128205
logistic_regression,test,614,0.5972222222222222
logistic_regression,test,615,0.6613247863247864
logistic_regression,test,616,0.6495726495726496
logistic_regression,test,617,0.6752136752136751
logistic_regression,test,618,0.6079059829059829
logistic_regression,test,619,0.7147435897435898
logistic_regression,test,620,0.6698717948717948
logistic_regression,test,621,0.6426282051282051
logistic_regression,test,622,0.7660256410256411
logistic_regression,test,623,0.607905982905983
logistic_regression,test,624,0.5576923076923077
logistic_regression,test,625,0.6335470085470085
logistic_regression,test,626,0.6912393162393162
logistic_regression,test,627,0.6431623931623932
logistic_regression,test,628,0.6816239316239316
logistic_regression,test,629,0.7676282051282052
logistic_regression,test,630,0.6944444444444444
logistic_regression,test,631,0.6495726495726496
logistic_regression,test,632,0.6303418803418803
logistic_regression,test,633,0.594017094017094
logistic_regression,test,634,0.6955128205128205
logistic_regression,test,635,0.6698717948717949
logistic_regression,test,636,0.6324786324786325
logistic_regression,test,637,0.6469017094017094
logistic_regression,test,638,0.5598290598290598
logistic_regression,test,639,0.6025641025641026
logistic_regression,test,640,0.640491452991453
logistic_regression,test,641,0.6645299145299145
logistic_regression,test,642,0.5705128205128205
logistic_regression,test,643,0.6709401709401709
logistic_regression,test,644,0.7510683760683761
logistic_regression,test,645,0.7094017094017095
logistic_regression,test,646,0.7382478632478633
logistic_regression,test,647,0.6485042735042735
logistic_regression,test,648,0.686965811965812
logistic_regression,test,649,0.4780982905982906
logistic_regression,test,650,0.6452991452991453
logistic_regression,test,651,0.7136752136752137
logistic_regression,test,652,0.7104700854700855
logistic_regression,test,653,0.6752136752136753
logistic_regression,test,654,0.7126068376068376
logistic_regression,test,655,0.7521367521367521
logistic_regression,test,656,0.49412393162393164
logistic_regression,test,657,0.7371794871794871
logistic_regression,test,658,0.5876068376068376
logistic_regression,test,659,0.65491452991453
logistic_regression,test,660,0.5422008547008547
logistic_regression,test,661,0.5438034188034188
logistic_regression,test,662,0.733974358974359
logistic_regression,test,663,0.6923076923076923
logistic_regression,test,664,0.6987179487179488
logistic_regression,test,665,0.6912393162393162
logistic_regression,test,666,0.6602564102564102
logistic_regression,test,667,0.7174145299145299
logistic_regression,test,668,0.6047008547008547
logistic_regression,test,669,0.6495726495726496
logistic_regression,test,670,0.6463675213675214
logistic_regression,test,671,0.7425213675213675
logistic_regression,test,672,0.6666666666666666
logistic_regression,test,673,0.5181623931623932
logistic_regression,test,674,0.6335470085470085
logistic_regression,test,675,0.5432692307692308
logistic_regression,test,676,0.5731837606837606
logistic_regression,test,677,0.7425213675213675
logistic_regression,test,678,0.6442307692307692
logistic_regression,test,679,0.6228632478632479
logistic_regression,test,680,0.6233974358974359
logistic_regression,test,681,0.6452991452991453
logistic_regression,test,682,0.7505341880341881
logistic_regression,test,683,0.6132478632478633
logistic_regression,test,684,0.6784188034188035
logistic_regression,test,685,0.6944444444444444
logistic_regression,test,686,0.6581196581196581
logistic_regression,test,687,0.6971153846153847
logistic_regression,test,688,0.7045940170940171
logistic_regression,test,689,0.642094017094017
logistic_regression,test,690,0.5544871794871795
logistic_regression,test,691,0.6041666666666666
logistic_regression,test,692,0.6891025641025641
logistic_regression,test,693,0.798076923076923
logistic_regression,test,694,0.5737179487179487
logistic_regression,test,695,0.7446581196581197
logistic_regression,test,696,0.6004273504273504
logistic_regression,test,697,0.5972222222222223
logistic_regression,test,698,0.7478632478632479
logistic_regression,test,699,0.6367521367521367
logistic_regression,test,700,0.6987179487179488
logistic_regression,test,701,0.6987179487179487
logistic_regression,test,702,0.5753205128205129
logistic_regression,test,703,0.7232905982905983
logistic_regression,test,704,0.6784188034188035
logistic_regression,test,705,0.6789529914529915
logistic_regression,test,706,0.5566239316239316
logistic_regression,test,707,0.5817307692307692
logistic_regression,test,708,0.7136752136752137
logistic_regression,test,709,0.6191239316239316
logistic_regression,test,710,0.576923076923077
logistic_regression,test,711,0.6485042735042735
logistic_regression,test,712,0.6677350427350428
logistic_regression,test,713,0.6207264957264957
logistic_regression,test,714,0.6976495726495726
logistic_regression,test,715,0.5608974358974359
logistic_regression,test,716,0.5747863247863249
logistic_regression,test,717,0.6442307692307693
logistic_regression,test,718,0.6773504273504274
logistic_regression,test,719,0.7126068376068376
logistic_regression,test,720,0.5913461538461539
logistic_regression,test,721,0.6655982905982906
logistic_regression,test,722,0.6153846153846153
logistic_regression,test,723,0.6143162393162394
logistic_regression,test,724,0.6987179487179487
logistic_regression,test,725,0.608974358974359
logistic_regression,test,726,0.6944444444444444
logistic_regression,test,727,0.6773504273504274
logistic_regression,test,728,0.608974358974359
logistic_regression,test,729,0.6367521367521367
logistic_regression,test,730,0.7013888888888888
logistic_regression,test,731,0.6271367521367521
logistic_regression,test,732,0.6591880341880342
logistic_regression,test,733,0.6591880341880342
logistic_regression,test,734,0.6100427350427351
logistic_regression,test,735,0.5854700854700855
logistic_regression,test,736,0.6944444444444444
logistic_regression,test,737,0.7873931623931624
logistic_regression,test,738,0.43002136752136755
logistic_regression,test,739,0.6720085470085471
logistic_regression,test,740,0.610042735042735
logistic_regression,test,741,0.6800213675213674
logistic_regression,test,742,0.6698717948717949
logistic_regression,test,743,0.7361111111111112
logistic_regression,test,744,0.6789529914529915
logistic_regression,test,745,0.7596153846153846
logistic_regression,test,746,0.6602564102564104
logistic_regression,test,747,0.5587606837606838
logistic_regression,test,748,0.6591880341880342
logistic_regression,test,749,0.7222222222222222
logistic_regression,test,750,0.6469017094017094
logistic_regression,test,751,0.688034188034188
logistic_regression,test,752,0.6997863247863247
logistic_regression,test,753,0.5213675213675214
logistic_regression,test,754,0.6260683760683761
logistic_regression,test,755,0.6826923076923077
logistic_regression,test,756,0.8055555555555556
logistic_regression,test,757,0.6479700854700855
logistic_regression,test,758,0.6634615384615385
logistic_regression,test,759,0.6452991452991453
logistic_regression,test,760,0.625
logistic_regression,test,761,0.7126068376068376
logistic_regression,test,762,0.6688034188034189
logistic_regression,test,763,0.6490384615384615
logistic_regression,test,764,0.5854700854700855
logistic_regression,test,765,0.7425213675213675
logistic_regression,test,766,0.5972222222222222
logistic_regression,test,767,0.7329059829059829
logistic_regression,test,768,0.5379273504273505
logistic_regression,test,769,0.672008547008547
logistic_regression,test,770,0.7927350427350428
logistic_regression,test,771,0.5747863247863247
logistic_regression,test,772,0.7542735042735043
logistic_regression,test,773,0.6773504273504274
logistic_regression,test,774,0.5822649572649572
logistic_regression,test,775,0.6720085470085471
logistic_regression,test,776,0.6987179487179487
logistic_regression,test,777,0.6356837606837606
logistic_regression,test,778,0.688034188034188
logistic_regression,test,779,0.5865384615384616
logistic_regression,test,780,0.6794871794871795
logistic_regression,test,781,0.7120726495726496
logistic_regression,test,782,0.6164529914529914
logistic_regression,test,783,0.6517094017094017
logistic_regression,test,784,0.717948717948718
logistic_regression,test,785,0.6260683760683761
logistic_regression,test,786,0.686965811965812
logistic_regression,test,787,0.6164529914529915
logistic_regression,test,788,0.5854700854700855
logistic_regression,test,789,0.6517094017094016
logistic_regression,test,790,0.7617521367521368
logistic_regression,test,791,0.5395299145299145
logistic_regression,test,792,0.6073717948717949
logistic_regression,test,793,0.6372863247863247
logistic_regression,test,794,0.6837606837606838
logistic_regression,test,795,0.6228632478632479
logistic_regression,test,796,0.5806623931623932
logistic_regression,test,797,0.6164529914529915
logistic_regression,test,798,0.732905982905983
logistic_regression,test,799,0.7564102564102564
logistic_regression,test,800,0.6645299145299145
logistic_regression,test,801,0.6164529914529915
logistic_regression,test,802,0.38141025641025644
logistic_regression,test,803,0.6175213675213675
logistic_regression,test,804,0.5715811965811965
logistic_regression,test,805,0.7430555555555556
logistic_regression,test,806,0.6794871794871795
logistic_regression,test,807,0.6602564102564102
logistic_regression,test,808,0.5512820512820513
logistic_regression,test,809,0.6314102564102564
logistic_regression,test,810,0.6485042735042734
logistic_regression,test,811,0.7232905982905983
logistic_regression,test,812,0.576923076923077
logistic_regression,test,813,0.6805555555555556
logistic_regression,test,814,0.5571581196581197
logistic_regression,test,815,0.5683760683760684
logistic_regression,test,816,0.6837606837606838
logistic_regression,test,817,0.6858974358974359
logistic_regression,test,818,0.6720085470085471
logistic_regression,test,819,0.7051282051282052
logistic_regression,test,820,0.6591880341880342
logistic_regression,test,821,0.7168803418803419
logistic_regression,test,822,0.5747863247863249
logistic_regression,test,823,0.5972222222222222
logistic_regression,test,824,0.6014957264957266
logistic_regression,test,825,0.6933760683760684
logistic_regression,test,826,0.7115384615384616
logistic_regression,test,827,0.6239316239316239
logistic_regression,test,828,0.6549145299145299
logistic_regression,test,829,0.6495726495726496
logistic_regression,test,830,0.5844017094017093
logistic_regression,test,831,0.5924145299145299
logistic_regression,test,832,0.7275641025641025
logistic_regression,test,833,0.6346153846153846
logistic_regression,test,834,0.6014957264957265
logistic_regression,test,835,0.6089743589743589
logistic_regression,test,836,0.6442307692307693
logistic_regression,test,837,0.6169871794871795
logistic_regression,test,838,0.5347222222222222
logistic_regression,test,839,0.7131410256410257
logistic_regression,test,840,0.673076923076923
logistic_regression,test,841,0.594017094017094
logistic_regression,test,842,0.5811965811965812
logistic_regression,test,843,0.6816239316239316
logistic_regression,test,844,0.6079059829059829
logistic_regression,test,845,0.5491452991452992
logistic_regression,test,846,0.5694444444444444
logistic_regression,test,847,0.5886752136752137
logistic_regression,test,848,0.5267094017094017
logistic_regression,test,849,0.6848290598290598
logistic_regression,test,850,0.750534188034188
logistic_regression,test,851,0.7297008547008547
logistic_regression,test,852,0.5988247863247863
logistic_regression,test,853,0.6271367521367521
logistic_regression,test,854,0.6613247863247864
logistic_regression,test,855,0.5876068376068376
logistic_regression,test,856,0.6303418803418803
logistic_regression,test,857,0.5491452991452992
logistic_regression,test,858,0.6228632478632479
logistic_regression,test,859,0.639957264957265
logistic_regression,test,860,0.6271367521367521
logistic_regression,test,861,0.6036324786324786
logistic_regression,test,862,0.6634615384615384
logistic_regression,test,863,0.642094017094017
logistic_regression,test,864,0.5122863247863247
logistic_regression,test,865,0.7077991452991453
logistic_regression,test,866,0.6581196581196581
logistic_regression,test,867,0.6533119658119659
logistic_regression,test,868,0.6752136752136753
logistic_regression,test,869,0.7457264957264957
logistic_regression,test,870,0.5870726495726496
logistic_regression,test,871,0.6367521367521368
logistic_regression,test,872,0.639957264957265
logistic_regression,test,873,0.7168803418803419
logistic_regression,test,874,0.6858974358974359
logistic_regression,test,875,0.5972222222222222
logistic_regression,test,876,0.6121794871794872
logistic_regression,test,877,0.7243589743589743
logistic_regression,test,878,0.6185897435897436
logistic_regression,test,879,0.733974358974359
logistic_regression,test,880,0.7313034188034188
logistic_regression,test,881,0.75
logistic_regression,test,882,0.6543803418803419
logistic_regression,test,883,0.5876068376068375
logistic_regression,test,884,0.6047008547008547
logistic_regression,test,885,0.6014957264957265
logistic_regression,test,886,0.6976495726495726
logistic_regression,test,887,0.6965811965811965
logistic_regression,test,888,0.7072649572649573
logistic_regression,test,889,0.7040598290598291
logistic_regression,test,890,0.7115384615384615
logistic_regression,test,891,0.6175213675213675
logistic_regression,test,892,0.7574786324786325
logistic_regression,test,893,0.7211538461538461
logistic_regression,test,894,0.6891025641025641
logistic_regression,test,895,0.6591880341880342
logistic_regression,test,896,0.5160256410256411
logistic_regression,test,897,0.6442307692307693
logistic_regression,test,898,0.7120726495726496
logistic_regression,test,899,0.732905982905983
logistic_regression,test,900,0.5982905982905983
logistic_regression,test,901,0.6303418803418804
logistic_regression,test,902,0.6217948717948718
logistic_regression,test,903,0.5993589743589743
logistic_regression,test,904,0.5833333333333333
logistic_regression,test,905,0.7617521367521367
logistic_regression,test,906,0.6164529914529914
logistic_regression,test,907,0.6784188034188035
logistic_regression,test,908,0.5555555555555556
logistic_regression,test,909,0.702991452991453
logistic_regression,test,910,0.7297008547008547
logistic_regression,test,911,0.672008547008547
logistic_regression,test,912,0.8002136752136753
logistic_regression,test,913,0.6527777777777778
logistic_regression,test,914,0.6762820512820513
logistic_regression,test,915,0.7158119658119657
logistic_regression,test,916,0.5715811965811965
logistic_regression,test,917,0.6335470085470085
logistic_regression,test,918,0.6634615384615384
logistic_regression,test,919,0.7008547008547009
logistic_regression,test,920,0.6901709401709403
logistic_regression,test,921,0.6720085470085471
logistic_regression,test,922,0.6196581196581197
logistic_regression,test,923,0.6655982905982906
logistic_regression,test,924,0.6073717948717948
logistic_regression,test,925,0.6752136752136751
logistic_regression,test,926,0.5608974358974359
logistic_regression,test,927,0.6639957264957265
logistic_regression,test,928,0.6602564102564102
logistic_regression,test,929,0.764957264957265
logistic_regression,test,930,0.7297008547008547
logistic_regression,test,931,0.6452991452991452
logistic_regression,test,932,0.5694444444444444
logistic_regression,test,933,0.6623931623931625
logistic_regression,test,934,0.6111111111111112
logistic_regression,test,935,0.6618589743589743
logistic_regression,test,936,0.736111111111111
logistic_regression,test,937,0.5982905982905983
logistic_regression,test,938,0.7152777777777778
logistic_regression,test,939,0.6730769230769231
logistic_regression,test,940,0.7280982905982907
logistic_regression,test,941,0.6901709401709402
logistic_regression,test,942,0.532051282051282
logistic_regression,test,943,0.8141025641025641
logistic_regression,test,944,0.6495726495726496
logistic_regression,test,945,0.702457264957265
logistic_regression,test,946,0.6586538461538463
logistic_regression,test,947,0.6121794871794871
logistic_regression,test,948,0.5694444444444444
logistic_regression,test,949,0.6698717948717948
logistic_regression,test,950,0.6399572649572649
logistic_regression,test,951,0.702991452991453
logistic_regression,test,952,0.7569444444444444
logistic_regression,test,953,0.6939102564102564
logistic_regression,test,954,0.6800213675213675
logistic_regression,test,955,0.5913461538461539
logistic_regression,test,956,0.7163461538461539
logistic_regression,test,957,0.7302350427350428
logistic_regression,test,958,0.5395299145299145
logistic_regression,test,959,0.5972222222222222
logistic_regression,test,960,0.5208333333333334
logistic_regression,test,961,0.624465811965812
logistic_regression,test,962,0.6025641025641026
logistic_regression,test,963,0.5977564102564104
logistic_regression,test,964,0.6180555555555556
logistic_regression,test,965,0.5352564102564102
logistic_regression,test,966,0.7029914529914529
logistic_regression,test,967,0.594017094017094
logistic_regression,test,968,0.6282051282051282
logistic_regression,test,969,0.6036324786324786
logistic_regression,test,970,0.545405982905983
logistic_regression,test,971,0.641025641025641
logistic_regression,test,972,0.6976495726495726
logistic_regression,test,973,0.6602564102564102
logistic_regression,test,974,0.7104700854700855
logistic_regression,test,975,0.6698717948717948
logistic_regression,test,976,0.6933760683760684
logistic_regression,test,977,0.826388888888889
logistic_regression,test,978,0.6217948717948718
logistic_regression,test,979,0.5448717948717949
logistic_regression,test,980,0.639957264957265
logistic_regression,test,981,0.6773504273504273
logistic_regression,test,982,0.6634615384615384
logistic_regression,test,983,0.6933760683760684
logistic_regression,test,984,0.5822649572649573
logistic_regression,test,985,0.6623931623931624
logistic_regression,test,986,0.611111111111111
logistic_regression,test,987,0.6153846153846154
logistic_regression,test,988,0.6260683760683761
logistic_regression,test,989,0.6858974358974359
logistic_regression,test,990,0.5053418803418803
logistic_regression,test,991,0.5972222222222222
logistic_regression,test,992,0.6121794871794872
logistic_regression,test,993,0.6020299145299145
logistic_regression,test,994,0.5801282051282052
logistic_regression,test,995,0.6842948717948718
logistic_regression,test,996,0.7019230769230769
logistic_regression,test,997,0.7083333333333333
logistic_regression,test,998,0.7264957264957265
logistic_regression,test,999,0.7158119658119658
logistic_regression,test,1000,0.7809829059829059
upstream_fusion,test,1,0.6485042735042735
upstream_fusion,test,2,0.6730769230769231
upstream_fusion,test,3,0.625
upstream_fusion,test,4,0.7371794871794871
upstream_fusion,test,5,0.6741452991452991
upstream_fusion,test,6,0.5438034188034188
upstream_fusion,test,7,0.638888888888889
upstream_fusion,test,8,0.6677350427350427
upstream_fusion,test,9,0.6773504273504273
upstream_fusion,test,10,0.702991452991453
upstream_fusion,test,11,0.5491452991452992
upstream_fusion,test,12,0.780448717948718
upstream_fusion,test,13,0.671474358974359
upstream_fusion,test,14,0.6784188034188035
upstream_fusion,test,15,0.5090811965811965
upstream_fusion,test,16,0.6794871794871795
upstream_fusion,test,17,0.7029914529914529
upstream_fusion,test,18,0.7398504273504274
upstream_fusion,test,19,0.7446581196581196
upstream_fusion,test,20,0.6463675213675214
upstream_fusion,test,21,0.610042735042735
upstream_fusion,test,22,0.68482905982906
upstream_fusion,test,23,0.7158119658119657
upstream_fusion,test,24,0.6469017094017094
upstream_fusion,test,25,0.6175213675213675
upstream_fusion,test,26,0.6303418803418803
upstream_fusion,test,27,0.6442307692307693
upstream_fusion,test,28,0.7873931623931624
upstream_fusion,test,29,0.6928418803418803
upstream_fusion,test,30,0.7916666666666667
upstream_fusion,test,31,0.6452991452991453
upstream_fusion,test,32,0.6623931623931624
upstream_fusion,test,33,0.7574786324786325
upstream_fusion,test,34,0.6939102564102565
upstream_fusion,test,35,0.6581196581196581
upstream_fusion,test,36,0.670940170940171
upstream_fusion,test,37,0.6816239316239316
upstream_fusion,test,38,0.6324786324786325
upstream_fusion,test,39,0.702991452991453
upstream_fusion,test,40,0.7035256410256411
upstream_fusion,test,41,0.624465811965812
upstream_fusion,test,42,0.6955128205128205
upstream_fusion,test,43,0.6175213675213675
upstream_fusion,test,44,0.6100427350427351
upstream_fusion,test,45,0.7927350427350428
upstream_fusion,test,46,0.7003205128205129
upstream_fusion,test,47,0.6335470085470085
upstream_fusion,test,48,0.6933760683760685
upstream_fusion,test,49,0.7200854700854701
upstream_fusion,test,50,0.717948717948718
upstream_fusion,test,51,0.673076923076923
upstream_fusion,test,52,0.7628205128205128
upstream_fusion,test,53,0.6848290598290598
upstream_fusion,test,54,0.7051282051282052
upstream_fusion,test,55,0.7029914529914529
upstream_fusion,test,56,0.6613247863247863
upstream_fusion,test,57,0.685897435897436
upstream_fusion,test,58,0.5737179487179487
upstream_fusion,test,59,0.7628205128205129
upstream_fusion,test,60,0.5844017094017094
upstream_fusion,test,61,0.7788461538461539
upstream_fusion,test,62,0.7532051282051282
upstream_fusion,test,63,0.7061965811965812
upstream_fusion,test,64,0.6185897435897435
upstream_fusion,test,65,0.7350427350427351
upstream_fusion,test,66,0.7307692307692308
upstream_fusion,test,67,0.7094017094017093
upstream_fusion,test,68,0.6661324786324787
upstream_fusion,test,69,0.6613247863247863
upstream_fusion,test,70,0.688034188034188
upstream_fusion,test,71,0.6549145299145299
upstream_fusion,test,72,0.68482905982906
upstream_fusion,test,73,0.6314102564102564
upstream_fusion,test,74,0.6212606837606838
upstream_fusion,test,75,0.7019230769230769
upstream_fusion,test,76,0.6164529914529915
upstream_fusion,test,77,0.7371794871794871
upstream_fusion,test,78,0.6912393162393163
upstream_fusion,test,79,0.6517094017094017
upstream_fusion,test,80,0.6784188034188035
upstream_fusion,test,81,0.5908119658119658
upstream_fusion,test,82,0.6036324786324786
upstream_fusion,test,83,0.7019230769230769
upstream_fusion,test,84,0.5854700854700855
upstream_fusion,test,85,0.6816239316239316
upstream_fusion,test,86,0.719017094017094
upstream_fusion,test,87,0.6698717948717949
upstream_fusion,test,88,0.6634615384615385
upstream_fusion,test,89,0.7382478632478632
upstream_fusion,test,90,0.7158119658119658
upstream_fusion,test,91,0.593482905982906
upstream_fusion,test,92,0.5886752136752137
upstream_fusion,test,93,0.780448717948718
upstream_fusion,test,94,0.7104700854700855
upstream_fusion,test,95,0.6410256410256411
upstream_fusion,test,96,0.6688034188034189
upstream_fusion,test,97,0.49572649572649574
upstream_fusion,test,98,0.5993589743589743
upstream_fusion,test,99,0.49786324786324787
upstream_fusion,test,100,0.5779914529914529
upstream_fusion,test,101,0.6885683760683761
upstream_fusion,test,102,0.6987179487179487
upstream_fusion,test,103,0.6805555555555555
upstream_fusion,test,104,0.5811965811965811
upstream_fusion,test,105,0.6527777777777778
upstream_fusion,test,106,0.5090811965811965
upstream_fusion,test,107,0.6837606837606838
upstream_fusion,test,108,0.6175213675213675
upstream_fusion,test,109,0.5806623931623932
upstream_fusion,test,110,0.6613247863247863
upstream_fusion,test,111,0.7435897435897436
upstream_fusion,test,112,0.6399572649572649
upstream_fusion,test,113,0.6794871794871795
upstream_fusion,test,114,0.653846153846154
upstream_fusion,test,115,0.6842948717948718
upstream_fusion,test,116,0.6901709401709402
upstream_fusion,test,117,0.8461538461538461
upstream_fusion,test,118,0.7061965811965811
upstream_fusion,test,119,0.6875
upstream_fusion,test,120,0.547008547008547
upstream_fusion,test,121,0.6175213675213675
upstream_fusion,test,122,0.5737179487179488
upstream_fusion,test,123,0.7585470085470085
upstream_fusion,test,124,0.7147435897435896
upstream_fusion,test,125,0.6944444444444445
upstream_fusion,test,126,0.6645299145299145
upstream_fusion,test,127,0.6784188034188033
upstream_fusion,test,128,0.6655982905982906
upstream_fusion,test,129,0.5678418803418803
upstream_fusion,test,130,0.764957264957265
upstream_fusion,test,131,0.6047008547008547
upstream_fusion,test,132,0.6314102564102564
upstream_fusion,test,133,0.7104700854700855
upstream_fusion,test,134,0.7542735042735043
upstream_fusion,test,135,0.6949786324786325
upstream_fusion,test,136,0.6976495726495726
upstream_fusion,test,137,0.6794871794871795
upstream_fusion,test,138,0.6431623931623931
upstream_fusion,test,139,0.6378205128205129
upstream_fusion,test,140,0.5854700854700855
upstream_fusion,test,141,0.6677350427350428
upstream_fusion,test,142,0.6992521367521368
upstream_fusion,test,143,0.6923076923076923
upstream_fusion,test,144,0.7264957264957266
upstream_fusion,test,145,0.7147435897435898
upstream_fusion,test,146,0.6848290598290598
upstream_fusion,test,147,0.6586538461538461
upstream_fusion,test,148,0.7238247863247864
upstream_fusion,test,149,0.7136752136752137
upstream_fusion,test,150,0.686965811965812
upstream_fusion,test,151,0.6116452991452992
upstream_fusion,test,152,0.7831196581196581
upstream_fusion,test,153,0.7398504273504274
upstream_fusion,test,154,0.5801282051282052
upstream_fusion,test,155,0.6965811965811965
upstream_fusion,test,156,0.6698717948717948
upstream_fusion,test,157,0.6041666666666667
upstream_fusion,test,158,0.7382478632478633
upstream_fusion,test,159,0.686965811965812
upstream_fusion,test,160,0.6944444444444444
upstream_fusion,test,161,0.6447649572649572
upstream_fusion,test,162,0.6431623931623931
upstream_fusion,test,163,0.7777777777777778
upstream_fusion,test,164,0.6891025641025641
upstream_fusion,test,165,0.7254273504273505
upstream_fusion,test,166,0.6452991452991453
upstream_fusion,test,167,0.672542735042735
upstream_fusion,test,168,0.6159188034188035
upstream_fusion,test,169,0.7948717948717948
upstream_fusion,test,170,0.6452991452991453
upstream_fusion,test,171,0.6463675213675214
upstream_fusion,test,172,0.7211538461538461
upstream_fusion,test,173,0.5972222222222222
upstream_fusion,test,174,0.7232905982905983
upstream_fusion,test,175,0.5886752136752137
upstream_fusion,test,176,0.6720085470085471
upstream_fusion,test,177,0.6688034188034189
upstream_fusion,test,178,0.7051282051282051
upstream_fusion,test,179,0.688034188034188
upstream_fusion,test,180,0.6677350427350428
upstream_fusion,test,181,0.7564102564102564
upstream_fusion,test,182,0.7478632478632479
upstream_fusion,test,183,0.6677350427350427
upstream_fusion,test,184,0.767094017094017
upstream_fusion,test,185,0.7681623931623932
upstream_fusion,test,186,0.6014957264957266
upstream_fusion,test,187,0.5913461538461539
upstream_fusion,test,188,0.6837606837606838
upstream_fusion,test,189,0.6020299145299145
upstream_fusion,test,190,0.6335470085470086
upstream_fusion,test,191,0.701923076923077
upstream_fusion,test,192,0.6901709401709402
upstream_fusion,test,193,0.7126068376068375
upstream_fusion,test,194,0.6431623931623932
upstream_fusion,test,195,0.6020299145299146
upstream_fusion,test,196,0.657051282051282
upstream_fusion,test,197,0.7168803418803419
upstream_fusion,test,198,0.6303418803418803
upstream_fusion,test,199,0.6896367521367521
upstream_fusion,test,200,0.6506410256410257
upstream_fusion,test,201,0.6810897435897436
upstream_fusion,test,202,0.7446581196581197
upstream_fusion,test,203,0.7222222222222222
upstream_fusion,test,204,0.6485042735042734
upstream_fusion,test,205,0.7532051282051282
upstream_fusion,test,206,0.6260683760683761
upstream_fusion,test,207,0.6485042735042735
upstream_fusion,test,208,0.8076923076923077
upstream_fusion,test,209,0.6997863247863247
upstream_fusion,test,210,0.6217948717948718
upstream_fusion,test,211,0.6340811965811965
upstream_fusion,test,212,0.763888888888889
upstream_fusion,test,213,0.670940170940171
upstream_fusion,test,214,0.6549145299145298
upstream_fusion,test,215,0.6511752136752138
upstream_fusion,test,216,0.6794871794871795
upstream_fusion,test,217,0.6613247863247863
upstream_fusion,test,218,0.6185897435897436
upstream_fusion,test,219,0.7136752136752137
upstream_fusion,test,220,0.670940170940171
upstream_fusion,test,221,0.49465811965811973
upstream_fusion,test,222,0.6287393162393162
upstream_fusion,test,223,0.6677350427350427
upstream_fusion,test,224,0.6709401709401709
upstream_fusion,test,225,0.8092948717948718
upstream_fusion,test,226,0.6891025641025641
upstream_fusion,test,227,0.5982905982905983
upstream_fusion,test,228,0.7232905982905983
upstream_fusion,test,229,0.6452991452991453
upstream_fusion,test,230,0.6794871794871795
upstream_fusion,test,231,0.6164529914529915
upstream_fusion,test,232,0.6282051282051282
upstream_fusion,test,233,0.701923076923077
upstream_fusion,test,234,0.6837606837606838
upstream_fusion,test,235,0.6522435897435898
upstream_fusion,test,236,0.6501068376068376
upstream_fusion,test,237,0.6191239316239316
upstream_fusion,test,238,0.6677350427350428
upstream_fusion,test,239,0.6426282051282052
upstream_fusion,test,240,0.6367521367521368
upstream_fusion,test,241,0.5523504273504274
upstream_fusion,test,242,0.717948717948718
upstream_fusion,test,243,0.6810897435897436
upstream_fusion,test,244,0.6666666666666666
upstream_fusion,test,245,0.6148504273504274
upstream_fusion,test,246,0.6714743589743589
upstream_fusion,test,247,0.7286324786324786
upstream_fusion,test,248,0.4919871794871795
upstream_fusion,test,249,0.576388888888889
upstream_fusion,test,250,0.6655982905982906
upstream_fusion,test,251,0.625
upstream_fusion,test,252,0.6239316239316239
upstream_fusion,test,253,0.6891025641025641
upstream_fusion,test,254,0.6452991452991452
upstream_fusion,test,255,0.6933760683760684
upstream_fusion,test,256,0.6570512820512822
upstream_fusion,test,257,0.6650641025641026
upstream_fusion,test,258,0.7168803418803419
upstream_fusion,test,259,0.6944444444444444
upstream_fusion,test,260,0.733440170940171
upstream_fusion,test,261,0.7788461538461539
upstream_fusion,test,262,0.6260683760683761
upstream_fusion,test,263,0.6185897435897436
upstream_fusion,test,264,0.7526709401709402
upstream_fusion,test,265,0.6987179487179487
upstream_fusion,test,266,0.6346153846153847
upstream_fusion,test,267,0.6976495726495726
upstream_fusion,test,268,0.6597222222222222
upstream_fusion,test,269,0.6816239316239316
upstream_fusion,test,270,0.7008547008547009
upstream_fusion,test,271,0.7200854700854701
upstream_fusion,test,272,0.7879273504273504
upstream_fusion,test,273,0.6517094017094017
upstream_fusion,test,274,0.6217948717948718
upstream_fusion,test,275,0.7419871794871795
upstream_fusion,test,276,0.7147435897435899
upstream_fusion,test,277,0.7403846153846154
upstream_fusion,test,278,0.7286324786324786
upstream_fusion,test,279,0.6848290598290598
upstream_fusion,test,280,0.6303418803418803
upstream_fusion,test,281,0.6100427350427351
upstream_fusion,test,282,0.6677350427350427
upstream_fusion,test,283,0.7040598290598291
upstream_fusion,test,284,0.6260683760683762
upstream_fusion,test,285,0.6955128205128205
upstream_fusion,test,286,0.7457264957264957
upstream_fusion,test,287,0.6976495726495726
upstream_fusion,test,288,0.623931623931624
upstream_fusion,test,289,0.6121794871794872
upstream_fusion,test,290,0.7638888888888888
upstream_fusion,test,291,0.6725427350427351
upstream_fusion,test,292,0.7366452991452992
upstream_fusion,test,293,0.670940170940171
upstream_fusion,test,294,0.6233974358974359
upstream_fusion,test,295,0.673076923076923
upstream_fusion,test,296,0.6164529914529915
upstream_fusion,test,297,0.672008547008547
upstream_fusion,test,298,0.6068376068376068
upstream_fusion,test,299,0.5897435897435898
upstream_fusion,test,300,0.7702991452991453
upstream_fusion,test,301,0.7211538461538463
upstream_fusion,test,302,0.655982905982906
upstream_fusion,test,303,0.6196581196581196
upstream_fusion,test,304,0.5662393162393162
upstream_fusion,test,305,0.6677350427350428
upstream_fusion,test,306,0.6004273504273504
upstream_fusion,test,307,0.6137820512820513
upstream_fusion,test,308,0.6538461538461539
upstream_fusion,test,309,0.7286324786324786
upstream_fusion,test,310,0.6506410256410255
upstream_fusion,test,311,0.811965811965812
upstream_fusion,test,312,0.6634615384615384
upstream_fusion,test,313,0.6047008547008547
upstream_fusion,test,314,0.6485042735042735
upstream_fusion,test,315,0.6752136752136753
upstream_fusion,test,316,0.7377136752136753
upstream_fusion,test,317,0.6858974358974359
upstream_fusion,test,318,0.6901709401709402
upstream_fusion,test,319,0.6452991452991453
upstream_fusion,test,320,0.6655982905982906
upstream_fusion,test,321,0.749465811965812
upstream_fusion,test,322,0.7724358974358975
upstream_fusion,test,323,0.6773504273504274
upstream_fusion,test,324,0.5710470085470085
upstream_fusion,test,325,0.7772435897435898
upstream_fusion,test,326,0.7489316239316239
upstream_fusion,test,327,0.6821581196581197
upstream_fusion,test,328,0.5795940170940171
upstream_fusion,test,329,0.6773504273504274
upstream_fusion,test,330,0.686965811965812
upstream_fusion,test,331,0.7061965811965812
upstream_fusion,test,332,0.45940170940170943
upstream_fusion,test,333,0.5512820512820513
upstream_fusion,test,334,0.7254273504273505
upstream_fusion,test,335,0.6452991452991452
upstream_fusion,test,336,0.6533119658119658
upstream_fusion,test,337,0.6762820512820513
upstream_fusion,test,338,0.6757478632478633
upstream_fusion,test,339,0.6495726495726496
upstream_fusion,test,340,0.6581196581196581
upstream_fusion,test,341,0.6666666666666667
upstream_fusion,test,342,0.7622863247863247
upstream_fusion,test,343,0.530982905982906
upstream_fusion,test,344,0.732905982905983
upstream_fusion,test,345,0.6730769230769231
upstream_fusion,test,346,0.6485042735042735
upstream_fusion,test,347,0.5673076923076923
upstream_fusion,test,348,0.5138888888888888
upstream_fusion,test,349,0.5641025641025641
upstream_fusion,test,350,0.702991452991453
upstream_fusion,test,351,0.6837606837606838
upstream_fusion,test,352,0.7382478632478633
upstream_fusion,test,353,0.6442307692307693
upstream_fusion,test,354,0.6153846153846154
upstream_fusion,test,355,0.7051282051282052
upstream_fusion,test,356,0.6688034188034189
upstream_fusion,test,357,0.6858974358974359
upstream_fusion,test,358,0.577991452991453
upstream_fusion,test,359,0.655448717948718
upstream_fusion,test,360,0.6116452991452991
upstream_fusion,test,361,0.7061965811965812
upstream_fusion,test,362,0.6079059829059829
upstream_fusion,test,363,0.624465811965812
upstream_fusion,test,364,0.7222222222222222
upstream_fusion,test,365,0.6752136752136753
upstream_fusion,test,366,0.6816239316239316
upstream_fusion,test,367,0.6335470085470086
upstream_fusion,test,368,0.7168803418803419
upstream_fusion,test,369,0.6394230769230769
upstream_fusion,test,370,0.6965811965811967
upstream_fusion,test,371,0.6207264957264957
upstream_fusion,test,372,0.5801282051282052
upstream_fusion,test,373,0.6778846153846154
upstream_fusion,test,374,0.7478632478632479
upstream_fusion,test,375,0.7489316239316239
upstream_fusion,test,376,0.6581196581196582
upstream_fusion,test,377,0.7136752136752137
upstream_fusion,test,378,0.5844017094017094
upstream_fusion,test,379,0.6677350427350427
upstream_fusion,test,380,0.7126068376068376
upstream_fusion,test,381,0.6314102564102564
upstream_fusion,test,382,0.6463675213675214
upstream_fusion,test,383,0.6538461538461539
upstream_fusion,test,384,0.6025641025641025
upstream_fusion,test,385,0.7601495726495726
upstream_fusion,test,386,0.6517094017094016
upstream_fusion,test,387,0.6463675213675214
upstream_fusion,test,388,0.6340811965811965
upstream_fusion,test,389,0.5625
upstream_fusion,test,390,0.6591880341880342
upstream_fusion,test,391,0.7243589743589745
upstream_fusion,test,392,0.7024572649572649
upstream_fusion,test,393,0.719017094017094
upstream_fusion,test,394,0.6976495726495726
upstream_fusion,test,395,0.7719017094017094
upstream_fusion,test,396,0.6388888888888888
upstream_fusion,test,397,0.6655982905982906
upstream_fusion,test,398,0.671474358974359
upstream_fusion,test,399,0.6410256410256411
upstream_fusion,test,400,0.6025641025641025
upstream_fusion,test,401,0.6239316239316239
upstream_fusion,test,402,0.7040598290598291
upstream_fusion,test,403,0.6527777777777777
upstream_fusion,test,404,0.7329059829059829
upstream_fusion,test,405,0.594017094017094
upstream_fusion,test,406,0.6933760683760685
upstream_fusion,test,407,0.5341880341880342
upstream_fusion,test,408,0.7788461538461539
upstream_fusion,test,409,0.6260683760683761
upstream_fusion,test,410,0.6923076923076923
upstream_fusion,test,411,0.6431623931623931
upstream_fusion,test,412,0.6655982905982906
upstream_fusion,test,413,0.5405982905982906
upstream_fusion,test,414,0.6634615384615384
upstream_fusion,test,415,0.6987179487179487
upstream_fusion,test,416,0.6645299145299145
upstream_fusion,test,417,0.5918803418803419
upstream_fusion,test,418,0.6704059829059829
upstream_fusion,test,419,0.6730769230769231
upstream_fusion,test,420,0.5982905982905983
upstream_fusion,test,421,0.7061965811965811
upstream_fusion,test,422,0.6549145299145299
upstream_fusion,test,423,0.6762820512820513
upstream_fusion,test,424,0.6314102564102564
upstream_fusion,test,425,0.7158119658119658
upstream_fusion,test,426,0.6698717948717949
upstream_fusion,test,427,0.6912393162393162
upstream_fusion,test,428,0.7168803418803419
upstream_fusion,test,429,0.5897435897435898
upstream_fusion,test,430,0.6260683760683761
upstream_fusion,test,431,0.6997863247863247
upstream_fusion,test,432,0.7521367521367521
upstream_fusion,test,433,0.6533119658119658
upstream_fusion,test,434,0.6132478632478633
upstream_fusion,test,435,0.6079059829059829
upstream_fusion,test,436,0.608974358974359
upstream_fusion,test,437,0.6629273504273504
upstream_fusion,test,438,0.7126068376068376
upstream_fusion,test,439,0.736111111111111
upstream_fusion,test,440,0.641559829059829
upstream_fusion,test,441,0.7077991452991453
upstream_fusion,test,442,0.7537393162393162
upstream_fusion,test,443,0.6207264957264957
upstream_fusion,test,444,0.6116452991452992
upstream_fusion,test,445,0.686965811965812
upstream_fusion,test,446,0.7393162393162394
upstream_fusion,test,447,0.6912393162393162
upstream_fusion,test,448,0.6549145299145299
upstream_fusion,test,449,0.655448717948718
upstream_fusion,test,450,0.6014957264957265
upstream_fusion,test,451,0.6853632478632479
upstream_fusion,test,452,0.6997863247863247
upstream_fusion,test,453,0.5822649572649573
upstream_fusion,test,454,0.6372863247863247
upstream_fusion,test,455,0.6543803418803419
upstream_fusion,test,456,0.5566239316239316
upstream_fusion,test,457,0.7168803418803419
upstream_fusion,test,458,0.719551282051282
upstream_fusion,test,459,0.7008547008547009
upstream_fusion,test,460,0.6271367521367521
upstream_fusion,test,461,0.6901709401709402
upstream_fusion,test,462,0.7147435897435898
upstream_fusion,test,463,0.6148504273504274
upstream_fusion,test,464,0.5587606837606838
upstream_fusion,test,465,0.688034188034188
upstream_fusion,test,466,0.7158119658119658
upstream_fusion,test,467,0.7393162393162394
upstream_fusion,test,468,0.7083333333333333
upstream_fusion,test,469,0.6891025641025641
upstream_fusion,test,470,0.7083333333333334
upstream_fusion,test,471,0.625534188034188
upstream_fusion,test,472,0.6688034188034189
upstream_fusion,test,473,0.6778846153846154
upstream_fusion,test,474,0.6057692307692307
upstream_fusion,test,475,0.7446581196581197
upstream_fusion,test,476,0.7756410256410257
upstream_fusion,test,477,0.7126068376068376
upstream_fusion,test,478,0.750534188034188
upstream_fusion,test,479,0.579059829059829
upstream_fusion,test,480,0.672008547008547
upstream_fusion,test,481,0.656517094017094
upstream_fusion,test,482,0.7232905982905984
upstream_fusion,test,483,0.6485042735042734
upstream_fusion,test,484,0.7168803418803419
upstream_fusion,test,485,0.656517094017094
upstream_fusion,test,486,0.7510683760683762
upstream_fusion,test,487,0.6826923076923077
upstream_fusion,test,488,0.7606837606837606
upstream_fusion,test,489,0.7799145299145299
upstream_fusion,test,490,0.6891025641025641
upstream_fusion,test,491,0.686965811965812
upstream_fusion,test,492,0.6634615384615384
upstream_fusion,test,493,0.781517094017094
upstream_fusion,test,494,0.6036324786324786
upstream_fusion,test,495,0.6399572649572649
upstream_fusion,test,496,0.6506410256410257
upstream_fusion,test,497,0.7126068376068376
upstream_fusion,test,498,0.7681623931623932
upstream_fusion,test,499,0.6196581196581197
upstream_fusion,test,500,0.7115384615384616
upstream_fusion,test,501,0.5827991452991453
upstream_fusion,test,502,0.6250000000000001
upstream_fusion,test,503,0.7991452991452992
upstream_fusion,test,504,0.7211538461538461
upstream_fusion,test,505,0.688034188034188
upstream_fusion,test,506,0.7115384615384616
upstream_fusion,test,507,0.5
upstream_fusion,test,508,0.5779914529914529
upstream_fusion,test,509,0.6581196581196581
upstream_fusion,test,510,0.6378205128205128
upstream_fusion,test,511,0.6752136752136753
upstream_fusion,test,512,0.5523504273504274
upstream_fusion,test,513,0.6463675213675214
upstream_fusion,test,514,0.7152777777777778
upstream_fusion,test,515,0.7628205128205128
upstream_fusion,test,516,0.6714743589743589
upstream_fusion,test,517,0.6955128205128206
upstream_fusion,test,518,0.5881410256410257
upstream_fusion,test,519,0.5806623931623931
upstream_fusion,test,520,0.7211538461538461
upstream_fusion,test,521,0.7147435897435898
upstream_fusion,test,522,0.7200854700854702
upstream_fusion,test,523,0.6773504273504274
upstream_fusion,test,524,0.6821581196581197
upstream_fusion,test,525,0.6816239316239316
upstream_fusion,test,526,0.6858974358974359
upstream_fusion,test,527,0.5993589743589743
upstream_fusion,test,528,0.7612179487179487
upstream_fusion,test,529,0.6378205128205128
upstream_fusion,test,530,0.7398504273504274
upstream_fusion,test,531,0.6388888888888888
upstream_fusion,test,532,0.8269230769230769
upstream_fusion,test,533,0.6997863247863249
upstream_fusion,test,534,0.6848290598290598
upstream_fusion,test,535,0.547008547008547
upstream_fusion,test,536,0.6810897435897436
upstream_fusion,test,537,0.6677350427350427
upstream_fusion,test,538,0.6538461538461539
upstream_fusion,test,539,0.5721153846153846
upstream_fusion,test,540,0.5416666666666666
upstream_fusion,test,541,0.7061965811965812
upstream_fusion,test,542,0.6495726495726496
upstream_fusion,test,543,0.6784188034188035
upstream_fusion,test,544,0.6308760683760685
upstream_fusion,test,545,0.6794871794871795
upstream_fusion,test,546,0.6810897435897436
upstream_fusion,test,547,0.6207264957264959
upstream_fusion,test,548,0.7222222222222222
upstream_fusion,test,549,0.7307692307692307
upstream_fusion,test,550,0.8141025641025641
upstream_fusion,test,551,0.7313034188034189
upstream_fusion,test,552,0.7275641025641025
upstream_fusion,test,553,0.625
upstream_fusion,test,554,0.7852564102564102
upstream_fusion,test,555,0.642094017094017
upstream_fusion,test,556,0.6981837606837606
upstream_fusion,test,557,0.7206196581196581
upstream_fusion,test,558,0.6730769230769231
upstream_fusion,test,559,0.5416666666666666
upstream_fusion,test,560,0.8108974358974359
upstream_fusion,test,561,0.7115384615384616
upstream_fusion,test,562,0.6912393162393162
upstream_fusion,test,563,0.8226495726495726
upstream_fusion,test,564,0.6666666666666666
upstream_fusion,test,565,0.6858974358974359
upstream_fusion,test,566,0.607905982905983
upstream_fusion,test,567,0.767094017094017
upstream_fusion,test,568,0.5972222222222222
upstream_fusion,test,569,0.6367521367521367
upstream_fusion,test,570,0.6688034188034189
upstream_fusion,test,571,0.6533119658119657
upstream_fusion,test,572,0.6052350427350427
upstream_fusion,test,573,0.719017094017094
upstream_fusion,test,574,0.701923076923077
upstream_fusion,test,575,0.6773504273504274
upstream_fusion,test,576,0.7061965811965811
upstream_fusion,test,577,0.7243589743589743
upstream_fusion,test,578,0.5587606837606838
upstream_fusion,test,579,0.7462606837606838
upstream_fusion,test,580,0.5689102564102564
upstream_fusion,test,581,0.813034188034188
upstream_fusion,test,582,0.625
upstream_fusion,test,583,0.6346153846153846
upstream_fusion,test,584,0.6517094017094017
upstream_fusion,test,585,0.6955128205128205
upstream_fusion,test,586,0.6623931623931625
upstream_fusion,test,587,0.688034188034188
upstream_fusion,test,588,0.5924145299145299
upstream_fusion,test,589,0.6511752136752137
upstream_fusion,test,590,0.670940170940171
upstream_fusion,test,591,0.6239316239316239
upstream_fusion,test,592,0.6613247863247863
upstream_fusion,test,593,0.6784188034188035
upstream_fusion,test,594,0.6372863247863249
upstream_fusion,test,595,0.7446581196581198
upstream_fusion,test,596,0.6746794871794872
upstream_fusion,test,597,0.7104700854700854
upstream_fusion,test,598,0.736111111111111
upstream_fusion,test,599,0.6650641025641026
upstream_fusion,test,600,0.7521367521367521
upstream_fusion,test,601,0.561965811965812
upstream_fusion,test,602,0.6159188034188035
upstream_fusion,test,603,0.7435897435897437
upstream_fusion,test,604,0.6655982905982907
upstream_fusion,test,605,0.6965811965811965
upstream_fusion,test,606,0.7072649572649572
upstream_fusion,test,607,0.7291666666666666
upstream_fusion,test,608,0.5801282051282052
upstream_fusion,test,609,0.6591880341880343
upstream_fusion,test,610,0.7371794871794872
upstream_fusion,test,611,0.656517094017094
upstream_fusion,test,612,0.7061965811965812
upstream_fusion,test,613,0.5608974358974359
upstream_fusion,test,614,0.6335470085470085
upstream_fusion,test,615,0.6591880341880342
upstream_fusion,test,616,0.6506410256410257
upstream_fusion,test,617,0.6858974358974359
upstream_fusion,test,618,0.6175213675213675
upstream_fusion,test,619,0.7414529914529915
upstream_fusion,test,620,0.6858974358974359
upstream_fusion,test,621,0.6533119658119658
upstream_fusion,test,622,0.795940170940171
upstream_fusion,test,623,0.625
upstream_fusion,test,624,0.5993589743589745
upstream_fusion,test,625,0.6762820512820513
upstream_fusion,test,626,0.7115384615384616
upstream_fusion,test,627,0.6698717948717949
upstream_fusion,test,628,0.7104700854700855
upstream_fusion,test,629,0.7943376068376069
upstream_fusion,test,630,0.6997863247863247
upstream_fusion,test,631,0.6730769230769231
upstream_fusion,test,632,0.6538461538461539
upstream_fusion,test,633,0.6271367521367521
upstream_fusion,test,634,0.7264957264957265
upstream_fusion,test,635,0.7083333333333333
upstream_fusion,test,636,0.6367521367521367
upstream_fusion,test,637,0.6607905982905984
upstream_fusion,test,638,0.5908119658119658
upstream_fusion,test,639,0.6346153846153846
upstream_fusion,test,640,0.6340811965811965
upstream_fusion,test,641,0.6944444444444444
upstream_fusion,test,642,0.6111111111111112
upstream_fusion,test,643,0.6837606837606838
upstream_fusion,test,644,0.7692307692307693
upstream_fusion,test,645,0.7147435897435898
upstream_fusion,test,646,0.7606837606837606
upstream_fusion,test,647,0.6955128205128205
upstream_fusion,test,648,0.7222222222222222
upstream_fusion,test,649,0.4930555555555556
upstream_fusion,test,650,0.6805555555555556
upstream_fusion,test,651,0.7382478632478632
upstream_fusion,test,652,0.75
upstream_fusion,test,653,0.7094017094017094
upstream_fusion,test,654,0.7371794871794872
upstream_fusion,test,655,0.7596153846153846
upstream_fusion,test,656,0.5101495726495726
upstream_fusion,test,657,0.7585470085470086
upstream_fusion,test,658,0.5982905982905983
upstream_fusion,test,659,0.6666666666666667
upstream_fusion,test,660,0.5838675213675214
upstream_fusion,test,661,0.563034188034188
upstream_fusion,test,662,0.7521367521367522
upstream_fusion,test,663,0.7104700854700854
upstream_fusion,test,664,0.716880341880342
upstream_fusion,test,665,0.7211538461538461
upstream_fusion,test,666,0.6720085470085471
upstream_fusion,test,667,0.7398504273504274
upstream_fusion,test,668,0.6271367521367521
upstream_fusion,test,669,0.655982905982906
upstream_fusion,test,670,0.6858974358974359
upstream_fusion,test,671,0.7478632478632479
upstream_fusion,test,672,0.6933760683760684
upstream_fusion,test,673,0.5288461538461539
upstream_fusion,test,674,0.6485042735042734
upstream_fusion,test,675,0.5913461538461539
upstream_fusion,test,676,0.5998931623931624
upstream_fusion,test,677,0.75
upstream_fusion,test,678,0.6837606837606838
upstream_fusion,test,679,0.6549145299145299
upstream_fusion,test,680,0.6575854700854701
upstream_fusion,test,681,0.6698717948717948
upstream_fusion,test,682,0.7558760683760684
upstream_fusion,test,683,0.6314102564102565
upstream_fusion,test,684,0.688034188034188
upstream_fusion,test,685,0.7061965811965812
upstream_fusion,test,686,0.6784188034188035
upstream_fusion,test,687,0.719551282051282
upstream_fusion,test,688,0.7280982905982906
upstream_fusion,test,689,0.6356837606837608
upstream_fusion,test,690,0.6014957264957266
upstream_fusion,test,691,0.6340811965811967
upstream_fusion,test,692,0.7243589743589745
upstream_fusion,test,693,0.8098290598290598
upstream_fusion,test,694,0.6036324786324787
upstream_fusion,test,695,0.7756410256410257
upstream_fusion,test,696,0.6217948717948718
upstream_fusion,test,697,0.6282051282051282
upstream_fusion,test,698,0.7660256410256411
upstream_fusion,test,699,0.6645299145299145
upstream_fusion,test,700,0.7136752136752137
upstream_fusion,test,701,0.7104700854700855
upstream_fusion,test,702,0.6319444444444444
upstream_fusion,test,703,0.7425213675213675
upstream_fusion,test,704,0.7136752136752137
upstream_fusion,test,705,0.6907051282051282
upstream_fusion,test,706,0.563034188034188
upstream_fusion,test,707,0.6169871794871795
upstream_fusion,test,708,0.7371794871794871
upstream_fusion,test,709,0.6543803418803419
upstream_fusion,test,710,0.5993589743589743
upstream_fusion,test,711,0.6645299145299145
upstream_fusion,test,712,0.7008547008547009
upstream_fusion,test,713,0.6474358974358974
upstream_fusion,test,714,0.7168803418803419
upstream_fusion,test,715,0.591880341880342
upstream_fusion,test,716,0.5982905982905984
upstream_fusion,test,717,0.6581196581196581
upstream_fusion,test,718,0.6837606837606838
upstream_fusion,test,719,0.7264957264957266
upstream_fusion,test,720,0.6351495726495726
upstream_fusion,test,721,0.6965811965811965
upstream_fusion,test,722,0.6410256410256411
upstream_fusion,test,723,0.6378205128205129
upstream_fusion,test,724,0.7061965811965812
upstream_fusion,test,725,0.625
upstream_fusion,test,726,0.7147435897435896
upstream_fusion,test,727,0.6923076923076923
upstream_fusion,test,728,0.6207264957264957
upstream_fusion,test,729,0.657051282051282
upstream_fusion,test,730,0.7462606837606838
upstream_fusion,test,731,0.6527777777777778
upstream_fusion,test,732,0.6773504273504274
upstream_fusion,test,733,0.6741452991452992
upstream_fusion,test,734,0.6089743589743589
upstream_fusion,test,735,0.6185897435897436
upstream_fusion,test,736,0.7051282051282052
upstream_fusion,test,737,0.7948717948717949
upstream_fusion,test,738,0.4492521367521368
upstream_fusion,test,739,0.6923076923076924
upstream_fusion,test,740,0.6474358974358974
upstream_fusion,test,741,0.6949786324786325
upstream_fusion,test,742,0.7275641025641025
upstream_fusion,test,743,0.7564102564102564
upstream_fusion,test,744,0.6960470085470086
upstream_fusion,test,745,0.7863247863247863
upstream_fusion,test,746,0.702991452991453
upstream_fusion,test,747,0.5715811965811965
upstream_fusion,test,748,0.6837606837606838
upstream_fusion,test,749,0.7467948717948718
upstream_fusion,test,750,0.6725427350427351
upstream_fusion,test,751,0.7147435897435898
upstream_fusion,test,752,0.7307692307692307
upstream_fusion,test,753,0.5384615384615385
upstream_fusion,test,754,0.6837606837606838
upstream_fusion,test,755,0.7051282051282051
upstream_fusion,test,756,0.8087606837606838
upstream_fusion,test,757,0.670405982905983
upstream_fusion,test,758,0.6794871794871795
upstream_fusion,test,759,0.672008547008547
upstream_fusion,test,760,0.6431623931623932
upstream_fusion,test,761,0.7211538461538461
upstream_fusion,test,762,0.6923076923076923
upstream_fusion,test,763,0.6810897435897436
upstream_fusion,test,764,0.5961538461538463
upstream_fusion,test,765,0.7564102564102564
upstream_fusion,test,766,0.641025641025641
upstream_fusion,test,767,0.7606837606837606
upstream_fusion,test,768,0.5667735042735043
upstream_fusion,test,769,0.6955128205128206
upstream_fusion,test,770,0.8183760683760684
upstream_fusion,test,771,0.6121794871794872
upstream_fusion,test,772,0.7713675213675213
upstream_fusion,test,773,0.7286324786324787
upstream_fusion,test,774,0.6217948717948718
upstream_fusion,test,775,0.6923076923076924
upstream_fusion,test,776,0.7329059829059829
upstream_fusion,test,777,0.6527777777777778
upstream_fusion,test,778,0.7168803418803419
upstream_fusion,test,779,0.6100427350427351
upstream_fusion,test,780,0.6901709401709402
upstream_fusion,test,781,0.7323717948717949
upstream_fusion,test,782,0.6463675213675213
upstream_fusion,test,783,0.6730769230769231
upstream_fusion,test,784,0.7414529914529915
upstream_fusion,test,785,0.6431623931623932
upstream_fusion,test,786,0.7040598290598291
upstream_fusion,test,787,0.6367521367521367
upstream_fusion,test,788,0.5972222222222222
upstream_fusion,test,789,0.6602564102564104
upstream_fusion,test,790,0.7777777777777778
upstream_fusion,test,791,0.5480769230769231
upstream_fusion,test,792,0.6180555555555556
upstream_fusion,test,793,0.6511752136752137
upstream_fusion,test,794,0.7083333333333334
upstream_fusion,test,795,0.657051282051282
upstream_fusion,test,796,0.6030982905982906
upstream_fusion,test,797,0.625
upstream_fusion,test,798,0.7393162393162394
upstream_fusion,test,799,0.7745726495726496
upstream_fusion,test,800,0.6805555555555556
upstream_fusion,test,801,0.6292735042735044
upstream_fusion,test,802,0.39423076923076916
upstream_fusion,test,803,0.6388888888888888
upstream_fusion,test,804,0.5982905982905983
upstream_fusion,test,805,0.7537393162393162
upstream_fusion,test,806,0.702991452991453
upstream_fusion,test,807,0.6901709401709403
upstream_fusion,test,808,0.5715811965811967
upstream_fusion,test,809,0.6720085470085471
upstream_fusion,test,810,0.6688034188034189
upstream_fusion,test,811,0.7521367521367521
upstream_fusion,test,812,0.5726495726495726
upstream_fusion,test,813,0.701923076923077
upstream_fusion,test,814,0.5742521367521367
upstream_fusion,test,815,0.5822649572649572
upstream_fusion,test,816,0.7094017094017093
upstream_fusion,test,817,0.7083333333333334
upstream_fusion,test,818,0.6773504273504274
upstream_fusion,test,819,0.7158119658119658
upstream_fusion,test,820,0.6923076923076923
upstream_fusion,test,821,0.7297008547008547
upstream_fusion,test,822,0.5790598290598291
upstream_fusion,test,823,0.6153846153846154
upstream_fusion,test,824,0.6025641025641025
upstream_fusion,test,825,0.7115384615384615
upstream_fusion,test,826,0.7457264957264957
upstream_fusion,test,827,0.6752136752136753
upstream_fusion,test,828,0.7061965811965811
upstream_fusion,test,829,0.6666666666666666
upstream_fusion,test,830,0.6057692307692307
upstream_fusion,test,831,0.5988247863247863
upstream_fusion,test,832,0.7361111111111112
upstream_fusion,test,833,0.6623931623931625
upstream_fusion,test,834,0.6196581196581197
upstream_fusion,test,835,0.6175213675213675
upstream_fusion,test,836,0.655982905982906
upstream_fusion,test,837,0.6308760683760685
upstream_fusion,test,838,0.5742521367521367
upstream_fusion,test,839,0.7633547008547008
upstream_fusion,test,840,0.6923076923076923
upstream_fusion,test,841,0.5972222222222222
upstream_fusion,test,842,0.594017094017094
upstream_fusion,test,843,0.6944444444444444
upstream_fusion,test,844,0.6153846153846154
upstream_fusion,test,845,0.5822649572649573
upstream_fusion,test,846,0.5822649572649573
upstream_fusion,test,847,0.6057692307692308
upstream_fusion,test,848,0.5320512820512822
upstream_fusion,test,849,0.7072649572649573
upstream_fusion,test,850,0.7633547008547008
upstream_fusion,test,851,0.7745726495726495
upstream_fusion,test,852,0.6127136752136753
upstream_fusion,test,853,0.6431623931623932
upstream_fusion,test,854,0.6955128205128205
upstream_fusion,test,855,0.6025641025641025
upstream_fusion,test,856,0.6335470085470085
upstream_fusion,test,857,0.5427350427350428
upstream_fusion,test,858,0.6388888888888888
upstream_fusion,test,859,0.6773504273504274
upstream_fusion,test,860,0.6260683760683761
upstream_fusion,test,861,0.6228632478632479
upstream_fusion,test,862,0.672008547008547
upstream_fusion,test,863,0.6591880341880342
upstream_fusion,test,864,0.5229700854700855
upstream_fusion,test,865,0.7238247863247863
upstream_fusion,test,866,0.6965811965811967
upstream_fusion,test,867,0.6853632478632479
upstream_fusion,test,868,0.702991452991453
upstream_fusion,test,869,0.7596153846153846
upstream_fusion,test,870,0.608440170940171
upstream_fusion,test,871,0.639957264957265
upstream_fusion,test,872,0.6784188034188035
upstream_fusion,test,873,0.7264957264957265
upstream_fusion,test,874,0.6944444444444444
upstream_fusion,test,875,0.6207264957264957
upstream_fusion,test,876,0.6741452991452992
upstream_fusion,test,877,0.7521367521367521
upstream_fusion,test,878,0.6591880341880342
upstream_fusion,test,879,0.7574786324786325
upstream_fusion,test,880,0.7462606837606838
upstream_fusion,test,881,0.7767094017094017
upstream_fusion,test,882,0.6746794871794872
upstream_fusion,test,883,0.6025641025641025
upstream_fusion,test,884,0.6175213675213675
upstream_fusion,test,885,0.6346153846153847
upstream_fusion,test,886,0.7158119658119659
upstream_fusion,test,887,0.7286324786324787
upstream_fusion,test,888,0.7168803418803419
upstream_fusion,test,889,0.7051282051282052
upstream_fusion,test,890,0.7040598290598291
upstream_fusion,test,891,0.6164529914529915
upstream_fusion,test,892,0.8076923076923077
upstream_fusion,test,893,0.7467948717948717
upstream_fusion,test,894,0.704059829059829
upstream_fusion,test,895,0.6730769230769231
upstream_fusion,test,896,0.5512820512820513
upstream_fusion,test,897,0.6602564102564102
upstream_fusion,test,898,0.7248931623931625
upstream_fusion,test,899,0.75
upstream_fusion,test,900,0.627136752136752
upstream_fusion,test,901,0.657051282051282
upstream_fusion,test,902,0.6549145299145299
upstream_fusion,test,903,0.6260683760683761
upstream_fusion,test,904,0.5918803418803419
upstream_fusion,test,905,0.7735042735042735
upstream_fusion,test,906,0.6623931623931624
upstream_fusion,test,907,0.6858974358974359
upstream_fusion,test,908,0.5854700854700855
upstream_fusion,test,909,0.7297008547008548
upstream_fusion,test,910,0.7564102564102564
upstream_fusion,test,911,0.673076923076923
upstream_fusion,test,912,0.8344017094017093
upstream_fusion,test,913,0.6623931623931625
upstream_fusion,test,914,0.6688034188034188
upstream_fusion,test,915,0.7521367521367521
upstream_fusion,test,916,0.6004273504273504
upstream_fusion,test,917,0.6420940170940171
upstream_fusion,test,918,0.6826923076923077
upstream_fusion,test,919,0.7414529914529915
upstream_fusion,test,920,0.7061965811965812
upstream_fusion,test,921,0.688034188034188
upstream_fusion,test,922,0.6367521367521367
upstream_fusion,test,923,0.6762820512820513
upstream_fusion,test,924,0.625534188034188
upstream_fusion,test,925,0.6976495726495726
upstream_fusion,test,926,0.6014957264957265
upstream_fusion,test,927,0.6896367521367521
upstream_fusion,test,928,0.6858974358974359
upstream_fusion,test,929,0.7745726495726496
upstream_fusion,test,930,0.7532051282051282
upstream_fusion,test,931,0.6655982905982907
upstream_fusion,test,932,0.6004273504273504
upstream_fusion,test,933,0.6923076923076923
upstream_fusion,test,934,0.6442307692307693
upstream_fusion,test,935,0.6821581196581197
upstream_fusion,test,936,0.7596153846153846
upstream_fusion,test,937,0.6367521367521367
upstream_fusion,test,938,0.7441239316239316
upstream_fusion,test,939,0.6955128205128205
upstream_fusion,test,940,0.749465811965812
upstream_fusion,test,941,0.702991452991453
upstream_fusion,test,942,0.5822649572649572
upstream_fusion,test,943,0.8386752136752137
upstream_fusion,test,944,0.6613247863247863
upstream_fusion,test,945,0.7441239316239316
upstream_fusion,test,946,0.6682692307692307
upstream_fusion,test,947,0.6324786324786325
upstream_fusion,test,948,0.5641025641025641
upstream_fusion,test,949,0.6901709401709402
upstream_fusion,test,950,0.6591880341880343
upstream_fusion,test,951,0.7072649572649573
upstream_fusion,test,952,0.7761752136752136
upstream_fusion,test,953,0.6907051282051282
upstream_fusion,test,954,0.718482905982906
upstream_fusion,test,955,0.6105769230769231
upstream_fusion,test,956,0.7238247863247863
upstream_fusion,test,957,0.749465811965812
upstream_fusion,test,958,0.5662393162393162
upstream_fusion,test,959,0.6217948717948718
upstream_fusion,test,960,0.5507478632478633
upstream_fusion,test,961,0.6351495726495726
upstream_fusion,test,962,0.6153846153846154
upstream_fusion,test,963,0.6063034188034189
upstream_fusion,test,964,0.6629273504273504
upstream_fusion,test,965,0.5950854700854701
upstream_fusion,test,966,0.7286324786324787
upstream_fusion,test,967,0.6132478632478632
upstream_fusion,test,968,0.6420940170940171
upstream_fusion,test,969,0.625
upstream_fusion,test,970,0.5571581196581197
upstream_fusion,test,971,0.6549145299145299
upstream_fusion,test,972,0.7200854700854701
upstream_fusion,test,973,0.6655982905982906
upstream_fusion,test,974,0.732905982905983
upstream_fusion,test,975,0.7072649572649572
upstream_fusion,test,976,0.7061965811965811
upstream_fusion,test,977,0.8381410256410257
upstream_fusion,test,978,0.6527777777777778
upstream_fusion,test,979,0.5918803418803419
upstream_fusion,test,980,0.6431623931623931
upstream_fusion,test,981,0.6976495726495727
upstream_fusion,test,982,0.6976495726495726
upstream_fusion,test,983,0.7190170940170939
upstream_fusion,test,984,0.5865384615384616
upstream_fusion,test,985,0.6826923076923077
upstream_fusion,test,986,0.6431623931623932
upstream_fusion,test,987,0.6527777777777778
upstream_fusion,test,988,0.6452991452991453
upstream_fusion,test,989,0.7008547008547009
upstream_fusion,test,990,0.532051282051282
upstream_fusion,test,991,0.6196581196581197
upstream_fusion,test,992,0.6356837606837606
upstream_fusion,test,993,0.6212606837606838
upstream_fusion,test,994,0.5854700854700855
upstream_fusion,test,995,0.6810897435897436
upstream_fusion,test,996,0.719017094017094
upstream_fusion,test,997,0.7264957264957265
upstream_fusion,test,998,0.7564102564102564
upstream_fusion,test,999,0.719017094017094
upstream_fusion,test,1000,0.7895299145299146
platt_scaling,test,1,0.6485042735042735
platt_scaling,test,2,0.6730769230769231
platt_scaling,test,3,0.625
platt_scaling,test,4,0.7371794871794871
platt_scaling,test,5,0.6741452991452991
platt_scaling,test,6,0.5438034188034188
platt_scaling,test,7,0.638888888888889
platt_scaling,test,8,0.6677350427350427
platt_scaling,test,9,0.6773504273504273
platt_scaling,test,10,0.702991452991453
platt_scaling,test,11,0.5491452991452992
platt_scaling,test,12,0.780448717948718
platt_scaling,test,13,0.671474358974359
platt_scaling,test,14,0.6784188034188035
platt_scaling,test,15,0.5090811965811965
platt_scaling,test,16,0.6794871794871795
platt_scaling,test,17,0.7029914529914529
platt_scaling,test,18,0.7398504273504274
platt_scaling,test,19,0.7446581196581196
platt_scaling,test,20,0.6463675213675214
platt_scaling,test,21,0.610042735042735
platt_scaling,test,22,0.68482905982906
platt_scaling,test,23,0.7158119658119657
platt_scaling,test,24,0.6469017094017094
platt_scaling,test,25,0.6175213675213675
platt_scaling,test,26,0.6303418803418803
platt_scaling,test,27,0.6442307692307693
platt_scaling,test,28,0.7873931623931624
platt_scaling,test,29,0.6928418803418803
platt_scaling,test,30,0.7916666666666667
platt_scaling,test,31,0.6452991452991453
platt_scaling,test,32,0.6623931623931624
platt_scaling,test,33,0.7574786324786325
platt_scaling,test,34,0.6939102564102565
platt_scaling,test,35,0.6581196581196581
platt_scaling,test,36,0.670940170940171
platt_scaling,test,37,0.6816239316239316
platt_scaling,test,38,0.6324786324786325
platt_scaling,test,39,0.702991452991453
platt_scaling,test,40,0.7035256410256411
platt_scaling,test,41,0.624465811965812
platt_scaling,test,42,0.6955128205128205
platt_scaling,test,43,0.6175213675213675
platt_scaling,test,44,0.6100427350427351
platt_scaling,test,45,0.7927350427350428
platt_scaling,test,46,0.7003205128205129
platt_scaling,test,47,0.6335470085470085
platt_scaling,test,48,0.6933760683760685
platt_scaling,test,49,0.7200854700854701
platt_scaling,test,50,0.717948717948718
platt_scaling,test,51,0.673076923076923
platt_scaling,test,52,0.7628205128205128
platt_scaling,test,53,0.6848290598290598
platt_scaling,test,54,0.7051282051282052
platt_scaling,test,55,0.7029914529914529
platt_scaling,test,56,0.6613247863247863
platt_scaling,test,57,0.685897435897436
platt_scaling,test,58,0.5737179487179487
platt_scaling,test,59,0.7628205128205129
platt_scaling,test,60,0.5844017094017094
platt_scaling,test,61,0.7788461538461539
platt_scaling,test,62,0.7532051282051282
platt_scaling,test,63,0.7061965811965812
platt_scaling,test,64,0.6185897435897435
platt_scaling,test,65,0.7350427350427351
platt_scaling,test,66,0.7307692307692308
platt_scaling,test,67,0.7094017094017093
platt_scaling,test,68,0.6661324786324787
platt_scaling,test,69,0.6613247863247863
platt_scaling,test,70,0.688034188034188
platt_scaling,test,71,0.6549145299145299
platt_scaling,test,72,0.68482905982906
platt_scaling,test,73,0.6314102564102564
platt_scaling,test,74,0.6212606837606838
platt_scaling,test,75,0.7019230769230769
platt_scaling,test,76,0.6164529914529915
platt_scaling,test,77,0.7371794871794871
platt_scaling,test,78,0.6912393162393163
platt_scaling,test,79,0.6517094017094017
platt_scaling,test,80,0.6784188034188035
platt_scaling,test,81,0.5908119658119658
platt_scaling,test,82,0.6036324786324786
platt_scaling,test,83,0.7019230769230769
platt_scaling,test,84,0.5854700854700855
platt_scaling,test,85,0.6816239316239316
platt_scaling,test,86,0.719017094017094
platt_scaling,test,87,0.6698717948717949
platt_scaling,test,88,0.6634615384615385
platt_scaling,test,89,0.7382478632478632
platt_scaling,test,90,0.7158119658119658
platt_scaling,test,91,0.593482905982906
platt_scaling,test,92,0.5886752136752137
platt_scaling,test,93,0.780448717948718
platt_scaling,test,94,0.7104700854700855
platt_scaling,test,95,0.6410256410256411
platt_scaling,test,96,0.6688034188034189
platt_scaling,test,97,0.49572649572649574
platt_scaling,test,98,0.5993589743589743
platt_scaling,test,99,0.49786324786324787
platt_scaling,test,100,0.5779914529914529
platt_scaling,test,101,0.6885683760683761
platt_scaling,test,102,0.6987179487179487
platt_scaling,test,103,0.6805555555555555
platt_scaling,test,104,0.5811965811965811
platt_scaling,test,105,0.6527777777777778
platt_scaling,test,106,0.5090811965811965
platt_scaling,test,107,0.6837606837606838
platt_scaling,test,108,0.6175213675213675
platt_scaling,test,109,0.5806623931623932
platt_scaling,test,110,0.6613247863247863
platt_scaling,test,111,0.7435897435897436
platt_scaling,test,112,0.6399572649572649
platt_scaling,test,113,0.6794871794871795
platt_scaling,test,114,0.653846153846154
platt_scaling,test,115,0.6842948717948718
platt_scaling,test,116,0.6901709401709402
platt_scaling,test,117,0.8461538461538461
platt_scaling,test,118,0.7061965811965811
platt_scaling,test,119,0.6875
platt_scaling,test,120,0.547008547008547
platt_scaling,test,121,0.6175213675213675
platt_scaling,test,122,0.5737179487179488
platt_scaling,test,123,0.7585470085470085
platt_scaling,test,124,0.7147435897435896
platt_scaling,test,125,0.6944444444444445
platt_scaling,test,126,0.6645299145299145
platt_scaling,test,127,0.6784188034188033
platt_scaling,test,128,0.6655982905982906
platt_scaling,test,129,0.5678418803418803
platt_scaling,test,130,0.764957264957265
platt_scaling,test,131,0.6047008547008547
platt_scaling,test,132,0.6314102564102564
platt_scaling,test,133,0.7104700854700855
platt_scaling,test,134,0.7542735042735043
platt_scaling,test,135,0.6949786324786325
platt_scaling,test,136,0.6976495726495726
platt_scaling,test,137,0.6794871794871795
platt_scaling,test,138,0.6431623931623931
platt_scaling,test,139,0.6378205128205129
platt_scaling,test,140,0.5854700854700855
platt_scaling,test,141,0.6677350427350428
platt_scaling,test,142,0.6992521367521368
platt_scaling,test,143,0.6923076923076923
platt_scaling,test,144,0.7264957264957266
platt_scaling,test,145,0.7147435897435898
platt_scaling,test,146,0.6848290598290598
platt_scaling,test,147,0.6586538461538461
platt_scaling,test,148,0.7238247863247864
platt_scaling,test,149,0.7136752136752137
platt_scaling,test,150,0.686965811965812
platt_scaling,test,151,0.6116452991452992
platt_scaling,test,152,0.7831196581196581
platt_scaling,test,153,0.7398504273504274
platt_scaling,test,154,0.5801282051282052
platt_scaling,test,155,0.6965811965811965
platt_scaling,test,156,0.6698717948717948
platt_scaling,test,157,0.6041666666666667
platt_scaling,test,158,0.7382478632478633
platt_scaling,test,159,0.686965811965812
platt_scaling,test,160,0.6944444444444444
platt_scaling,test,161,0.6447649572649572
platt_scaling,test,162,0.6431623931623931
platt_scaling,test,163,0.7777777777777778
platt_scaling,test,164,0.6891025641025641
platt_scaling,test,165,0.7254273504273505
platt_scaling,test,166,0.6452991452991453
platt_scaling,test,167,0.672542735042735
platt_scaling,test,168,0.6159188034188035
platt_scaling,test,169,0.7948717948717948
platt_scaling,test,170,0.6452991452991453
platt_scaling,test,171,0.6463675213675214
platt_scaling,test,172,0.7211538461538461
platt_scaling,test,173,0.5972222222222222
platt_scaling,test,174,0.7232905982905983
platt_scaling,test,175,0.5886752136752137
platt_scaling,test,176,0.6720085470085471
platt_scaling,test,177,0.6688034188034189
platt_scaling,test,178,0.7051282051282051
platt_scaling,test,179,0.688034188034188
platt_scaling,test,180,0.6677350427350428
platt_scaling,test,181,0.7564102564102564
platt_scaling,test,182,0.7478632478632479
platt_scaling,test,183,0.6677350427350427
platt_scaling,test,184,0.767094017094017
platt_scaling,test,185,0.7681623931623932
platt_scaling,test,186,0.6014957264957266
platt_scaling,test,187,0.5913461538461539
platt_scaling,test,188,0.6837606837606838
platt_scaling,test,189,0.6020299145299145
platt_scaling,test,190,0.6335470085470086
platt_scaling,test,191,0.701923076923077
platt_scaling,test,192,0.6901709401709402
platt_scaling,test,193,0.7126068376068375
platt_scaling,test,194,0.6431623931623932
platt_scaling,test,195,0.6020299145299146
platt_scaling,test,196,0.657051282051282
platt_scaling,test,197,0.7168803418803419
platt_scaling,test,198,0.6303418803418803
platt_scaling,test,199,0.6896367521367521
platt_scaling,test,200,0.6506410256410257
platt_scaling,test,201,0.6810897435897436
platt_scaling,test,202,0.7446581196581197
platt_scaling,test,203,0.7222222222222222
platt_scaling,test,204,0.6485042735042734
platt_scaling,test,205,0.7532051282051282
platt_scaling,test,206,0.6260683760683761
platt_scaling,test,207,0.6485042735042735
platt_scaling,test,208,0.8076923076923077
platt_scaling,test,209,0.6997863247863247
platt_scaling,test,210,0.6217948717948718
platt_scaling,test,211,0.6340811965811965
platt_scaling,test,212,0.763888888888889
platt_scaling,test,213,0.670940170940171
platt_scaling,test,214,0.6549145299145298
platt_scaling,test,215,0.6511752136752138
platt_scaling,test,216,0.6794871794871795
platt_scaling,test,217,0.6613247863247863
platt_scaling,test,218,0.6185897435897436
platt_scaling,test,219,0.7136752136752137
platt_scaling,test,220,0.670940170940171
platt_scaling,test,221,0.49465811965811973
platt_scaling,test,222,0.6287393162393162
platt_scaling,test,223,0.6677350427350427
platt_scaling,test,224,0.6709401709401709
platt_scaling,test,225,0.8092948717948718
platt_scaling,test,226,0.6891025641025641
platt_scaling,test,227,0.5982905982905983
platt_scaling,test,228,0.7232905982905983
platt_scaling,test,229,0.6452991452991453
platt_scaling,test,230,0.6794871794871795
platt_scaling,test,231,0.6164529914529915
platt_scaling,test,232,0.6282051282051282
platt_scaling,test,233,0.701923076923077
platt_scaling,test,234,0.6837606837606838
platt_scaling,test,235,0.6522435897435898
platt_scaling,test,236,0.6501068376068376
platt_scaling,test,237,0.6191239316239316
platt_scaling,test,238,0.6677350427350428
platt_scaling,test,239,0.6426282051282052
platt_scaling,test,240,0.6367521367521368
platt_scaling,test,241,0.5523504273504274
platt_scaling,test,242,0.717948717948718
platt_scaling,test,243,0.6810897435897436
platt_scaling,test,244,0.6666666666666666
platt_scaling,test,245,0.6148504273504274
platt_scaling,test,246,0.6714743589743589
platt_scaling,test,247,0.7286324786324786
platt_scaling,test,248,0.4919871794871795
platt_scaling,test,249,0.576388888888889
platt_scaling,test,250,0.6655982905982906
platt_scaling,test,251,0.625
platt_scaling,test,252,0.6239316239316239
platt_scaling,test,253,0.6891025641025641
platt_scaling,test,254,0.6452991452991452
platt_scaling,test,255,0.6933760683760684
platt_scaling,test,256,0.6570512820512822
platt_scaling,test,257,0.6650641025641026
platt_scaling,test,258,0.7168803418803419
platt_scaling,test,259,0.6944444444444444
platt_scaling,test,260,0.733440170940171
platt_scaling,test,261,0.7788461538461539
platt_scaling,test,262,0.6260683760683761
platt_scaling,test,263,0.6185897435897436
platt_scaling,test,264,0.7526709401709402
platt_scaling,test,265,0.6987179487179487
platt_scaling,test,266,0.6346153846153847
platt_scaling,test,267,0.6976495726495726
platt_scaling,test,268,0.6597222222222222
platt_scaling,test,269,0.6816239316239316
platt_scaling,test,270,0.7008547008547009
platt_scaling,test,271,0.7200854700854701
platt_scaling,test,272,0.7879273504273504
platt_scaling,test,273,0.6517094017094017
platt_scaling,test,274,0.6217948717948718
platt_scaling,test,275,0.7419871794871795
platt_scaling,test,276,0.7147435897435899
platt_scaling,test,277,0.7403846153846154
platt_scaling,test,278,0.7286324786324786
platt_scaling,test,279,0.6848290598290598
platt_scaling,test,280,0.6303418803418803
platt_scaling,test,281,0.6100427350427351
platt_scaling,test,282,0.6677350427350427
platt_scaling,test,283,0.7040598290598291
platt_scaling,test,284,0.6260683760683762
platt_scaling,test,285,0.6955128205128205
platt_scaling,test,286,0.7457264957264957
platt_scaling,test,287,0.6976495726495726
platt_scaling,test,288,0.623931623931624
platt_scaling,test,289,0.6121794871794872
platt_scaling,test,290,0.7638888888888888
platt_scaling,test,291,0.6725427350427351
platt_scaling,test,292,0.7366452991452992
platt_scaling,test,293,0.670940170940171
platt_scaling,test,294,0.6233974358974359
platt_scaling,test,295,0.673076923076923
platt_scaling,test,296,0.6164529914529915
platt_scaling,test,297,0.672008547008547
platt_scaling,test,298,0.6068376068376068
platt_scaling,test,299,0.5897435897435898
platt_scaling,test,300,0.7702991452991453
platt_scaling,test,301,0.7211538461538463
platt_scaling,test,302,0.655982905982906
platt_scaling,test,303,0.6196581196581196
platt_scaling,test,304,0.5662393162393162
platt_scaling,test,305,0.6677350427350428
platt_scaling,test,306,0.6004273504273504
platt_scaling,test,307,0.6137820512820513
platt_scaling,test,308,0.6538461538461539
platt_scaling,test,309,0.7286324786324786
platt_scaling,test,310,0.6506410256410255
platt_scaling,test,311,0.811965811965812
platt_scaling,test,312,0.6634615384615384
platt_scaling,test,313,0.6047008547008547
platt_scaling,test,314,0.6485042735042735
platt_scaling,test,315,0.6752136752136753
platt_scaling,test,316,0.7377136752136753
platt_scaling,test,317,0.6858974358974359
platt_scaling,test,318,0.6901709401709402
platt_scaling,test,319,0.6452991452991453
platt_scaling,test,320,0.6655982905982906
platt_scaling,test,321,0.749465811965812
platt_scaling,test,322,0.7724358974358975
platt_scaling,test,323,0.6773504273504274
platt_scaling,test,324,0.5710470085470085
platt_scaling,test,325,0.7772435897435898
platt_scaling,test,326,0.7489316239316239
platt_scaling,test,327,0.6821581196581197
platt_scaling,test,328,0.5795940170940171
platt_scaling,test,329,0.6773504273504274
platt_scaling,test,330,0.686965811965812
platt_scaling,test,331,0.7061965811965812
platt_scaling,test,332,0.45940170940170943
platt_scaling,test,333,0.5512820512820513
platt_scaling,test,334,0.7254273504273505
platt_scaling,test,335,0.6452991452991452
platt_scaling,test,336,0.6533119658119658
platt_scaling,test,337,0.6762820512820513
platt_scaling,test,338,0.6757478632478633
platt_scaling,test,339,0.6495726495726496
platt_scaling,test,340,0.6581196581196581
platt_scaling,test,341,0.6666666666666667
platt_scaling,test,342,0.7622863247863247
platt_scaling,test,343,0.530982905982906
platt_scaling,test,344,0.732905982905983
platt_scaling,test,345,0.6730769230769231
platt_scaling,test,346,0.6485042735042735
platt_scaling,test,347,0.5673076923076923
platt_scaling,test,348,0.5138888888888888
platt_scaling,test,349,0.5641025641025641
platt_scaling,test,350,0.702991452991453
platt_scaling,test,351,0.6837606837606838
platt_scaling,test,352,0.7382478632478633
platt_scaling,test,353,0.6442307692307693
platt_scaling,test,354,0.6153846153846154
platt_scaling,test,355,0.7051282051282052
platt_scaling,test,356,0.6688034188034189
platt_scaling,test,357,0.6858974358974359
platt_scaling,test,358,0.577991452991453
platt_scaling,test,359,0.655448717948718
platt_scaling,test,360,0.6116452991452991
platt_scaling,test,361,0.7061965811965812
platt_scaling,test,362,0.6079059829059829
platt_scaling,test,363,0.624465811965812
platt_scaling,test,364,0.7222222222222222
platt_scaling,test,365,0.6752136752136753
platt_scaling,test,366,0.6816239316239316
platt_scaling,test,367,0.6335470085470086
platt_scaling,test,368,0.7168803418803419
platt_scaling,test,369,0.6394230769230769
platt_scaling,test,370,0.6965811965811967
platt_scaling,test,371,0.6207264957264957
platt_scaling,test,372,0.5801282051282052
platt_scaling,test,373,0.6778846153846154
platt_scaling,test,374,0.7478632478632479
platt_scaling,test,375,0.7489316239316239
platt_scaling,test,376,0.6581196581196582
platt_scaling,test,377,0.7136752136752137
platt_scaling,test,378,0.5844017094017094
platt_scaling,test,379,0.6677350427350427
platt_scaling,test,380,0.7126068376068376
platt_scaling,test,381,0.6314102564102564
platt_scaling,test,382,0.6463675213675214
platt_scaling,test,383,0.6538461538461539
platt_scaling,test,384,0.6025641025641025
platt_scaling,test,385,0.7601495726495726
platt_scaling,test,386,0.6517094017094016
platt_scaling,test,387,0.6463675213675214
platt_scaling,test,388,0.6340811965811965
platt_scaling,test,389,0.5625
platt_scaling,test,390,0.6591880341880342
platt_scaling,test,391,0.7243589743589745
platt_scaling,test,392,0.7024572649572649
platt_scaling,test,393,0.719017094017094
platt_scaling,test,394,0.6976495726495726
platt_scaling,test,395,0.7719017094017094
platt_scaling,test,396,0.6388888888888888
platt_scaling,test,397,0.6655982905982906
platt_scaling,test,398,0.671474358974359
platt_scaling,test,399,0.6410256410256411
platt_scaling,test,400,0.6025641025641025
platt_scaling,test,401,0.6239316239316239
platt_scaling,test,402,0.7040598290598291
platt_scaling,test,403,0.6527777777777777
platt_scaling,test,404,0.7329059829059829
platt_scaling,test,405,0.594017094017094
platt_scaling,test,406,0.6933760683760685
platt_scaling,test,407,0.5341880341880342
platt_scaling,test,408,0.7788461538461539
platt_scaling,test,409,0.6260683760683761
platt_scaling,test,410,0.6923076923076923
platt_scaling,test,411,0.6431623931623931
platt_scaling,test,412,0.6655982905982906
platt_scaling,test,413,0.5405982905982906
platt_scaling,test,414,0.6634615384615384
platt_scaling,test,415,0.6987179487179487
platt_scaling,test,416,0.6645299145299145
platt_scaling,test,417,0.5918803418803419
platt_scaling,test,418,0.6704059829059829
platt_scaling,test,419,0.6730769230769231
platt_scaling,test,420,0.5982905982905983
platt_scaling,test,421,0.7061965811965811
platt_scaling,test,422,0.6549145299145299
platt_scaling,test,423,0.6762820512820513
platt_scaling,test,424,0.6314102564102564
platt_scaling,test,425,0.7158119658119658
platt_scaling,test,426,0.6698717948717949
platt_scaling,test,427,0.6912393162393162
platt_scaling,test,428,0.7168803418803419
platt_scaling,test,429,0.5897435897435898
platt_scaling,test,430,0.6260683760683761
platt_scaling,test,431,0.6997863247863247
platt_scaling,test,432,0.7521367521367521
platt_scaling,test,433,0.6533119658119658
platt_scaling,test,434,0.6132478632478633
platt_scaling,test,435,0.6079059829059829
platt_scaling,test,436,0.608974358974359
platt_scaling,test,437,0.6629273504273504
platt_scaling,test,438,0.7126068376068376
platt_scaling,test,439,0.736111111111111
platt_scaling,test,440,0.641559829059829
platt_scaling,test,441,0.7077991452991453
platt_scaling,test,442,0.7537393162393162
platt_scaling,test,443,0.6207264957264957
platt_scaling,test,444,0.6116452991452992
platt_scaling,test,445,0.686965811965812
platt_scaling,test,446,0.7393162393162394
platt_scaling,test,447,0.6912393162393162
platt_scaling,test,448,0.6549145299145299
platt_scaling,test,449,0.655448717948718
platt_scaling,test,450,0.6014957264957265
platt_scaling,test,451,0.6853632478632479
platt_scaling,test,452,0.6997863247863247
platt_scaling,test,453,0.5822649572649573
platt_scaling,test,454,0.6372863247863247
platt_scaling,test,455,0.6543803418803419
platt_scaling,test,456,0.5566239316239316
platt_scaling,test,457,0.7168803418803419
platt_scaling,test,458,0.719551282051282
platt_scaling,test,459,0.7008547008547009
platt_scaling,test,460,0.6271367521367521
platt_scaling,test,461,0.6901709401709402
platt_scaling,test,462,0.7147435897435898
platt_scaling,test,463,0.6148504273504274
platt_scaling,test,464,0.5587606837606838
platt_scaling,test,465,0.688034188034188
platt_scaling,test,466,0.7158119658119658
platt_scaling,test,467,0.7393162393162394
platt_scaling,test,468,0.7083333333333333
platt_scaling,test,469,0.6891025641025641
platt_scaling,test,470,0.7083333333333334
platt_scaling,test,471,0.625534188034188
platt_scaling,test,472,0.6688034188034189
platt_scaling,test,473,0.6778846153846154
platt_scaling,test,474,0.6057692307692307
platt_scaling,test,475,0.7446581196581197
platt_scaling,test,476,0.7756410256410257
platt_scaling,test,477,0.7126068376068376
platt_scaling,test,478,0.750534188034188
platt_scaling,test,479,0.579059829059829
platt_scaling,test,480,0.672008547008547
platt_scaling,test,481,0.656517094017094
platt_scaling,test,482,0.7232905982905984
platt_scaling,test,483,0.6485042735042734
platt_scaling,test,484,0.7168803418803419
platt_scaling,test,485,0.656517094017094
platt_scaling,test,486,0.7510683760683762
platt_scaling,test,487,0.6826923076923077
platt_scaling,test,488,0.7606837606837606
platt_scaling,test,489,0.7799145299145299
platt_scaling,test,490,0.6891025641025641
platt_scaling,test,491,0.686965811965812
platt_scaling,test,492,0.6634615384615384
platt_scaling,test,493,0.781517094017094
platt_scaling,test,494,0.6036324786324786
platt_scaling,test,495,0.6399572649572649
platt_scaling,test,496,0.6506410256410257
platt_scaling,test,497,0.7126068376068376
platt_scaling,test,498,0.7681623931623932
platt_scaling,test,499,0.6196581196581197
platt_scaling,test,500,0.7115384615384616
platt_scaling,test,501,0.5827991452991453
platt_scaling,test,502,0.6250000000000001
platt_scaling,test,503,0.7991452991452992
platt_scaling,test,504,0.7211538461538461
platt_scaling,test,505,0.688034188034188
platt_scaling,test,506,0.7115384615384616
platt_scaling,test,507,0.5
platt_scaling,test,508,0.5779914529914529
platt_scaling,test,509,0.6581196581196581
platt_scaling,test,510,0.6378205128205128
platt_scaling,test,511,0.6752136752136753
platt_scaling,test,512,0.5523504273504274
platt_scaling,test,513,0.6463675213675214
platt_scaling,test,514,0.7152777777777778
platt_scaling,test,515,0.7628205128205128
platt_scaling,test,516,0.6714743589743589
platt_scaling,test,517,0.6955128205128206
platt_scaling,test,518,0.5881410256410257
platt_scaling,test,519,0.5806623931623931
platt_scaling,test,520,0.7211538461538461
platt_scaling,test,521,0.7147435897435898
platt_scaling,test,522,0.7200854700854702
platt_scaling,test,523,0.6773504273504274
platt_scaling,test,524,0.6821581196581197
platt_scaling,test,525,0.6816239316239316
platt_scaling,test,526,0.6858974358974359
platt_scaling,test,527,0.5993589743589743
platt_scaling,test,528,0.7612179487179487
platt_scaling,test,529,0.6378205128205128
platt_scaling,test,530,0.7398504273504274
platt_scaling,test,531,0.6388888888888888
platt_scaling,test,532,0.8269230769230769
platt_scaling,test,533,0.6997863247863249
platt_scaling,test,534,0.6848290598290598
platt_scaling,test,535,0.547008547008547
platt_scaling,test,536,0.6810897435897436
platt_scaling,test,537,0.6677350427350427
platt_scaling,test,538,0.6538461538461539
platt_scaling,test,539,0.5721153846153846
platt_scaling,test,540,0.5416666666666666
platt_scaling,test,541,0.7061965811965812
platt_scaling,test,542,0.6495726495726496
platt_scaling,test,543,0.6784188034188035
platt_scaling,test,544,0.6308760683760685
platt_scaling,test,545,0.6794871794871795
platt_scaling,test,546,0.6810897435897436
platt_scaling,test,547,0.6207264957264959
platt_scaling,test,548,0.7222222222222222
platt_scaling,test,549,0.7307692307692307
platt_scaling,test,550,0.8141025641025641
platt_scaling,test,551,0.7313034188034189
platt_scaling,test,552,0.7275641025641025
platt_scaling,test,553,0.625
platt_scaling,test,554,0.7852564102564102
platt_scaling,test,555,0.642094017094017
platt_scaling,test,556,0.6981837606837606
platt_scaling,test,557,0.7206196581196581
platt_scaling,test,558,0.6730769230769231
platt_scaling,test,559,0.5416666666666666
platt_scaling,test,560,0.8108974358974359
platt_scaling,test,561,0.7115384615384616
platt_scaling,test,562,0.6912393162393162
platt_scaling,test,563,0.8226495726495726
platt_scaling,test,564,0.6666666666666666
platt_scaling,test,565,0.6858974358974359
platt_scaling,test,566,0.607905982905983
platt_scaling,test,567,0.767094017094017
platt_scaling,test,568,0.5972222222222222
platt_scaling,test,569,0.6367521367521367
platt_scaling,test,570,0.6688034188034189
platt_scaling,test,571,0.6533119658119657
platt_scaling,test,572,0.6052350427350427
platt_scaling,test,573,0.719017094017094
platt_scaling,test,574,0.701923076923077
platt_scaling,test,575,0.6773504273504274
platt_scaling,test,576,0.7061965811965811
platt_scaling,test,577,0.7243589743589743
platt_scaling,test,578,0.5587606837606838
platt_scaling,test,579,0.7462606837606838
platt_scaling,test,580,0.5689102564102564
platt_scaling,test,581,0.813034188034188
platt_scaling,test,582,0.625
platt_scaling,test,583,0.6346153846153846
platt_scaling,test,584,0.6517094017094017
platt_scaling,test,585,0.6955128205128205
platt_scaling,test,586,0.6623931623931625
platt_scaling,test,587,0.688034188034188
platt_scaling,test,588,0.5924145299145299
platt_scaling,test,589,0.6511752136752137
platt_scaling,test,590,0.670940170940171
platt_scaling,test,591,0.6239316239316239
platt_scaling,test,592,0.6613247863247863
platt_scaling,test,593,0.6784188034188035
platt_scaling,test,594,0.6372863247863249
platt_scaling,test,595,0.7446581196581198
platt_scaling,test,596,0.6746794871794872
platt_scaling,test,597,0.7104700854700854
platt_scaling,test,598,0.736111111111111
platt_scaling,test,599,0.6650641025641026
platt_scaling,test,600,0.7521367521367521
platt_scaling,test,601,0.561965811965812
platt_scaling,test,602,0.6159188034188035
platt_scaling,test,603,0.7435897435897437
platt_scaling,test,604,0.6655982905982907
platt_scaling,test,605,0.6965811965811965
platt_scaling,test,606,0.7072649572649572
platt_scaling,test,607,0.7291666666666666
platt_scaling,test,608,0.5801282051282052
platt_scaling,test,609,0.6591880341880343
platt_scaling,test,610,0.7371794871794872
platt_scaling,test,611,0.656517094017094
platt_scaling,test,612,0.7061965811965812
platt_scaling,test,613,0.5608974358974359
platt_scaling,test,614,0.6335470085470085
platt_scaling,test,615,0.6591880341880342
platt_scaling,test,616,0.6506410256410257
platt_scaling,test,617,0.6858974358974359
platt_scaling,test,618,0.6175213675213675
platt_scaling,test,619,0.7414529914529915
platt_scaling,test,620,0.6858974358974359
platt_scaling,test,621,0.6533119658119658
platt_scaling,test,622,0.795940170940171
platt_scaling,test,623,0.625
platt_scaling,test,624,0.5993589743589745
platt_scaling,test,625,0.6762820512820513
platt_scaling,test,626,0.7115384615384616
platt_scaling,test,627,0.6698717948717949
platt_scaling,test,628,0.7104700854700855
platt_scaling,test,629,0.7943376068376069
platt_scaling,test,630,0.6997863247863247
platt_scaling,test,631,0.6730769230769231
platt_scaling,test,632,0.6538461538461539
platt_scaling,test,633,0.6271367521367521
platt_scaling,test,634,0.7264957264957265
platt_scaling,test,635,0.7083333333333333
platt_scaling,test,636,0.6367521367521367
platt_scaling,test,637,0.6607905982905984
platt_scaling,test,638,0.5908119658119658
platt_scaling,test,639,0.6346153846153846
platt_scaling,test,640,0.6340811965811965
platt_scaling,test,641,0.6944444444444444
platt_scaling,test,642,0.6111111111111112
platt_scaling,test,643,0.6837606837606838
platt_scaling,test,644,0.7692307692307693
platt_scaling,test,645,0.7147435897435898
platt_scaling,test,646,0.7606837606837606
platt_scaling,test,647,0.6955128205128205
platt_scaling,test,648,0.7222222222222222
platt_scaling,test,649,0.4930555555555556
platt_scaling,test,650,0.6805555555555556
platt_scaling,test,651,0.7382478632478632
platt_scaling,test,652,0.75
platt_scaling,test,653,0.7094017094017094
platt_scaling,test,654,0.7371794871794872
platt_scaling,test,655,0.7596153846153846
platt_scaling,test,656,0.5101495726495726
platt_scaling,test,657,0.7585470085470086
platt_scaling,test,658,0.5982905982905983
platt_scaling,test,659,0.6666666666666667
platt_scaling,test,660,0.5838675213675214
platt_scaling,test,661,0.563034188034188
platt_scaling,test,662,0.7521367521367522
platt_scaling,test,663,0.7104700854700854
platt_scaling,test,664,0.716880341880342
platt_scaling,test,665,0.7211538461538461
platt_scaling,test,666,0.6720085470085471
platt_scaling,test,667,0.7398504273504274
platt_scaling,test,668,0.6271367521367521
platt_scaling,test,669,0.655982905982906
platt_scaling,test,670,0.6858974358974359
platt_scaling,test,671,0.7478632478632479
platt_scaling,test,672,0.6933760683760684
platt_scaling,test,673,0.5288461538461539
platt_scaling,test,674,0.6485042735042734
platt_scaling,test,675,0.5913461538461539
platt_scaling,test,676,0.5998931623931624
platt_scaling,test,677,0.75
platt_scaling,test,678,0.6837606837606838
platt_scaling,test,679,0.6549145299145299
platt_scaling,test,680,0.6575854700854701
platt_scaling,test,681,0.6698717948717948
platt_scaling,test,682,0.7558760683760684
platt_scaling,test,683,0.6314102564102565
platt_scaling,test,684,0.688034188034188
platt_scaling,test,685,0.7061965811965812
platt_scaling,test,686,0.6784188034188035
platt_scaling,test,687,0.719551282051282
platt_scaling,test,688,0.7280982905982906
platt_scaling,test,689,0.6356837606837608
platt_scaling,test,690,0.6014957264957266
platt_scaling,test,691,0.6340811965811967
platt_scaling,test,692,0.7243589743589745
platt_scaling,test,693,0.8098290598290598
platt_scaling,test,694,0.6036324786324787
platt_scaling,test,695,0.7756410256410257
platt_scaling,test,696,0.6217948717948718
platt_scaling,test,697,0.6282051282051282
platt_scaling,test,698,0.7660256410256411
platt_scaling,test,699,0.6645299145299145
platt_scaling,test,700,0.7136752136752137
platt_scaling,test,701,0.7104700854700855
platt_scaling,test,702,0.6319444444444444
platt_scaling,test,703,0.7425213675213675
platt_scaling,test,704,0.7136752136752137
platt_scaling,test,705,0.6907051282051282
platt_scaling,test,706,0.563034188034188
platt_scaling,test,707,0.6169871794871795
platt_scaling,test,708,0.7371794871794871
platt_scaling,test,709,0.6543803418803419
platt_scaling,test,710,0.5993589743589743
platt_scaling,test,711,0.6645299145299145
platt_scaling,test,712,0.7008547008547009
platt_scaling,test,713,0.6474358974358974
platt_scaling,test,714,0.7168803418803419
platt_scaling,test,715,0.591880341880342
platt_scaling,test,716,0.5982905982905984
platt_scaling,test,717,0.6581196581196581
platt_scaling,test,718,0.6837606837606838
platt_scaling,test,719,0.7264957264957266
platt_scaling,test,720,0.6351495726495726
platt_scaling,test,721,0.6965811965811965
platt_scaling,test,722,0.6410256410256411
platt_scaling,test,723,0.6378205128205129
platt_scaling,test,724,0.7061965811965812
platt_scaling,test,725,0.625
platt_scaling,test,726,0.7147435897435896
platt_scaling,test,727,0.6923076923076923
platt_scaling,test,728,0.6207264957264957
platt_scaling,test,729,0.657051282051282
platt_scaling,test,730,0.7462606837606838
platt_scaling,test,731,0.6527777777777778
platt_scaling,test,732,0.6773504273504274
platt_scaling,test,733,0.6741452991452992
platt_scaling,test,734,0.6089743589743589
platt_scaling,test,735,0.6185897435897436
platt_scaling,test,736,0.7051282051282052
platt_scaling,test,737,0.7948717948717949
platt_scaling,test,738,0.4492521367521368
platt_scaling,test,739,0.6923076923076924
platt_scaling,test,740,0.6474358974358974
platt_scaling,test,741,0.6949786324786325
platt_scaling,test,742,0.7275641025641025
platt_scaling,test,743,0.7564102564102564
platt_scaling,test,744,0.6960470085470086
platt_scaling,test,745,0.7863247863247863
platt_scaling,test,746,0.702991452991453
platt_scaling,test,747,0.5715811965811965
platt_scaling,test,748,0.6837606837606838
platt_scaling,test,749,0.7467948717948718
platt_scaling,test,750,0.6725427350427351
platt_scaling,test,751,0.7147435897435898
platt_scaling,test,752,0.7307692307692307
platt_scaling,test,753,0.5384615384615385
platt_scaling,test,754,0.6837606837606838
platt_scaling,test,755,0.7051282051282051
platt_scaling,test,756,0.8087606837606838
platt_scaling,test,757,0.670405982905983
platt_scaling,test,758,0.6794871794871795
platt_scaling,test,759,0.672008547008547
platt_scaling,test,760,0.6431623931623932
platt_scaling,test,761,0.7211538461538461
platt_scaling,test,762,0.6923076923076923
platt_scaling,test,763,0.6810897435897436
platt_scaling,test,764,0.5961538461538463
platt_scaling,test,765,0.7564102564102564
platt_scaling,test,766,0.641025641025641
platt_scaling,test,767,0.7606837606837606
platt_scaling,test,768,0.5667735042735043
platt_scaling,test,769,0.6955128205128206
platt_scaling,test,770,0.8183760683760684
platt_scaling,test,771,0.6121794871794872
platt_scaling,test,772,0.7713675213675213
platt_scaling,test,773,0.7286324786324787
platt_scaling,test,774,0.6217948717948718
platt_scaling,test,775,0.6923076923076924
platt_scaling,test,776,0.7329059829059829
platt_scaling,test,777,0.6527777777777778
platt_scaling,test,778,0.7168803418803419
platt_scaling,test,779,0.6100427350427351
platt_scaling,test,780,0.6901709401709402
platt_scaling,test,781,0.7323717948717949
platt_scaling,test,782,0.6463675213675213
platt_scaling,test,783,0.6730769230769231
platt_scaling,test,784,0.7414529914529915
platt_scaling,test,785,0.6431623931623932
platt_scaling,test,786,0.7040598290598291
platt_scaling,test,787,0.6367521367521367
platt_scaling,test,788,0.5972222222222222
platt_scaling,test,789,0.6602564102564104
platt_scaling,test,790,0.7777777777777778
platt_scaling,test,791,0.5480769230769231
platt_scaling,test,792,0.6180555555555556
platt_scaling,test,793,0.6511752136752137
platt_scaling,test,794,0.7083333333333334
platt_scaling,test,795,0.657051282051282
platt_scaling,test,796,0.6030982905982906
platt_scaling,test,797,0.625
platt_scaling,test,798,0.7393162393162394
platt_scaling,test,799,0.7745726495726496
platt_scaling,test,800,0.6805555555555556
platt_scaling,test,801,0.6292735042735044
platt_scaling,test,802,0.39423076923076916
platt_scaling,test,803,0.6388888888888888
platt_scaling,test,804,0.5982905982905983
platt_scaling,test,805,0.7537393162393162
platt_scaling,test,806,0.702991452991453
platt_scaling,test,807,0.6901709401709403
platt_scaling,test,808,0.5715811965811967
platt_scaling,test,809,0.6720085470085471
platt_scaling,test,810,0.6688034188034189
platt_scaling,test,811,0.7521367521367521
platt_scaling,test,812,0.5726495726495726
platt_scaling,test,813,0.701923076923077
platt_scaling,test,814,0.5742521367521367
platt_scaling,test,815,0.5822649572649572
platt_scaling,test,816,0.7094017094017093
platt_scaling,test,817,0.7083333333333334
platt_scaling,test,818,0.6773504273504274
platt_scaling,test,819,0.7158119658119658
platt_scaling,test,820,0.6923076923076923
platt_scaling,test,821,0.7297008547008547
platt_scaling,test,822,0.5790598290598291
platt_scaling,test,823,0.6153846153846154
platt_scaling,test,824,0.6025641025641025
platt_scaling,test,825,0.7115384615384615
platt_scaling,test,826,0.7457264957264957
platt_scaling,test,827,0.6752136752136753
platt_scaling,test,828,0.7061965811965811
platt_scaling,test,829,0.6666666666666666
platt_scaling,test,830,0.6057692307692307
platt_scaling,test,831,0.5988247863247863
platt_scaling,test,832,0.7361111111111112
platt_scaling,test,833,0.6623931623931625
platt_scaling,test,834,0.6196581196581197
platt_scaling,test,835,0.6175213675213675
platt_scaling,test,836,0.655982905982906
platt_scaling,test,837,0.6308760683760685
platt_scaling,test,838,0.5742521367521367
platt_scaling,test,839,0.7633547008547008
platt_scaling,test,840,0.6923076923076923
platt_scaling,test,841,0.5972222222222222
platt_scaling,test,842,0.594017094017094
platt_scaling,test,843,0.6944444444444444
platt_scaling,test,844,0.6153846153846154
platt_scaling,test,845,0.5822649572649573
platt_scaling,test,846,0.5822649572649573
platt_scaling,test,847,0.6057692307692308
platt_scaling,test,848,0.5320512820512822
platt_scaling,test,849,0.7072649572649573
platt_scaling,test,850,0.7633547008547008
platt_scaling,test,851,0.7745726495726495
platt_scaling,test,852,0.6127136752136753
platt_scaling,test,853,0.6431623931623932
platt_scaling,test,854,0.6955128205128205
platt_scaling,test,855,0.6025641025641025
platt_scaling,test,856,0.6335470085470085
platt_scaling,test,857,0.5427350427350428
platt_scaling,test,858,0.6388888888888888
platt_scaling,test,859,0.6773504273504274
platt_scaling,test,860,0.6260683760683761
platt_scaling,test,861,0.6228632478632479
platt_scaling,test,862,0.672008547008547
platt_scaling,test,863,0.6591880341880342
platt_scaling,test,864,0.5229700854700855
platt_scaling,test,865,0.7238247863247863
platt_scaling,test,866,0.6965811965811967
platt_scaling,test,867,0.6853632478632479
platt_scaling,test,868,0.702991452991453
platt_scaling,test,869,0.7596153846153846
platt_scaling,test,870,0.608440170940171
platt_scaling,test,871,0.639957264957265
platt_scaling,test,872,0.6784188034188035
platt_scaling,test,873,0.7264957264957265
platt_scaling,test,874,0.6944444444444444
platt_scaling,test,875,0.6207264957264957
platt_scaling,test,876,0.6741452991452992
platt_scaling,test,877,0.7521367521367521
platt_scaling,test,878,0.6591880341880342
platt_scaling,test,879,0.7574786324786325
platt_scaling,test,880,0.7462606837606838
platt_scaling,test,881,0.7767094017094017
platt_scaling,test,882,0.6746794871794872
platt_scaling,test,883,0.6025641025641025
platt_scaling,test,884,0.6175213675213675
platt_scaling,test,885,0.6346153846153847
platt_scaling,test,886,0.7158119658119659
platt_scaling,test,887,0.7286324786324787
platt_scaling,test,888,0.7168803418803419
platt_scaling,test,889,0.7051282051282052
platt_scaling,test,890,0.7040598290598291
platt_scaling,test,891,0.6164529914529915
platt_scaling,test,892,0.8076923076923077
platt_scaling,test,893,0.7467948717948717
platt_scaling,test,894,0.704059829059829
platt_scaling,test,895,0.6730769230769231
platt_scaling,test,896,0.5512820512820513
platt_scaling,test,897,0.6602564102564102
platt_scaling,test,898,0.7248931623931625
platt_scaling,test,899,0.75
platt_scaling,test,900,0.627136752136752
platt_scaling,test,901,0.657051282051282
platt_scaling,test,902,0.6549145299145299
platt_scaling,test,903,0.6260683760683761
platt_scaling,test,904,0.5918803418803419
platt_scaling,test,905,0.7735042735042735
platt_scaling,test,906,0.6623931623931624
platt_scaling,test,907,0.6858974358974359
platt_scaling,test,908,0.5854700854700855
platt_scaling,test,909,0.7297008547008548
platt_scaling,test,910,0.7564102564102564
platt_scaling,test,911,0.673076923076923
platt_scaling,test,912,0.8344017094017093
platt_scaling,test,913,0.6623931623931625
platt_scaling,test,914,0.6688034188034188
platt_scaling,test,915,0.7521367521367521
platt_scaling,test,916,0.6004273504273504
platt_scaling,test,917,0.6420940170940171
platt_scaling,test,918,0.6826923076923077
platt_scaling,test,919,0.7414529914529915
platt_scaling,test,920,0.7061965811965812
platt_scaling,test,921,0.688034188034188
platt_scaling,test,922,0.6367521367521367
platt_scaling,test,923,0.6762820512820513
platt_scaling,test,924,0.625534188034188
platt_scaling,test,925,0.6976495726495726
platt_scaling,test,926,0.6014957264957265
platt_scaling,test,927,0.6896367521367521
platt_scaling,test,928,0.6858974358974359
platt_scaling,test,929,0.7745726495726496
platt_scaling,test,930,0.7532051282051282
platt_scaling,test,931,0.6655982905982907
platt_scaling,test,932,0.6004273504273504
platt_scaling,test,933,0.6923076923076923
platt_scaling,test,934,0.6442307692307693
platt_scaling,test,935,0.6821581196581197
platt_scaling,test,936,0.7596153846153846
platt_scaling,test,937,0.6367521367521367
platt_scaling,test,938,0.7441239316239316
platt_scaling,test,939,0.6955128205128205
platt_scaling,test,940,0.749465811965812
platt_scaling,test,941,0.702991452991453
platt_scaling,test,942,0.5822649572649572
platt_scaling,test,943,0.8386752136752137
platt_scaling,test,944,0.6613247863247863
platt_scaling,test,945,0.7441239316239316
platt_scaling,test,946,0.6682692307692307
platt_scaling,test,947,0.6324786324786325
platt_scaling,test,948,0.5641025641025641
platt_scaling,test,949,0.6901709401709402
platt_scaling,test,950,0.6591880341880343
platt_scaling,test,951,0.7072649572649573
platt_scaling,test,952,0.7761752136752136
platt_scaling,test,953,0.6907051282051282
platt_scaling,test,954,0.718482905982906
platt_scaling,test,955,0.6105769230769231
platt_scaling,test,956,0.7238247863247863
platt_scaling,test,957,0.749465811965812
platt_scaling,test,958,0.5662393162393162
platt_scaling,test,959,0.6217948717948718
platt_scaling,test,960,0.5507478632478633
platt_scaling,test,961,0.6351495726495726
platt_scaling,test,962,0.6153846153846154
platt_scaling,test,963,0.6063034188034189
platt_scaling,test,964,0.6629273504273504
platt_scaling,test,965,0.5950854700854701
platt_scaling,test,966,0.7286324786324787
platt_scaling,test,967,0.6132478632478632
platt_scaling,test,968,0.6420940170940171
platt_scaling,test,969,0.625
platt_scaling,test,970,0.5571581196581197
platt_scaling,test,971,0.6549145299145299
platt_scaling,test,972,0.7200854700854701
platt_scaling,test,973,0.6655982905982906
platt_scaling,test,974,0.732905982905983
platt_scaling,test,975,0.7072649572649572
platt_scaling,test,976,0.7061965811965811
platt_scaling,test,977,0.8381410256410257
platt_scaling,test,978,0.6527777777777778
platt_scaling,test,979,0.5918803418803419
platt_scaling,test,980,0.6431623931623931
platt_scaling,test,981,0.6976495726495727
platt_scaling,test,982,0.6976495726495726
platt_scaling,test,983,0.7190170940170939
platt_scaling,test,984,0.5865384615384616
platt_scaling,test,985,0.6826923076923077
platt_scaling,test,986,0.6431623931623932
platt_scaling,test,987,0.6527777777777778
platt_scaling,test,988,0.6452991452991453
platt_scaling,test,989,0.7008547008547009
platt_scaling,test,990,0.532051282051282
platt_scaling,test,991,0.6196581196581197
platt_scaling,test,992,0.6356837606837606
platt_scaling,test,993,0.6212606837606838
platt_scaling,test,994,0.5854700854700855
platt_scaling,test,995,0.6810897435897436
platt_scaling,test,996,0.719017094017094
platt_scaling,test,997,0.7264957264957265
platt_scaling,test,998,0.7564102564102564
platt_scaling,test,999,0.719017094017094
platt_scaling,test,1000,0.7895299145299146
isotonic_regression,test,1,0.7056623931623932
isotonic_regression,test,2,0.6891025641025642
isotonic_regression,test,3,0.6549145299145299
isotonic_regression,test,4,0.7601495726495726
isotonic_regression,test,5,0.733974358974359
isotonic_regression,test,6,0.6629273504273504
isotonic_regression,test,7,0.6853632478632479
isotonic_regression,test,8,0.6388888888888888
isotonic_regression,test,9,0.6351495726495727
isotonic_regression,test,10,0.6693376068376069
isotonic_regression,test,11,0.579594017094017
isotonic_regression,test,12,0.7521367521367521
isotonic_regression,test,13,0.6837606837606838
isotonic_regression,test,14,0.7200854700854701
isotonic_regression,test,15,0.5379273504273505
isotonic_regression,test,16,0.670940170940171
isotonic_regression,test,17,0.6858974358974359
isotonic_regression,test,18,0.7708333333333334
isotonic_regression,test,19,0.7275641025641025
isotonic_regression,test,20,0.6720085470085471
isotonic_regression,test,21,0.6116452991452992
isotonic_regression,test,22,0.6976495726495726
isotonic_regression,test,23,0.6837606837606838
isotonic_regression,test,24,0.6672008547008548
isotonic_regression,test,25,0.6180555555555556
isotonic_regression,test,26,0.6517094017094017
isotonic_regression,test,27,0.6762820512820513
isotonic_regression,test,28,0.7916666666666667
isotonic_regression,test,29,0.6682692307692308
isotonic_regression,test,30,0.7745726495726496
isotonic_regression,test,31,0.6404914529914529
isotonic_regression,test,32,0.6330128205128206
isotonic_regression,test,33,0.6912393162393162
isotonic_regression,test,34,0.6981837606837606
isotonic_regression,test,35,0.7398504273504274
isotonic_regression,test,36,0.673076923076923
isotonic_regression,test,37,0.6720085470085471
isotonic_regression,test,38,0.6527777777777778
isotonic_regression,test,39,0.6944444444444445
isotonic_regression,test,40,0.6586538461538463
isotonic_regression,test,41,0.638888888888889
isotonic_regression,test,42,0.7115384615384616
isotonic_regression,test,43,0.6111111111111112
isotonic_regression,test,44,0.6228632478632479
isotonic_regression,test,45,0.8076923076923077
isotonic_regression,test,46,0.6495726495726496
isotonic_regression,test,47,0.6303418803418803
isotonic_regression,test,48,0.7259615384615384
isotonic_regression,test,49,0.7211538461538461
isotonic_regression,test,50,0.6474358974358975
isotonic_regression,test,51,0.6618589743589743
isotonic_regression,test,52,0.7377136752136753
isotonic_regression,test,53,0.6794871794871795
isotonic_regression,test,54,0.7467948717948718
isotonic_regression,test,55,0.6923076923076923
isotonic_regression,test,56,0.6383547008547009
isotonic_regression,test,57,0.7013888888888888
isotonic_regression,test,58,0.6020299145299146
isotonic_regression,test,59,0.7548076923076923
isotonic_regression,test,60,0.577457264957265
isotonic_regression,test,61,0.8055555555555555
isotonic_regression,test,62,0.7435897435897436
isotonic_regression,test,63,0.7024572649572649
isotonic_regression,test,64,0.5897435897435898
isotonic_regression,test,65,0.7280982905982907
isotonic_regression,test,66,0.6901709401709402
isotonic_regression,test,67,0.7152777777777778
isotonic_regression,test,68,0.6896367521367521
isotonic_regression,test,69,0.6730769230769231
isotonic_regression,test,70,0.7126068376068376
isotonic_regression,test,71,0.6442307692307693
isotonic_regression,test,72,0.7548076923076923
isotonic_regression,test,73,0.6666666666666666
isotonic_regression,test,74,0.7045940170940171
isotonic_regression,test,75,0.6891025641025641
isotonic_regression,test,76,0.6314102564102564
isotonic_regression,test,77,0.7345085470085471
isotonic_regression,test,78,0.7094017094017093
isotonic_regression,test,79,0.6634615384615385
isotonic_regression,test,80,0.6153846153846154
isotonic_regression,test,81,0.6602564102564102
isotonic_regression,test,82,0.6111111111111112
isotonic_regression,test,83,0.6591880341880342
isotonic_regression,test,84,0.639957264957265
isotonic_regression,test,85,0.6725427350427351
isotonic_regression,test,86,0.6923076923076923
isotonic_regression,test,87,0.6378205128205129
isotonic_regression,test,88,0.6431623931623932
isotonic_regression,test,89,0.7681623931623932
isotonic_regression,test,90,0.7398504273504273
isotonic_regression,test,91,0.6105769230769231
isotonic_regression,test,92,0.577457264957265
isotonic_regression,test,93,0.7361111111111112
isotonic_regression,test,94,0.7275641025641025
isotonic_regression,test,95,0.670940170940171
isotonic_regression,test,96,0.6768162393162394
isotonic_regression,test,97,0.5448717948717948
isotonic_regression,test,98,0.6832264957264957
isotonic_regression,test,99,0.5170940170940171
isotonic_regression,test,100,0.6442307692307692
isotonic_regression,test,101,0.7307692307692307
isotonic_regression,test,102,0.7083333333333334
isotonic_regression,test,103,0.7398504273504273
isotonic_regression,test,104,0.6212606837606838
isotonic_regression,test,105,0.6282051282051282
isotonic_regression,test,106,0.5972222222222222
isotonic_regression,test,107,0.6981837606837606
isotonic_regression,test,108,0.6266025641025641
isotonic_regression,test,109,0.594017094017094
isotonic_regression,test,110,0.7462606837606838
isotonic_regression,test,111,0.7334401709401709
isotonic_regression,test,112,0.6645299145299146
isotonic_regression,test,113,0.6789529914529915
isotonic_regression,test,114,0.7110042735042735
isotonic_regression,test,115,0.6810897435897436
isotonic_regression,test,116,0.7435897435897436
isotonic_regression,test,117,0.8098290598290598
isotonic_regression,test,118,0.671474358974359
isotonic_regression,test,119,0.7147435897435898
isotonic_regression,test,120,0.6308760683760684
isotonic_regression,test,121,0.6041666666666667
isotonic_regression,test,122,0.5614316239316238
isotonic_regression,test,123,0.6960470085470085
isotonic_regression,test,124,0.717948717948718
isotonic_regression,test,125,0.6965811965811965
isotonic_regression,test,126,0.6522435897435898
isotonic_regression,test,127,0.6907051282051282
isotonic_regression,test,128,0.6479700854700855
isotonic_regression,test,129,0.6121794871794872
isotonic_regression,test,130,0.7387820512820513
isotonic_regression,test,131,0.6191239316239316
isotonic_regression,test,132,0.6137820512820513
isotonic_regression,test,133,0.6917735042735044
isotonic_regression,test,134,0.7222222222222222
isotonic_regression,test,135,0.7387820512820513
isotonic_regression,test,136,0.7024572649572649
isotonic_regression,test,137,0.6832264957264957
isotonic_regression,test,138,0.6997863247863247
isotonic_regression,test,139,0.6447649572649572
isotonic_regression,test,140,0.5854700854700854
isotonic_regression,test,141,0.7094017094017094
isotonic_regression,test,142,0.6992521367521367
isotonic_regression,test,143,0.6816239316239316
isotonic_regression,test,144,0.7286324786324787
isotonic_regression,test,145,0.7478632478632479
isotonic_regression,test,146,0.7035256410256411
isotonic_regression,test,147,0.6533119658119658
isotonic_regression,test,148,0.6997863247863247
isotonic_regression,test,149,0.7029914529914529
isotonic_regression,test,150,0.6917735042735044
isotonic_regression,test,151,0.625
isotonic_regression,test,152,0.782051282051282
isotonic_regression,test,153,0.7601495726495727
isotonic_regression,test,154,0.5646367521367521
isotonic_regression,test,155,0.7168803418803419
isotonic_regression,test,156,0.6287393162393162
isotonic_regression,test,157,0.6047008547008548
isotonic_regression,test,158,0.7248931623931624
isotonic_regression,test,159,0.6121794871794872
isotonic_regression,test,160,0.7478632478632479
isotonic_regression,test,161,0.6736111111111112
isotonic_regression,test,162,0.6196581196581197
isotonic_regression,test,163,0.75
isotonic_regression,test,164,0.7168803418803419
isotonic_regression,test,165,0.7168803418803419
isotonic_regression,test,166,0.6501068376068376
isotonic_regression,test,167,0.6613247863247863
isotonic_regression,test,168,0.5961538461538461
isotonic_regression,test,169,0.7451923076923077
isotonic_regression,test,170,0.6522435897435898
isotonic_regression,test,171,0.5854700854700855
isotonic_regression,test,172,0.7051282051282051
isotonic_regression,test,173,0.6180555555555556
isotonic_regression,test,174,0.686965811965812
isotonic_regression,test,175,0.5918803418803419
isotonic_regression,test,176,0.6549145299145299
isotonic_regression,test,177,0.6992521367521368
isotonic_regression,test,178,0.7126068376068376
isotonic_regression,test,179,0.7243589743589743
isotonic_regression,test,180,0.6410256410256411
isotonic_regression,test,181,0.718482905982906
isotonic_regression,test,182,0.7163461538461539
isotonic_regression,test,183,0.6116452991452992
isotonic_regression,test,184,0.7275641025641025
isotonic_regression,test,185,0.7216880341880342
isotonic_regression,test,186,0.6955128205128205
isotonic_regression,test,187,0.640491452991453
isotonic_regression,test,188,0.6928418803418803
isotonic_regression,test,189,0.6891025641025641
isotonic_regression,test,190,0.6367521367521368
isotonic_regression,test,191,0.7200854700854701
isotonic_regression,test,192,0.6832264957264957
isotonic_regression,test,193,0.7227564102564102
isotonic_regression,test,194,0.672008547008547
isotonic_regression,test,195,0.5827991452991453
isotonic_regression,test,196,0.6891025641025641
isotonic_regression,test,197,0.7077991452991453
isotonic_regression,test,198,0.6372863247863247
isotonic_regression,test,199,0.6885683760683761
isotonic_regression,test,200,0.6714743589743589
isotonic_regression,test,201,0.6826923076923077
isotonic_regression,test,202,0.7061965811965812
isotonic_regression,test,203,0.7681623931623932
isotonic_regression,test,204,0.6704059829059829
isotonic_regression,test,205,0.7377136752136753
isotonic_regression,test,206,0.6223290598290598
isotonic_regression,test,207,0.6517094017094017
isotonic_regression,test,208,0.7158119658119659
isotonic_regression,test,209,0.6896367521367521
isotonic_regression,test,210,0.6330128205128205
isotonic_regression,test,211,0.6581196581196581
isotonic_regression,test,212,0.7622863247863247
isotonic_regression,test,213,0.6757478632478633
isotonic_regression,test,214,0.6415598290598291
isotonic_regression,test,215,0.7077991452991453
isotonic_regression,test,216,0.7024572649572649
isotonic_regression,test,217,0.6821581196581197
isotonic_regression,test,218,0.6736111111111112
isotonic_regression,test,219,0.7200854700854702
isotonic_regression,test,220,0.6436965811965812
isotonic_regression,test,221,0.5817307692307693
isotonic_regression,test,222,0.6629273504273505
isotonic_regression,test,223,0.6949786324786326
isotonic_regression,test,224,0.6997863247863247
isotonic_regression,test,225,0.7938034188034189
isotonic_regression,test,226,0.655448717948718
isotonic_regression,test,227,0.6068376068376068
isotonic_regression,test,228,0.7264957264957265
isotonic_regression,test,229,0.6324786324786325
isotonic_regression,test,230,0.686965811965812
isotonic_regression,test,231,0.6362179487179488
isotonic_regression,test,232,0.6527777777777778
isotonic_regression,test,233,0.6463675213675214
isotonic_regression,test,234,0.7013888888888888
isotonic_regression,test,235,0.6591880341880342
isotonic_regression,test,236,0.6752136752136753
isotonic_regression,test,237,0.7008547008547009
isotonic_regression,test,238,0.6511752136752138
isotonic_regression,test,239,0.6661324786324787
isotonic_regression,test,240,0.6981837606837606
isotonic_regression,test,241,0.5534188034188035
isotonic_regression,test,242,0.7243589743589743
isotonic_regression,test,243,0.6527777777777778
isotonic_regression,test,244,0.6773504273504274
isotonic_regression,test,245,0.6207264957264957
isotonic_regression,test,246,0.7270299145299145
isotonic_regression,test,247,0.6907051282051282
isotonic_regression,test,248,0.4866452991452992
isotonic_regression,test,249,0.6148504273504274
isotonic_regression,test,250,0.732905982905983
isotonic_regression,test,251,0.6330128205128205
isotonic_regression,test,252,0.6298076923076923
isotonic_regression,test,253,0.7216880341880342
isotonic_regression,test,254,0.6324786324786325
isotonic_regression,test,255,0.7088675213675213
isotonic_regression,test,256,0.6543803418803419
isotonic_regression,test,257,0.6821581196581197
isotonic_regression,test,258,0.7147435897435898
isotonic_regression,test,259,0.6757478632478633
isotonic_regression,test,260,0.7254273504273505
isotonic_regression,test,261,0.7702991452991453
isotonic_regression,test,262,0.6517094017094017
isotonic_regression,test,263,0.6378205128205128
isotonic_regression,test,264,0.7019230769230769
isotonic_regression,test,265,0.6463675213675213
isotonic_regression,test,266,0.686965811965812
isotonic_regression,test,267,0.7072649572649573
isotonic_regression,test,268,0.6698717948717949
isotonic_regression,test,269,0.701388888888889
isotonic_regression,test,270,0.7115384615384615
isotonic_regression,test,271,0.7398504273504274
isotonic_regression,test,272,0.7863247863247863
isotonic_regression,test,273,0.703525641025641
isotonic_regression,test,274,0.6169871794871794
isotonic_regression,test,275,0.7200854700854701
isotonic_regression,test,276,0.7094017094017094
isotonic_regression,test,277,0.7126068376068376
isotonic_regression,test,278,0.733974358974359
isotonic_regression,test,279,0.6949786324786325
isotonic_regression,test,280,0.624465811965812
isotonic_regression,test,281,0.6410256410256411
isotonic_regression,test,282,0.7094017094017094
isotonic_regression,test,283,0.6939102564102565
isotonic_regression,test,284,0.6047008547008547
isotonic_regression,test,285,0.7158119658119659
isotonic_regression,test,286,0.7206196581196581
isotonic_regression,test,287,0.6885683760683761
isotonic_regression,test,288,0.6383547008547008
isotonic_regression,test,289,0.6100427350427351
isotonic_regression,test,290,0.780448717948718
isotonic_regression,test,291,0.6800213675213675
isotonic_regression,test,292,0.734508547008547
isotonic_regression,test,293,0.6858974358974359
isotonic_regression,test,294,0.6618589743589743
isotonic_regression,test,295,0.6987179487179488
isotonic_regression,test,296,0.5993589743589745
isotonic_regression,test,297,0.7126068376068377
isotonic_regression,test,298,0.6068376068376069
isotonic_regression,test,299,0.6127136752136753
isotonic_regression,test,300,0.7435897435897435
isotonic_regression,test,301,0.7307692307692308
isotonic_regression,test,302,0.7195512820512822
isotonic_regression,test,303,0.6810897435897436
isotonic_regression,test,304,0.6618589743589743
isotonic_regression,test,305,0.7131410256410255
isotonic_regression,test,306,0.6533119658119658
isotonic_regression,test,307,0.6778846153846154
isotonic_regression,test,308,0.6073717948717948
isotonic_regression,test,309,0.6752136752136753
isotonic_regression,test,310,0.6613247863247863
isotonic_regression,test,311,0.7964743589743589
isotonic_regression,test,312,0.7019230769230769
isotonic_regression,test,313,0.610042735042735
isotonic_regression,test,314,0.6645299145299145
isotonic_regression,test,315,0.6826923076923077
isotonic_regression,test,316,0.7409188034188035
isotonic_regression,test,317,0.7553418803418803
isotonic_regression,test,318,0.6928418803418804
isotonic_regression,test,319,0.6522435897435898
isotonic_regression,test,320,0.6538461538461537
isotonic_regression,test,321,0.733974358974359
isotonic_regression,test,322,0.6917735042735043
isotonic_regression,test,323,0.6586538461538463
isotonic_regression,test,324,0.593482905982906
isotonic_regression,test,325,0.7799145299145299
isotonic_regression,test,326,0.75
isotonic_regression,test,327,0.6677350427350427
isotonic_regression,test,328,0.6575854700854701
isotonic_regression,test,329,0.6736111111111112
isotonic_regression,test,330,0.7056623931623932
isotonic_regression,test,331,0.7024572649572649
isotonic_regression,test,332,0.4588675213675214
isotonic_regression,test,333,0.5288461538461537
isotonic_regression,test,334,0.6960470085470085
isotonic_regression,test,335,0.670405982905983
isotonic_regression,test,336,0.6506410256410255
isotonic_regression,test,337,0.719017094017094
isotonic_regression,test,338,0.671474358974359
isotonic_regression,test,339,0.6565170940170941
isotonic_regression,test,340,0.6362179487179488
isotonic_regression,test,341,0.6933760683760684
isotonic_regression,test,342,0.750534188034188
isotonic_regression,test,343,0.5400641025641025
isotonic_regression,test,344,0.7227564102564104
isotonic_regression,test,345,0.6666666666666667
isotonic_regression,test,346,0.7286324786324787
isotonic_regression,test,347,0.5881410256410255
isotonic_regression,test,348,0.5763888888888888
isotonic_regression,test,349,0.5849358974358974
isotonic_regression,test,350,0.6997863247863249
isotonic_regression,test,351,0.7115384615384616
isotonic_regression,test,352,0.7003205128205128
isotonic_regression,test,353,0.6613247863247863
isotonic_regression,test,354,0.6276709401709402
isotonic_regression,test,355,0.6677350427350428
isotonic_regression,test,356,0.6720085470085471
isotonic_regression,test,357,0.6607905982905983
isotonic_regression,test,358,0.5833333333333334
isotonic_regression,test,359,0.6928418803418803
isotonic_regression,test,360,0.670405982905983
isotonic_regression,test,361,0.7206196581196581
isotonic_regression,test,362,0.6287393162393162
isotonic_regression,test,363,0.6324786324786325
isotonic_regression,test,364,0.7633547008547008
isotonic_regression,test,365,0.6372863247863247
isotonic_regression,test,366,0.6976495726495726
isotonic_regression,test,367,0.7280982905982906
isotonic_regression,test,368,0.7467948717948718
isotonic_regression,test,369,0.6356837606837608
isotonic_regression,test,370,0.733440170940171
isotonic_regression,test,371,0.6314102564102564
isotonic_regression,test,372,0.6014957264957266
isotonic_regression,test,373,0.7142094017094017
isotonic_regression,test,374,0.7425213675213675
isotonic_regression,test,375,0.7548076923076923
isotonic_regression,test,376,0.655448717948718
isotonic_regression,test,377,0.7003205128205128
isotonic_regression,test,378,0.6549145299145299
isotonic_regression,test,379,0.6522435897435898
isotonic_regression,test,380,0.6720085470085471
isotonic_regression,test,381,0.6992521367521367
isotonic_regression,test,382,0.6356837606837608
isotonic_regression,test,383,0.6682692307692307
isotonic_regression,test,384,0.6655982905982907
isotonic_regression,test,385,0.763888888888889
isotonic_regression,test,386,0.6607905982905983
isotonic_regression,test,387,0.6095085470085471
isotonic_regression,test,388,0.6501068376068376
isotonic_regression,test,389,0.5865384615384616
isotonic_regression,test,390,0.6736111111111112
isotonic_regression,test,391,0.6928418803418803
isotonic_regression,test,392,0.719551282051282
isotonic_regression,test,393,0.7377136752136753
isotonic_regression,test,394,0.6912393162393162
isotonic_regression,test,395,0.7724358974358975
isotonic_regression,test,396,0.6324786324786325
isotonic_regression,test,397,0.6463675213675213
isotonic_regression,test,398,0.6864316239316239
isotonic_regression,test,399,0.6698717948717949
isotonic_regression,test,400,0.6159188034188035
isotonic_regression,test,401,0.6207264957264957
isotonic_regression,test,402,0.6816239316239316
isotonic_regression,test,403,0.6623931623931624
isotonic_regression,test,404,0.6997863247863247
isotonic_regression,test,405,0.6148504273504274
isotonic_regression,test,406,0.686965811965812
isotonic_regression,test,407,0.6282051282051282
isotonic_regression,test,408,0.750534188034188
isotonic_regression,test,409,0.6276709401709402
isotonic_regression,test,410,0.672542735042735
isotonic_regression,test,411,0.6442307692307693
isotonic_regression,test,412,0.6778846153846154
isotonic_regression,test,413,0.5886752136752137
isotonic_regression,test,414,0.6955128205128205
isotonic_regression,test,415,0.7291666666666666
isotonic_regression,test,416,0.6549145299145299
isotonic_regression,test,417,0.5988247863247863
isotonic_regression,test,418,0.6698717948717948
isotonic_regression,test,419,0.7275641025641025
isotonic_regression,test,420,0.6522435897435898
isotonic_regression,test,421,0.7318376068376069
isotonic_regression,test,422,0.6778846153846154
isotonic_regression,test,423,0.6837606837606838
isotonic_regression,test,424,0.6458333333333334
isotonic_regression,test,425,0.7067307692307692
isotonic_regression,test,426,0.6618589743589743
isotonic_regression,test,427,0.6997863247863249
isotonic_regression,test,428,0.7051282051282052
isotonic_regression,test,429,0.5993589743589743
isotonic_regression,test,430,0.6426282051282052
isotonic_regression,test,431,0.6885683760683761
isotonic_regression,test,432,0.7419871794871795
isotonic_regression,test,433,0.6858974358974359
isotonic_regression,test,434,0.6073717948717949
isotonic_regression,test,435,0.5972222222222222
isotonic_regression,test,436,0.5763888888888888
isotonic_regression,test,437,0.641025641025641
isotonic_regression,test,438,0.7638888888888888
isotonic_regression,test,439,0.7457264957264957
isotonic_regression,test,440,0.6976495726495726
isotonic_regression,test,441,0.7302350427350427
isotonic_regression,test,442,0.7302350427350428
isotonic_regression,test,443,0.5753205128205129
isotonic_regression,test,444,0.6169871794871795
isotonic_regression,test,445,0.6479700854700855
isotonic_regression,test,446,0.7574786324786325
isotonic_regression,test,447,0.6762820512820512
isotonic_regression,test,448,0.6741452991452992
isotonic_regression,test,449,0.576923076923077
isotonic_regression,test,450,0.5737179487179487
isotonic_regression,test,451,0.6832264957264957
isotonic_regression,test,452,0.6736111111111112
isotonic_regression,test,453,0.6127136752136753
isotonic_regression,test,454,0.6912393162393161
isotonic_regression,test,455,0.7126068376068376
isotonic_regression,test,456,0.6266025641025641
isotonic_regression,test,457,0.7606837606837608
isotonic_regression,test,458,0.719551282051282
isotonic_regression,test,459,0.6816239316239316
isotonic_regression,test,460,0.6298076923076924
isotonic_regression,test,461,0.7313034188034189
isotonic_regression,test,462,0.7857905982905983
isotonic_regression,test,463,0.6442307692307692
isotonic_regression,test,464,0.5950854700854702
isotonic_regression,test,465,0.6960470085470085
isotonic_regression,test,466,0.689636752136752
isotonic_regression,test,467,0.7361111111111112
isotonic_regression,test,468,0.7740384615384616
isotonic_regression,test,469,0.7131410256410255
isotonic_regression,test,470,0.6698717948717949
isotonic_regression,test,471,0.607905982905983
isotonic_regression,test,472,0.6698717948717949
isotonic_regression,test,473,0.704594017094017
isotonic_regression,test,474,0.6335470085470086
isotonic_regression,test,475,0.7574786324786325
isotonic_regression,test,476,0.7574786324786325
isotonic_regression,test,477,0.7040598290598291
isotonic_regression,test,478,0.7019230769230769
isotonic_regression,test,479,0.5635683760683761
isotonic_regression,test,480,0.6591880341880342
isotonic_regression,test,481,0.6346153846153846
isotonic_regression,test,482,0.7200854700854701
isotonic_regression,test,483,0.670940170940171
isotonic_regression,test,484,0.6971153846153846
isotonic_regression,test,485,0.6522435897435898
isotonic_regression,test,486,0.7179487179487181
isotonic_regression,test,487,0.6645299145299145
isotonic_regression,test,488,0.7329059829059829
isotonic_regression,test,489,0.7574786324786325
isotonic_regression,test,490,0.718482905982906
isotonic_regression,test,491,0.6805555555555556
isotonic_regression,test,492,0.6586538461538461
isotonic_regression,test,493,0.8071581196581197
isotonic_regression,test,494,0.5625
isotonic_regression,test,495,0.6586538461538463
isotonic_regression,test,496,0.6939102564102564
isotonic_regression,test,497,0.7537393162393162
isotonic_regression,test,498,0.7441239316239316
isotonic_regression,test,499,0.6629273504273504
isotonic_regression,test,500,0.7280982905982907
isotonic_regression,test,501,0.5753205128205128
isotonic_regression,test,502,0.6928418803418803
isotonic_regression,test,503,0.8125
isotonic_regression,test,504,0.7339743589743589
isotonic_regression,test,505,0.6955128205128205
isotonic_regression,test,506,0.7131410256410257
isotonic_regression,test,507,0.6233974358974359
isotonic_regression,test,508,0.6153846153846154
isotonic_regression,test,509,0.7094017094017094
isotonic_regression,test,510,0.6837606837606838
isotonic_regression,test,511,0.6901709401709402
isotonic_regression,test,512,0.5806623931623932
isotonic_regression,test,513,0.6736111111111112
isotonic_regression,test,514,0.7174145299145299
isotonic_regression,test,515,0.7836538461538461
isotonic_regression,test,516,0.7313034188034188
isotonic_regression,test,517,0.6778846153846154
isotonic_regression,test,518,0.5865384615384616
isotonic_regression,test,519,0.6036324786324787
isotonic_regression,test,520,0.7003205128205128
isotonic_regression,test,521,0.6762820512820513
isotonic_regression,test,522,0.7238247863247863
isotonic_regression,test,523,0.6655982905982907
isotonic_regression,test,524,0.6549145299145299
isotonic_regression,test,525,0.6955128205128206
isotonic_regression,test,526,0.6613247863247863
isotonic_regression,test,527,0.6501068376068376
isotonic_regression,test,528,0.749465811965812
isotonic_regression,test,529,0.6009615384615384
isotonic_regression,test,530,0.7350427350427351
isotonic_regression,test,531,0.6324786324786325
isotonic_regression,test,532,0.8333333333333334
isotonic_regression,test,533,0.7313034188034188
isotonic_regression,test,534,0.6522435897435898
isotonic_regression,test,535,0.5806623931623933
isotonic_regression,test,536,0.7745726495726496
isotonic_regression,test,537,0.6490384615384616
isotonic_regression,test,538,0.655982905982906
isotonic_regression,test,539,0.6127136752136753
isotonic_regression,test,540,0.546474358974359
isotonic_regression,test,541,0.7019230769230769
isotonic_regression,test,542,0.6490384615384616
isotonic_regression,test,543,0.7088675213675214
isotonic_regression,test,544,0.5993589743589743
isotonic_regression,test,545,0.7094017094017094
isotonic_regression,test,546,0.6832264957264957
isotonic_regression,test,547,0.6522435897435898
isotonic_regression,test,548,0.7510683760683761
isotonic_regression,test,549,0.7264957264957266
isotonic_regression,test,550,0.7596153846153846
isotonic_regression,test,551,0.8125
isotonic_regression,test,552,0.6992521367521368
isotonic_regression,test,553,0.642094017094017
isotonic_regression,test,554,0.7777777777777778
isotonic_regression,test,555,0.6591880341880342
isotonic_regression,test,556,0.6971153846153847
isotonic_regression,test,557,0.6923076923076923
isotonic_regression,test,558,0.6778846153846154
isotonic_regression,test,559,0.5737179487179487
isotonic_regression,test,560,0.8344017094017094
isotonic_regression,test,561,0.6800213675213675
isotonic_regression,test,562,0.688034188034188
isotonic_regression,test,563,0.8472222222222222
isotonic_regression,test,564,0.655982905982906
isotonic_regression,test,565,0.7019230769230769
isotonic_regression,test,566,0.6164529914529915
isotonic_regression,test,567,0.7916666666666667
isotonic_regression,test,568,0.6832264957264957
isotonic_regression,test,569,0.6506410256410257
isotonic_regression,test,570,0.6762820512820512
isotonic_regression,test,571,0.6634615384615384
isotonic_regression,test,572,0.6549145299145299
isotonic_regression,test,573,0.7628205128205128
isotonic_regression,test,574,0.7131410256410257
isotonic_regression,test,575,0.7158119658119658
isotonic_regression,test,576,0.7382478632478633
isotonic_regression,test,577,0.7131410256410257
isotonic_regression,test,578,0.6057692307692307
isotonic_regression,test,579,0.7313034188034189
isotonic_regression,test,580,0.5491452991452992
isotonic_regression,test,581,0.7740384615384616
isotonic_regression,test,582,0.6292735042735044
isotonic_regression,test,583,0.6314102564102564
isotonic_regression,test,584,0.6821581196581197
isotonic_regression,test,585,0.6842948717948718
isotonic_regression,test,586,0.6522435897435898
isotonic_regression,test,587,0.6858974358974359
isotonic_regression,test,588,0.6266025641025641
isotonic_regression,test,589,0.6639957264957265
isotonic_regression,test,590,0.6506410256410257
isotonic_regression,test,591,0.6447649572649573
isotonic_regression,test,592,0.6639957264957265
isotonic_regression,test,593,0.7248931623931624
isotonic_regression,test,594,0.6891025641025641
isotonic_regression,test,595,0.6858974358974359
isotonic_regression,test,596,0.6826923076923077
isotonic_regression,test,597,0.7174145299145299
isotonic_regression,test,598,0.7051282051282051
isotonic_regression,test,599,0.6543803418803419
isotonic_regression,test,600,0.781517094017094
isotonic_regression,test,601,0.5523504273504274
isotonic_regression,test,602,0.6661324786324787
isotonic_regression,test,603,0.7115384615384616
isotonic_regression,test,604,0.6875
isotonic_regression,test,605,0.7291666666666666
isotonic_regression,test,606,0.7120726495726496
isotonic_regression,test,607,0.7574786324786325
isotonic_regression,test,608,0.607905982905983
isotonic_regression,test,609,0.673611111111111
isotonic_regression,test,610,0.7435897435897436
isotonic_regression,test,611,0.7120726495726495
isotonic_regression,test,612,0.7702991452991453
isotonic_regression,test,613,0.5438034188034189
isotonic_regression,test,614,0.6698717948717949
isotonic_regression,test,615,0.6810897435897436
isotonic_regression,test,616,0.6372863247863247
isotonic_regression,test,617,0.6645299145299145
isotonic_regression,test,618,0.6602564102564104
isotonic_regression,test,619,0.7259615384615384
isotonic_regression,test,620,0.7072649572649572
isotonic_regression,test,621,0.6923076923076924
isotonic_regression,test,622,0.7799145299145299
isotonic_regression,test,623,0.6276709401709402
isotonic_regression,test,624,0.6239316239316239
isotonic_regression,test,625,0.6693376068376068
isotonic_regression,test,626,0.607905982905983
isotonic_regression,test,627,0.7232905982905983
isotonic_regression,test,628,0.7083333333333334
isotonic_regression,test,629,0.7841880341880342
isotonic_regression,test,630,0.7206196581196581
isotonic_regression,test,631,0.672542735042735
isotonic_regression,test,632,0.6132478632478633
isotonic_regression,test,633,0.6298076923076923
isotonic_regression,test,634,0.7462606837606838
isotonic_regression,test,635,0.6778846153846154
isotonic_regression,test,636,0.6586538461538461
isotonic_regression,test,637,0.6826923076923077
isotonic_regression,test,638,0.6153846153846154
isotonic_regression,test,639,0.6533119658119658
isotonic_regression,test,640,0.641025641025641
isotonic_regression,test,641,0.7686965811965812
isotonic_regression,test,642,0.6196581196581196
isotonic_regression,test,643,0.6469017094017093
isotonic_regression,test,644,0.7980769230769231
isotonic_regression,test,645,0.6613247863247863
isotonic_regression,test,646,0.7948717948717949
isotonic_regression,test,647,0.6992521367521367
isotonic_regression,test,648,0.733974358974359
isotonic_regression,test,649,0.5427350427350427
isotonic_regression,test,650,0.6591880341880342
isotonic_regression,test,651,0.7366452991452992
isotonic_regression,test,652,0.7008547008547008
isotonic_regression,test,653,0.6688034188034189
isotonic_regression,test,654,0.7510683760683761
isotonic_regression,test,655,0.7857905982905983
isotonic_regression,test,656,0.5550213675213675
isotonic_regression,test,657,0.7120726495726496
isotonic_regression,test,658,0.6292735042735043
isotonic_regression,test,659,0.719017094017094
isotonic_regression,test,660,0.5470085470085471
isotonic_regression,test,661,0.5838675213675214
isotonic_regression,test,662,0.7275641025641025
isotonic_regression,test,663,0.7841880341880342
isotonic_regression,test,664,0.7051282051282051
isotonic_regression,test,665,0.7115384615384616
isotonic_regression,test,666,0.7200854700854701
isotonic_regression,test,667,0.7083333333333334
isotonic_regression,test,668,0.6201923076923077
isotonic_regression,test,669,0.6527777777777778
isotonic_regression,test,670,0.6591880341880342
isotonic_regression,test,671,0.7275641025641026
isotonic_regression,test,672,0.6479700854700855
isotonic_regression,test,673,0.5790598290598291
isotonic_regression,test,674,0.7019230769230769
isotonic_regression,test,675,0.5833333333333334
isotonic_regression,test,676,0.6073717948717948
isotonic_regression,test,677,0.7430555555555556
isotonic_regression,test,678,0.688034188034188
isotonic_regression,test,679,0.6549145299145299
isotonic_regression,test,680,0.6987179487179487
isotonic_regression,test,681,0.6826923076923077
isotonic_regression,test,682,0.7590811965811965
isotonic_regression,test,683,0.5876068376068375
isotonic_regression,test,684,0.6816239316239316
isotonic_regression,test,685,0.702991452991453
isotonic_regression,test,686,0.6864316239316239
isotonic_regression,test,687,0.7654914529914529
isotonic_regression,test,688,0.7099358974358975
isotonic_regression,test,689,0.6452991452991453
isotonic_regression,test,690,0.641025641025641
isotonic_regression,test,691,0.6223290598290598
isotonic_regression,test,692,0.6746794871794872
isotonic_regression,test,693,0.8092948717948718
isotonic_regression,test,694,0.6458333333333333
isotonic_regression,test,695,0.7537393162393162
isotonic_regression,test,696,0.6063034188034189
isotonic_regression,test,697,0.5865384615384616
isotonic_regression,test,698,0.704594017094017
isotonic_regression,test,699,0.6682692307692307
isotonic_regression,test,700,0.6842948717948718
isotonic_regression,test,701,0.718482905982906
isotonic_regression,test,702,0.6340811965811967
isotonic_regression,test,703,0.7168803418803419
isotonic_regression,test,704,0.733974358974359
isotonic_regression,test,705,0.6853632478632479
isotonic_regression,test,706,0.6474358974358975
isotonic_regression,test,707,0.6837606837606838
isotonic_regression,test,708,0.721153846153846
isotonic_regression,test,709,0.704059829059829
isotonic_regression,test,710,0.6014957264957265
isotonic_regression,test,711,0.688034188034188
isotonic_regression,test,712,0.6495726495726495
isotonic_regression,test,713,0.701923076923077
isotonic_regression,test,714,0.7120726495726496
isotonic_regression,test,715,0.5881410256410258
isotonic_regression,test,716,0.5998931623931624
isotonic_regression,test,717,0.6324786324786325
isotonic_regression,test,718,0.7323717948717948
isotonic_regression,test,719,0.7489316239316239
isotonic_regression,test,720,0.6452991452991453
isotonic_regression,test,721,0.6677350427350427
isotonic_regression,test,722,0.6148504273504274
isotonic_regression,test,723,0.6853632478632478
isotonic_regression,test,724,0.7398504273504274
isotonic_regression,test,725,0.6639957264957265
isotonic_regression,test,726,0.7040598290598291
isotonic_regression,test,727,0.6997863247863247
isotonic_regression,test,728,0.6581196581196581
isotonic_regression,test,729,0.6420940170940171
isotonic_regression,test,730,0.7569444444444444
isotonic_regression,test,731,0.6912393162393162
isotonic_regression,test,732,0.5972222222222222
isotonic_regression,test,733,0.6271367521367521
isotonic_regression,test,734,0.6490384615384616
isotonic_regression,test,735,0.6586538461538461
isotonic_regression,test,736,0.6896367521367521
isotonic_regression,test,737,0.7489316239316239
isotonic_regression,test,738,0.4887820512820513
isotonic_regression,test,739,0.7131410256410257
isotonic_regression,test,740,0.703525641025641
isotonic_regression,test,741,0.6506410256410258
isotonic_regression,test,742,0.7483974358974359
isotonic_regression,test,743,0.7430555555555556
isotonic_regression,test,744,0.6778846153846154
isotonic_regression,test,745,0.7751068376068376
isotonic_regression,test,746,0.6597222222222222
isotonic_regression,test,747,0.5849358974358974
isotonic_regression,test,748,0.6672008547008548
isotonic_regression,test,749,0.6955128205128205
isotonic_regression,test,750,0.6661324786324787
isotonic_regression,test,751,0.6965811965811965
isotonic_regression,test,752,0.7275641025641025
isotonic_regression,test,753,0.5352564102564104
isotonic_regression,test,754,0.6367521367521367
isotonic_regression,test,755,0.7286324786324786
isotonic_regression,test,756,0.8333333333333333
isotonic_regression,test,757,0.6688034188034189
isotonic_regression,test,758,0.702991452991453
isotonic_regression,test,759,0.6185897435897436
isotonic_regression,test,760,0.6597222222222222
isotonic_regression,test,761,0.7067307692307693
isotonic_regression,test,762,0.7152777777777778
isotonic_regression,test,763,0.6901709401709402
isotonic_regression,test,764,0.5838675213675214
isotonic_regression,test,765,0.6960470085470085
isotonic_regression,test,766,0.6842948717948718
isotonic_regression,test,767,0.7147435897435898
isotonic_regression,test,768,0.6191239316239318
isotonic_regression,test,769,0.7206196581196581
isotonic_regression,test,770,0.7435897435897436
isotonic_regression,test,771,0.6404914529914529
isotonic_regression,test,772,0.7307692307692307
isotonic_regression,test,773,0.7590811965811965
isotonic_regression,test,774,0.6303418803418803
isotonic_regression,test,775,0.6575854700854701
isotonic_regression,test,776,0.6992521367521368
isotonic_regression,test,777,0.6816239316239316
isotonic_regression,test,778,0.7190170940170941
isotonic_regression,test,779,0.6538461538461539
isotonic_regression,test,780,0.7067307692307693
isotonic_regression,test,781,0.7297008547008547
isotonic_regression,test,782,0.6527777777777778
isotonic_regression,test,783,0.6741452991452992
isotonic_regression,test,784,0.6832264957264957
isotonic_regression,test,785,0.6063034188034189
isotonic_regression,test,786,0.7077991452991452
isotonic_regression,test,787,0.5881410256410255
isotonic_regression,test,788,0.6367521367521367
isotonic_regression,test,789,0.6853632478632479
isotonic_regression,test,790,0.7719017094017094
isotonic_regression,test,791,0.5373931623931624
isotonic_regression,test,792,0.6079059829059829
isotonic_regression,test,793,0.6602564102564102
isotonic_regression,test,794,0.7163461538461539
isotonic_regression,test,795,0.7131410256410257
isotonic_regression,test,796,0.6223290598290598
isotonic_regression,test,797,0.6116452991452992
isotonic_regression,test,798,0.7077991452991452
isotonic_regression,test,799,0.7622863247863247
isotonic_regression,test,800,0.6885683760683761
isotonic_regression,test,801,0.6356837606837606
isotonic_regression,test,802,0.40544871794871795
isotonic_regression,test,803,0.6324786324786325
isotonic_regression,test,804,0.6837606837606838
isotonic_regression,test,805,0.7307692307692307
isotonic_regression,test,806,0.7280982905982907
isotonic_regression,test,807,0.6987179487179487
isotonic_regression,test,808,0.6041666666666666
isotonic_regression,test,809,0.6308760683760684
isotonic_regression,test,810,0.6533119658119658
isotonic_regression,test,811,0.7297008547008547
isotonic_regression,test,812,0.5870726495726495
isotonic_regression,test,813,0.7435897435897436
isotonic_regression,test,814,0.6629273504273504
isotonic_regression,test,815,0.5625
isotonic_regression,test,816,0.6971153846153846
isotonic_regression,test,817,0.7569444444444444
isotonic_regression,test,818,0.6917735042735043
isotonic_regression,test,819,0.6832264957264957
isotonic_regression,test,820,0.6757478632478633
isotonic_regression,test,821,0.7617521367521367
isotonic_regression,test,822,0.5827991452991453
isotonic_regression,test,823,0.6404914529914529
isotonic_regression,test,824,0.5667735042735043
isotonic_regression,test,825,0.6891025641025642
isotonic_regression,test,826,0.7553418803418803
isotonic_regression,test,827,0.7061965811965812
isotonic_regression,test,828,0.6965811965811965
isotonic_regression,test,829,0.6736111111111112
isotonic_regression,test,830,0.6527777777777778
isotonic_regression,test,831,0.6314102564102564
isotonic_regression,test,832,0.7297008547008547
isotonic_regression,test,833,0.6527777777777778
isotonic_regression,test,834,0.5897435897435898
isotonic_regression,test,835,0.639957264957265
isotonic_regression,test,836,0.6330128205128205
isotonic_regression,test,837,0.6517094017094017
isotonic_regression,test,838,0.6271367521367521
isotonic_regression,test,839,0.732905982905983
isotonic_regression,test,840,0.6752136752136751
isotonic_regression,test,841,0.6233974358974359
isotonic_regression,test,842,0.5950854700854701
isotonic_regression,test,843,0.6597222222222223
isotonic_regression,test,844,0.624465811965812
isotonic_regression,test,845,0.5817307692307693
isotonic_regression,test,846,0.5844017094017094
isotonic_regression,test,847,0.6052350427350427
isotonic_regression,test,848,0.6057692307692308
isotonic_regression,test,849,0.7184829059829059
isotonic_regression,test,850,0.7104700854700855
isotonic_regression,test,851,0.7729700854700855
isotonic_regression,test,852,0.576388888888889
isotonic_regression,test,853,0.6436965811965811
isotonic_regression,test,854,0.6928418803418803
isotonic_regression,test,855,0.6175213675213675
isotonic_regression,test,856,0.6709401709401709
isotonic_regression,test,857,0.5128205128205128
isotonic_regression,test,858,0.719551282051282
isotonic_regression,test,859,0.688034188034188
isotonic_regression,test,860,0.6394230769230769
isotonic_regression,test,861,0.6720085470085471
isotonic_regression,test,862,0.655448717948718
isotonic_regression,test,863,0.6217948717948718
isotonic_regression,test,864,0.6143162393162394
isotonic_regression,test,865,0.7313034188034189
isotonic_regression,test,866,0.7596153846153846
isotonic_regression,test,867,0.7248931623931624
isotonic_regression,test,868,0.7222222222222223
isotonic_regression,test,869,0.7238247863247863
isotonic_regression,test,870,0.6175213675213675
isotonic_regression,test,871,0.6554487179487181
isotonic_regression,test,872,0.6645299145299144
isotonic_regression,test,873,0.717948717948718
isotonic_regression,test,874,0.6784188034188035
isotonic_regression,test,875,0.6303418803418803
isotonic_regression,test,876,0.6842948717948718
isotonic_regression,test,877,0.7446581196581197
isotonic_regression,test,878,0.7232905982905984
isotonic_regression,test,879,0.7377136752136753
isotonic_regression,test,880,0.7104700854700855
isotonic_regression,test,881,0.7719017094017094
isotonic_regression,test,882,0.6752136752136753
isotonic_regression,test,883,0.6009615384615385
isotonic_regression,test,884,0.6239316239316239
isotonic_regression,test,885,0.5940170940170941
isotonic_regression,test,886,0.6661324786324786
isotonic_regression,test,887,0.7815170940170939
isotonic_regression,test,888,0.7067307692307692
isotonic_regression,test,889,0.719017094017094
isotonic_regression,test,890,0.6725427350427351
isotonic_regression,test,891,0.594551282051282
isotonic_regression,test,892,0.8146367521367521
isotonic_regression,test,893,0.6789529914529915
isotonic_regression,test,894,0.6575854700854701
isotonic_regression,test,895,0.6757478632478633
isotonic_regression,test,896,0.6180555555555556
isotonic_regression,test,897,0.6875
isotonic_regression,test,898,0.7596153846153846
isotonic_regression,test,899,0.7248931623931624
isotonic_regression,test,900,0.6784188034188035
isotonic_regression,test,901,0.6896367521367521
isotonic_regression,test,902,0.657051282051282
isotonic_regression,test,903,0.5924145299145299
isotonic_regression,test,904,0.5950854700854702
isotonic_regression,test,905,0.7553418803418803
isotonic_regression,test,906,0.670940170940171
isotonic_regression,test,907,0.6955128205128205
isotonic_regression,test,908,0.6527777777777778
isotonic_regression,test,909,0.6944444444444444
isotonic_regression,test,910,0.6981837606837608
isotonic_regression,test,911,0.624465811965812
isotonic_regression,test,912,0.749465811965812
isotonic_regression,test,913,0.6741452991452991
isotonic_regression,test,914,0.6677350427350428
isotonic_regression,test,915,0.7019230769230769
isotonic_regression,test,916,0.6089743589743589
isotonic_regression,test,917,0.6420940170940171
isotonic_regression,test,918,0.7029914529914529
isotonic_regression,test,919,0.7307692307692308
isotonic_regression,test,920,0.6997863247863247
isotonic_regression,test,921,0.6228632478632479
isotonic_regression,test,922,0.6730769230769231
isotonic_regression,test,923,0.6976495726495726
isotonic_regression,test,924,0.6148504273504274
isotonic_regression,test,925,0.6960470085470085
isotonic_regression,test,926,0.6303418803418803
isotonic_regression,test,927,0.6543803418803419
isotonic_regression,test,928,0.6677350427350428
isotonic_regression,test,929,0.7350427350427351
isotonic_regression,test,930,0.7569444444444444
isotonic_regression,test,931,0.6848290598290598
isotonic_regression,test,932,0.6463675213675214
isotonic_regression,test,933,0.6864316239316239
isotonic_regression,test,934,0.6207264957264957
isotonic_regression,test,935,0.7019230769230769
isotonic_regression,test,936,0.7243589743589743
isotonic_regression,test,937,0.6618589743589745
isotonic_regression,test,938,0.7158119658119658
isotonic_regression,test,939,0.6832264957264957
isotonic_regression,test,940,0.7216880341880343
isotonic_regression,test,941,0.6805555555555556
isotonic_regression,test,942,0.6452991452991453
isotonic_regression,test,943,0.7777777777777778
isotonic_regression,test,944,0.6784188034188033
isotonic_regression,test,945,0.7644230769230769
isotonic_regression,test,946,0.6762820512820513
isotonic_regression,test,947,0.6517094017094017
isotonic_regression,test,948,0.5737179487179487
isotonic_regression,test,949,0.688034188034188
isotonic_regression,test,950,0.6907051282051282
isotonic_regression,test,951,0.6597222222222223
isotonic_regression,test,952,0.7788461538461539
isotonic_regression,test,953,0.7056623931623932
isotonic_regression,test,954,0.6746794871794872
isotonic_regression,test,955,0.6517094017094017
isotonic_regression,test,956,0.701388888888889
isotonic_regression,test,957,0.7478632478632479
isotonic_regression,test,958,0.6095085470085471
isotonic_regression,test,959,0.6362179487179488
isotonic_regression,test,960,0.5758547008547008
isotonic_regression,test,961,0.6095085470085471
isotonic_regression,test,962,0.6773504273504274
isotonic_regression,test,963,0.6714743589743589
isotonic_regression,test,964,0.671474358974359
isotonic_regression,test,965,0.5710470085470085
isotonic_regression,test,966,0.7302350427350428
isotonic_regression,test,967,0.6239316239316239
isotonic_regression,test,968,0.6298076923076923
isotonic_regression,test,969,0.6506410256410257
isotonic_regression,test,970,0.6452991452991452
isotonic_regression,test,971,0.625
isotonic_regression,test,972,0.7686965811965812
isotonic_regression,test,973,0.6613247863247863
isotonic_regression,test,974,0.7569444444444444
isotonic_regression,test,975,0.7206196581196582
isotonic_regression,test,976,0.6997863247863247
isotonic_regression,test,977,0.8125
isotonic_regression,test,978,0.6650641025641026
isotonic_regression,test,979,0.6228632478632479
isotonic_regression,test,980,0.6378205128205129
isotonic_regression,test,981,0.7350427350427351
isotonic_regression,test,982,0.7377136752136753
isotonic_regression,test,983,0.7606837606837606
isotonic_regression,test,984,0.5747863247863247
isotonic_regression,test,985,0.6752136752136753
isotonic_regression,test,986,0.6169871794871795
isotonic_regression,test,987,0.6629273504273504
isotonic_regression,test,988,0.6864316239316239
isotonic_regression,test,989,0.6832264957264957
isotonic_regression,test,990,0.545405982905983
isotonic_regression,test,991,0.5838675213675214
isotonic_regression,test,992,0.6591880341880342
isotonic_regression,test,993,0.6164529914529914
isotonic_regression,test,994,0.6762820512820513
isotonic_regression,test,995,0.6810897435897436
isotonic_regression,test,996,0.732905982905983
isotonic_regression,test,997,0.6837606837606838
isotonic_regression,test,998,0.78258547008547
isotonic_regression,test,999,0.7313034188034189
isotonic_regression,test,1000,0.7692307692307693
stacking_lr,test,1,0.6346153846153846
stacking_lr,test,2,0.642094017094017
stacking_lr,test,3,0.6143162393162394
stacking_lr,test,4,0.7211538461538463
stacking_lr,test,5,0.6645299145299146
stacking_lr,test,6,0.545940170940171
stacking_lr,test,7,0.6292735042735043
stacking_lr,test,8,0.638888888888889
stacking_lr,test,9,0.6538461538461539
stacking_lr,test,10,0.6901709401709403
stacking_lr,test,11,0.5438034188034188
stacking_lr,test,12,0.7644230769230769
stacking_lr,test,13,0.6586538461538461
stacking_lr,test,14,0.6688034188034188
stacking_lr,test,15,0.5048076923076923
stacking_lr,test,16,0.6645299145299146
stacking_lr,test,17,0.6666666666666667
stacking_lr,test,18,0.7259615384615384
stacking_lr,test,19,0.7329059829059829
stacking_lr,test,20,0.6314102564102564
stacking_lr,test,21,0.6004273504273504
stacking_lr,test,22,0.6848290598290598
stacking_lr,test,23,0.7083333333333334
stacking_lr,test,24,0.6447649572649572
stacking_lr,test,25,0.5726495726495726
stacking_lr,test,26,0.6185897435897436
stacking_lr,test,27,0.625
stacking_lr,test,28,0.782051282051282
stacking_lr,test,29,0.6778846153846154
stacking_lr,test,30,0.7713675213675214
stacking_lr,test,31,0.657051282051282
stacking_lr,test,32,0.6410256410256411
stacking_lr,test,33,0.7510683760683761
stacking_lr,test,34,0.6736111111111112
stacking_lr,test,35,0.6485042735042735
stacking_lr,test,36,0.6602564102564104
stacking_lr,test,37,0.6655982905982906
stacking_lr,test,38,0.6079059829059829
stacking_lr,test,39,0.6858974358974359
stacking_lr,test,40,0.6875
stacking_lr,test,41,0.6169871794871795
stacking_lr,test,42,0.6602564102564102
stacking_lr,test,43,0.6025641025641025
stacking_lr,test,44,0.6014957264957265
stacking_lr,test,45,0.7831196581196581
stacking_lr,test,46,0.6875
stacking_lr,test,47,0.6356837606837608
stacking_lr,test,48,0.6794871794871795
stacking_lr,test,49,0.7104700854700855
stacking_lr,test,50,0.7115384615384616
stacking_lr,test,51,0.6613247863247863
stacking_lr,test,52,0.733974358974359
stacking_lr,test,53,0.6602564102564102
stacking_lr,test,54,0.6912393162393163
stacking_lr,test,55,0.686965811965812
stacking_lr,test,56,0.6517094017094017
stacking_lr,test,57,0.673076923076923
stacking_lr,test,58,0.5694444444444445
stacking_lr,test,59,0.7393162393162394
stacking_lr,test,60,0.5608974358974359
stacking_lr,test,61,0.7585470085470086
stacking_lr,test,62,0.7339743589743589
stacking_lr,test,63,0.6858974358974359
stacking_lr,test,64,0.5982905982905983
stacking_lr,test,65,0.7222222222222223
stacking_lr,test,66,0.7158119658119658
stacking_lr,test,67,0.6955128205128205
stacking_lr,test,68,0.6629273504273504
stacking_lr,test,69,0.6538461538461539
stacking_lr,test,70,0.6933760683760684
stacking_lr,test,71,0.6367521367521368
stacking_lr,test,72,0.6826923076923077
stacking_lr,test,73,0.6164529914529915
stacking_lr,test,74,0.608440170940171
stacking_lr,test,75,0.6858974358974359
stacking_lr,test,76,0.5972222222222222
stacking_lr,test,77,0.7200854700854701
stacking_lr,test,78,0.6826923076923077
stacking_lr,test,79,0.6420940170940171
stacking_lr,test,80,0.657051282051282
stacking_lr,test,81,0.5790598290598291
stacking_lr,test,82,0.5950854700854701
stacking_lr,test,83,0.686965811965812
stacking_lr,test,84,0.5673076923076923
stacking_lr,test,85,0.6655982905982906
stacking_lr,test,86,0.7254273504273504
stacking_lr,test,87,0.6591880341880342
stacking_lr,test,88,0.6452991452991453
stacking_lr,test,89,0.7147435897435898
stacking_lr,test,90,0.7094017094017094
stacking_lr,test,91,0.5870726495726496
stacking_lr,test,92,0.5758547008547008
stacking_lr,test,93,0.7590811965811965
stacking_lr,test,94,0.6987179487179487
stacking_lr,test,95,0.6367521367521367
stacking_lr,test,96,0.6677350427350427
stacking_lr,test,97,0.4786324786324787
stacking_lr,test,98,0.5918803418803419
stacking_lr,test,99,0.5
stacking_lr,test,100,0.5769230769230769
stacking_lr,test,101,0.6618589743589745
stacking_lr,test,102,0.6933760683760684
stacking_lr,test,103,0.6720085470085471
stacking_lr,test,104,0.579059829059829
stacking_lr,test,105,0.611111111111111
stacking_lr,test,106,0.5197649572649572
stacking_lr,test,107,0.6762820512820513
stacking_lr,test,108,0.6111111111111112
stacking_lr,test,109,0.5742521367521367
stacking_lr,test,110,0.642094017094017
stacking_lr,test,111,0.7243589743589743
stacking_lr,test,112,0.6452991452991453
stacking_lr,test,113,0.6623931623931625
stacking_lr,test,114,0.6442307692307693
stacking_lr,test,115,0.6607905982905983
stacking_lr,test,116,0.6762820512820513
stacking_lr,test,117,0.8354700854700854
stacking_lr,test,118,0.7061965811965811
stacking_lr,test,119,0.6736111111111112
stacking_lr,test,120,0.547008547008547
stacking_lr,test,121,0.6164529914529915
stacking_lr,test,122,0.5598290598290598
stacking_lr,test,123,0.7574786324786325
stacking_lr,test,124,0.6912393162393163
stacking_lr,test,125,0.6805555555555556
stacking_lr,test,126,0.6591880341880342
stacking_lr,test,127,0.641025641025641
stacking_lr,test,128,0.6463675213675214
stacking_lr,test,129,0.5454059829059829
stacking_lr,test,130,0.7457264957264957
stacking_lr,test,131,0.5811965811965811
stacking_lr,test,132,0.6217948717948718
stacking_lr,test,133,0.6923076923076923
stacking_lr,test,134,0.7532051282051282
stacking_lr,test,135,0.6586538461538461
stacking_lr,test,136,0.6730769230769231
stacking_lr,test,137,0.673076923076923
stacking_lr,test,138,0.6335470085470085
stacking_lr,test,139,0.6271367521367521
stacking_lr,test,140,0.5694444444444445
stacking_lr,test,141,0.6527777777777778
stacking_lr,test,142,0.6757478632478632
stacking_lr,test,143,0.6837606837606838
stacking_lr,test,144,0.7158119658119658
stacking_lr,test,145,0.6933760683760684
stacking_lr,test,146,0.6463675213675214
stacking_lr,test,147,0.6501068376068376
stacking_lr,test,148,0.6981837606837608
stacking_lr,test,149,0.6987179487179488
stacking_lr,test,150,0.6816239316239316
stacking_lr,test,151,0.6041666666666666
stacking_lr,test,152,0.7702991452991453
stacking_lr,test,153,0.7259615384615385
stacking_lr,test,154,0.5726495726495727
stacking_lr,test,155,0.6976495726495727
stacking_lr,test,156,0.6463675213675213
stacking_lr,test,157,0.5870726495726496
stacking_lr,test,158,0.7072649572649572
stacking_lr,test,159,0.6688034188034189
stacking_lr,test,160,0.6923076923076923
stacking_lr,test,161,0.6394230769230769
stacking_lr,test,162,0.6463675213675213
stacking_lr,test,163,0.7628205128205128
stacking_lr,test,164,0.6773504273504274
stacking_lr,test,165,0.7083333333333333
stacking_lr,test,166,0.6356837606837606
stacking_lr,test,167,0.6704059829059829
stacking_lr,test,168,0.593482905982906
stacking_lr,test,169,0.7692307692307693
stacking_lr,test,170,0.642094017094017
stacking_lr,test,171,0.6378205128205128
stacking_lr,test,172,0.7168803418803419
stacking_lr,test,173,0.594017094017094
stacking_lr,test,174,0.6923076923076923
stacking_lr,test,175,0.5769230769230769
stacking_lr,test,176,0.6666666666666667
stacking_lr,test,177,0.6623931623931624
stacking_lr,test,178,0.7061965811965811
stacking_lr,test,179,0.6773504273504273
stacking_lr,test,180,0.6666666666666666
stacking_lr,test,181,0.7521367521367521
stacking_lr,test,182,0.7371794871794871
stacking_lr,test,183,0.6613247863247863
stacking_lr,test,184,0.7521367521367521
stacking_lr,test,185,0.7638888888888888
stacking_lr,test,186,0.5811965811965812
stacking_lr,test,187,0.5678418803418803
stacking_lr,test,188,0.6891025641025641
stacking_lr,test,189,0.5988247863247863
stacking_lr,test,190,0.6089743589743589
stacking_lr,test,191,0.6923076923076924
stacking_lr,test,192,0.6784188034188035
stacking_lr,test,193,0.7040598290598291
stacking_lr,test,194,0.6260683760683761
stacking_lr,test,195,0.5742521367521368
stacking_lr,test,196,0.6506410256410257
stacking_lr,test,197,0.7019230769230769
stacking_lr,test,198,0.6228632478632479
stacking_lr,test,199,0.6768162393162394
stacking_lr,test,200,0.6356837606837606
stacking_lr,test,201,0.6650641025641025
stacking_lr,test,202,0.7403846153846154
stacking_lr,test,203,0.7061965811965812
stacking_lr,test,204,0.6474358974358975
stacking_lr,test,205,0.7371794871794872
stacking_lr,test,206,0.5886752136752137
stacking_lr,test,207,0.6399572649572649
stacking_lr,test,208,0.7980769230769231
stacking_lr,test,209,0.6698717948717948
stacking_lr,test,210,0.6036324786324786
stacking_lr,test,211,0.5998931623931625
stacking_lr,test,212,0.7446581196581197
stacking_lr,test,213,0.6388888888888888
stacking_lr,test,214,0.6367521367521367
stacking_lr,test,215,0.639423076923077
stacking_lr,test,216,0.655982905982906
stacking_lr,test,217,0.6506410256410257
stacking_lr,test,218,0.6111111111111112
stacking_lr,test,219,0.7008547008547008
stacking_lr,test,220,0.6581196581196581
stacking_lr,test,221,0.483974358974359
stacking_lr,test,222,0.6212606837606838
stacking_lr,test,223,0.6388888888888888
stacking_lr,test,224,0.6655982905982906
stacking_lr,test,225,0.8092948717948718
stacking_lr,test,226,0.6613247863247864
stacking_lr,test,227,0.5822649572649573
stacking_lr,test,228,0.7072649572649573
stacking_lr,test,229,0.6367521367521367
stacking_lr,test,230,0.6688034188034188
stacking_lr,test,231,0.610042735042735
stacking_lr,test,232,0.6100427350427351
stacking_lr,test,233,0.6794871794871794
stacking_lr,test,234,0.6794871794871795
stacking_lr,test,235,0.6340811965811965
stacking_lr,test,236,0.639423076923077
stacking_lr,test,237,0.6105769230769231
stacking_lr,test,238,0.6527777777777778
stacking_lr,test,239,0.6447649572649573
stacking_lr,test,240,0.6410256410256411
stacking_lr,test,241,0.5384615384615385
stacking_lr,test,242,0.7008547008547008
stacking_lr,test,243,0.6629273504273504
stacking_lr,test,244,0.6367521367521367
stacking_lr,test,245,0.6159188034188035
stacking_lr,test,246,0.6607905982905983
stacking_lr,test,247,0.7254273504273504
stacking_lr,test,248,0.4716880341880342
stacking_lr,test,249,0.5625
stacking_lr,test,250,0.6399572649572649
stacking_lr,test,251,0.5897435897435898
stacking_lr,test,252,0.6217948717948718
stacking_lr,test,253,0.670940170940171
stacking_lr,test,254,0.6260683760683761
stacking_lr,test,255,0.6688034188034188
stacking_lr,test,256,0.6570512820512822
stacking_lr,test,257,0.6458333333333334
stacking_lr,test,258,0.7222222222222222
stacking_lr,test,259,0.6826923076923077
stacking_lr,test,260,0.7259615384615384
stacking_lr,test,261,0.7596153846153846
stacking_lr,test,262,0.6121794871794871
stacking_lr,test,263,0.6004273504273504
stacking_lr,test,264,0.7387820512820513
stacking_lr,test,265,0.686965811965812
stacking_lr,test,266,0.6164529914529915
stacking_lr,test,267,0.6901709401709402
stacking_lr,test,268,0.6458333333333334
stacking_lr,test,269,0.6581196581196581
stacking_lr,test,270,0.6688034188034188
stacking_lr,test,271,0.6901709401709402
stacking_lr,test,272,0.764423076923077
stacking_lr,test,273,0.6367521367521367
stacking_lr,test,274,0.6132478632478632
stacking_lr,test,275,0.7387820512820513
stacking_lr,test,276,0.6976495726495727
stacking_lr,test,277,0.7414529914529915
stacking_lr,test,278,0.7126068376068376
stacking_lr,test,279,0.6762820512820513
stacking_lr,test,280,0.625
stacking_lr,test,281,0.6004273504273504
stacking_lr,test,282,0.6442307692307692
stacking_lr,test,283,0.7019230769230769
stacking_lr,test,284,0.5908119658119658
stacking_lr,test,285,0.6891025641025641
stacking_lr,test,286,0.7275641025641025
stacking_lr,test,287,0.6826923076923077
stacking_lr,test,288,0.6196581196581197
stacking_lr,test,289,0.5822649572649572
stacking_lr,test,290,0.7286324786324787
stacking_lr,test,291,0.6469017094017094
stacking_lr,test,292,0.7259615384615385
stacking_lr,test,293,0.639957264957265
stacking_lr,test,294,0.6201923076923076
stacking_lr,test,295,0.6645299145299145
stacking_lr,test,296,0.6132478632478633
stacking_lr,test,297,0.6730769230769231
stacking_lr,test,298,0.608974358974359
stacking_lr,test,299,0.5865384615384616
stacking_lr,test,300,0.7670940170940171
stacking_lr,test,301,0.7115384615384616
stacking_lr,test,302,0.655982905982906
stacking_lr,test,303,0.6036324786324786
stacking_lr,test,304,0.5502136752136753
stacking_lr,test,305,0.6570512820512822
stacking_lr,test,306,0.5897435897435896
stacking_lr,test,307,0.594551282051282
stacking_lr,test,308,0.6485042735042735
stacking_lr,test,309,0.6805555555555556
stacking_lr,test,310,0.6410256410256411
stacking_lr,test,311,0.8012820512820513
stacking_lr,test,312,0.6399572649572649
stacking_lr,test,313,0.5833333333333333
stacking_lr,test,314,0.6217948717948718
stacking_lr,test,315,0.6666666666666666
stacking_lr,test,316,0.7163461538461539
stacking_lr,test,317,0.6709401709401709
stacking_lr,test,318,0.6688034188034188
stacking_lr,test,319,0.6303418803418803
stacking_lr,test,320,0.6655982905982906
stacking_lr,test,321,0.7377136752136753
stacking_lr,test,322,0.7467948717948718
stacking_lr,test,323,0.6677350427350428
stacking_lr,test,324,0.5699786324786325
stacking_lr,test,325,0.7355769230769231
stacking_lr,test,326,0.7211538461538463
stacking_lr,test,327,0.6832264957264957
stacking_lr,test,328,0.5721153846153846
stacking_lr,test,329,0.6506410256410257
stacking_lr,test,330,0.6955128205128205
stacking_lr,test,331,0.6912393162393163
stacking_lr,test,332,0.4935897435897436
stacking_lr,test,333,0.5491452991452991
stacking_lr,test,334,0.7061965811965812
stacking_lr,test,335,0.6292735042735043
stacking_lr,test,336,0.6137820512820513
stacking_lr,test,337,0.6730769230769231
stacking_lr,test,338,0.6404914529914529
stacking_lr,test,339,0.6292735042735043
stacking_lr,test,340,0.6399572649572649
stacking_lr,test,341,0.638888888888889
stacking_lr,test,342,0.7441239316239318
stacking_lr,test,343,0.5277777777777777
stacking_lr,test,344,0.7361111111111112
stacking_lr,test,345,0.6517094017094017
stacking_lr,test,346,0.6517094017094017
stacking_lr,test,347,0.5790598290598291
stacking_lr,test,348,0.5074786324786325
stacking_lr,test,349,0.5608974358974359
stacking_lr,test,350,0.688034188034188
stacking_lr,test,351,0.6666666666666666
stacking_lr,test,352,0.7297008547008547
stacking_lr,test,353,0.6314102564102564
stacking_lr,test,354,0.5961538461538461
stacking_lr,test,355,0.6987179487179487
stacking_lr,test,356,0.655982905982906
stacking_lr,test,357,0.6773504273504274
stacking_lr,test,358,0.5523504273504274
stacking_lr,test,359,0.6533119658119658
stacking_lr,test,360,0.5966880341880342
stacking_lr,test,361,0.6933760683760685
stacking_lr,test,362,0.6132478632478633
stacking_lr,test,363,0.6116452991452992
stacking_lr,test,364,0.6923076923076923
stacking_lr,test,365,0.6495726495726495
stacking_lr,test,366,0.6623931623931625
stacking_lr,test,367,0.6367521367521368
stacking_lr,test,368,0.6987179487179488
stacking_lr,test,369,0.6212606837606838
stacking_lr,test,370,0.6741452991452992
stacking_lr,test,371,0.5950854700854701
stacking_lr,test,372,0.5523504273504273
stacking_lr,test,373,0.6661324786324787
stacking_lr,test,374,0.7361111111111112
stacking_lr,test,375,0.732905982905983
stacking_lr,test,376,0.6420940170940171
stacking_lr,test,377,0.7008547008547009
stacking_lr,test,378,0.5822649572649573
stacking_lr,test,379,0.6388888888888888
stacking_lr,test,380,0.6933760683760684
stacking_lr,test,381,0.6335470085470085
stacking_lr,test,382,0.6068376068376069
stacking_lr,test,383,0.639957264957265
stacking_lr,test,384,0.5854700854700855
stacking_lr,test,385,0.734508547008547
stacking_lr,test,386,0.6282051282051282
stacking_lr,test,387,0.6442307692307692
stacking_lr,test,388,0.6319444444444444
stacking_lr,test,389,0.5603632478632479
stacking_lr,test,390,0.6356837606837606
stacking_lr,test,391,0.7115384615384616
stacking_lr,test,392,0.6864316239316239
stacking_lr,test,393,0.7083333333333333
stacking_lr,test,394,0.6826923076923077
stacking_lr,test,395,0.7580128205128205
stacking_lr,test,396,0.641025641025641
stacking_lr,test,397,0.6538461538461539
stacking_lr,test,398,0.6661324786324787
stacking_lr,test,399,0.6260683760683761
stacking_lr,test,400,0.6004273504273504
stacking_lr,test,401,0.5908119658119658
stacking_lr,test,402,0.6955128205128205
stacking_lr,test,403,0.6677350427350428
stacking_lr,test,404,0.719017094017094
stacking_lr,test,405,0.5865384615384616
stacking_lr,test,406,0.6688034188034188
stacking_lr,test,407,0.5224358974358975
stacking_lr,test,408,0.7692307692307693
stacking_lr,test,409,0.6217948717948718
stacking_lr,test,410,0.6805555555555556
stacking_lr,test,411,0.6356837606837606
stacking_lr,test,412,0.6666666666666666
stacking_lr,test,413,0.5641025641025641
stacking_lr,test,414,0.6485042735042735
stacking_lr,test,415,0.6955128205128205
stacking_lr,test,416,0.6549145299145299
stacking_lr,test,417,0.5950854700854702
stacking_lr,test,418,0.6490384615384615
stacking_lr,test,419,0.6645299145299145
stacking_lr,test,420,0.6014957264957265
stacking_lr,test,421,0.704059829059829
stacking_lr,test,422,0.6463675213675214
stacking_lr,test,423,0.6634615384615384
stacking_lr,test,424,0.6153846153846154
stacking_lr,test,425,0.6923076923076923
stacking_lr,test,426,0.6474358974358974
stacking_lr,test,427,0.6645299145299146
stacking_lr,test,428,0.7104700854700855
stacking_lr,test,429,0.5844017094017093
stacking_lr,test,430,0.6185897435897436
stacking_lr,test,431,0.6773504273504274
stacking_lr,test,432,0.7275641025641026
stacking_lr,test,433,0.6287393162393162
stacking_lr,test,434,0.5961538461538463
stacking_lr,test,435,0.5972222222222222
stacking_lr,test,436,0.6036324786324786
stacking_lr,test,437,0.6490384615384616
stacking_lr,test,438,0.6955128205128205
stacking_lr,test,439,0.7061965811965812
stacking_lr,test,440,0.593482905982906
stacking_lr,test,441,0.6821581196581197
stacking_lr,test,442,0.7302350427350427
stacking_lr,test,443,0.5982905982905983
stacking_lr,test,444,0.5934829059829061
stacking_lr,test,445,0.673076923076923
stacking_lr,test,446,0.7232905982905983
stacking_lr,test,447,0.6816239316239316
stacking_lr,test,448,0.6303418803418803
stacking_lr,test,449,0.6490384615384615
stacking_lr,test,450,0.5886752136752137
stacking_lr,test,451,0.6725427350427351
stacking_lr,test,452,0.6784188034188035
stacking_lr,test,453,0.5811965811965811
stacking_lr,test,454,0.6308760683760684
stacking_lr,test,455,0.6362179487179488
stacking_lr,test,456,0.5363247863247863
stacking_lr,test,457,0.6965811965811965
stacking_lr,test,458,0.6992521367521368
stacking_lr,test,459,0.6976495726495726
stacking_lr,test,460,0.6111111111111112
stacking_lr,test,461,0.6773504273504274
stacking_lr,test,462,0.6912393162393162
stacking_lr,test,463,0.6020299145299145
stacking_lr,test,464,0.5512820512820513
stacking_lr,test,465,0.6784188034188035
stacking_lr,test,466,0.7126068376068376
stacking_lr,test,467,0.7275641025641026
stacking_lr,test,468,0.7104700854700855
stacking_lr,test,469,0.6805555555555556
stacking_lr,test,470,0.6901709401709402
stacking_lr,test,471,0.6127136752136753
stacking_lr,test,472,0.6431623931623932
stacking_lr,test,473,0.6575854700854701
stacking_lr,test,474,0.6100427350427351
stacking_lr,test,475,0.7297008547008547
stacking_lr,test,476,0.7489316239316239
stacking_lr,test,477,0.6944444444444444
stacking_lr,test,478,0.7259615384615384
stacking_lr,test,479,0.5769230769230769
stacking_lr,test,480,0.6762820512820512
stacking_lr,test,481,0.6404914529914529
stacking_lr,test,482,0.7126068376068376
stacking_lr,test,483,0.6452991452991452
stacking_lr,test,484,0.7083333333333333
stacking_lr,test,485,0.640491452991453
stacking_lr,test,486,0.7414529914529915
stacking_lr,test,487,0.6613247863247864
stacking_lr,test,488,0.7532051282051281
stacking_lr,test,489,0.7467948717948718
stacking_lr,test,490,0.688034188034188
stacking_lr,test,491,0.6837606837606838
stacking_lr,test,492,0.6495726495726496
stacking_lr,test,493,0.765491452991453
stacking_lr,test,494,0.6036324786324786
stacking_lr,test,495,0.6260683760683761
stacking_lr,test,496,0.6431623931623932
stacking_lr,test,497,0.6923076923076924
stacking_lr,test,498,0.7542735042735043
stacking_lr,test,499,0.5940170940170941
stacking_lr,test,500,0.702991452991453
stacking_lr,test,501,0.5892094017094017
stacking_lr,test,502,0.6153846153846154
stacking_lr,test,503,0.7841880341880342
stacking_lr,test,504,0.6987179487179487
stacking_lr,test,505,0.6901709401709402
stacking_lr,test,506,0.702991452991453
stacking_lr,test,507,0.47435897435897434
stacking_lr,test,508,0.5662393162393162
stacking_lr,test,509,0.6634615384615384
stacking_lr,test,510,0.6207264957264956
stacking_lr,test,511,0.6752136752136753
stacking_lr,test,512,0.5299145299145299
stacking_lr,test,513,0.6367521367521367
stacking_lr,test,514,0.702457264957265
stacking_lr,test,515,0.7521367521367521
stacking_lr,test,516,0.670405982905983
stacking_lr,test,517,0.6805555555555556
stacking_lr,test,518,0.5924145299145299
stacking_lr,test,519,0.5721153846153847
stacking_lr,test,520,0.7094017094017094
stacking_lr,test,521,0.7147435897435898
stacking_lr,test,522,0.7104700854700854
stacking_lr,test,523,0.6645299145299145
stacking_lr,test,524,0.6597222222222222
stacking_lr,test,525,0.6378205128205129
stacking_lr,test,526,0.6858974358974359
stacking_lr,test,527,0.5918803418803419
stacking_lr,test,528,0.7537393162393162
stacking_lr,test,529,0.6303418803418803
stacking_lr,test,530,0.7227564102564102
stacking_lr,test,531,0.6346153846153846
stacking_lr,test,532,0.8173076923076923
stacking_lr,test,533,0.6773504273504274
stacking_lr,test,534,0.6655982905982906
stacking_lr,test,535,0.545940170940171
stacking_lr,test,536,0.6682692307692308
stacking_lr,test,537,0.6549145299145299
stacking_lr,test,538,0.639957264957265
stacking_lr,test,539,0.5635683760683761
stacking_lr,test,540,0.5352564102564102
stacking_lr,test,541,0.6912393162393162
stacking_lr,test,542,0.6314102564102564
stacking_lr,test,543,0.6645299145299145
stacking_lr,test,544,0.6298076923076923
stacking_lr,test,545,0.6591880341880342
stacking_lr,test,546,0.6629273504273504
stacking_lr,test,547,0.6057692307692307
stacking_lr,test,548,0.7211538461538461
stacking_lr,test,549,0.7061965811965811
stacking_lr,test,550,0.8002136752136753
stacking_lr,test,551,0.7131410256410257
stacking_lr,test,552,0.7061965811965812
stacking_lr,test,553,0.5961538461538461
stacking_lr,test,554,0.7745726495726496
stacking_lr,test,555,0.6292735042735043
stacking_lr,test,556,0.6939102564102564
stacking_lr,test,557,0.6885683760683761
stacking_lr,test,558,0.6527777777777778
stacking_lr,test,559,0.5256410256410257
stacking_lr,test,560,0.8023504273504274
stacking_lr,test,561,0.6987179487179487
stacking_lr,test,562,0.6581196581196582
stacking_lr,test,563,0.8183760683760684
stacking_lr,test,564,0.6634615384615384
stacking_lr,test,565,0.6613247863247863
stacking_lr,test,566,0.6047008547008547
stacking_lr,test,567,0.7521367521367521
stacking_lr,test,568,0.5908119658119658
stacking_lr,test,569,0.6207264957264957
stacking_lr,test,570,0.657051282051282
stacking_lr,test,571,0.6394230769230769
stacking_lr,test,572,0.5924145299145299
stacking_lr,test,573,0.6955128205128205
stacking_lr,test,574,0.704059829059829
stacking_lr,test,575,0.6666666666666667
stacking_lr,test,576,0.6933760683760684
stacking_lr,test,577,0.7136752136752137
stacking_lr,test,578,0.5502136752136753
stacking_lr,test,579,0.720619658119658
stacking_lr,test,580,0.5603632478632479
stacking_lr,test,581,0.8002136752136753
stacking_lr,test,582,0.6164529914529914
stacking_lr,test,583,0.6143162393162394
stacking_lr,test,584,0.6549145299145299
stacking_lr,test,585,0.686965811965812
stacking_lr,test,586,0.6452991452991453
stacking_lr,test,587,0.6677350427350428
stacking_lr,test,588,0.5860042735042735
stacking_lr,test,589,0.6298076923076923
stacking_lr,test,590,0.657051282051282
stacking_lr,test,591,0.6068376068376068
stacking_lr,test,592,0.6378205128205129
stacking_lr,test,593,0.6538461538461539
stacking_lr,test,594,0.6201923076923077
stacking_lr,test,595,0.733974358974359
stacking_lr,test,596,0.6661324786324786
stacking_lr,test,597,0.7126068376068376
stacking_lr,test,598,0.7061965811965812
stacking_lr,test,599,0.6533119658119658
stacking_lr,test,600,0.7425213675213675
stacking_lr,test,601,0.5491452991452992
stacking_lr,test,602,0.5870726495726496
stacking_lr,test,603,0.7126068376068376
stacking_lr,test,604,0.641025641025641
stacking_lr,test,605,0.6912393162393162
stacking_lr,test,606,0.6944444444444445
stacking_lr,test,607,0.7163461538461539
stacking_lr,test,608,0.579059829059829
stacking_lr,test,609,0.6538461538461539
stacking_lr,test,610,0.7158119658119658
stacking_lr,test,611,0.6340811965811965
stacking_lr,test,612,0.6805555555555555
stacking_lr,test,613,0.5726495726495726
stacking_lr,test,614,0.6047008547008548
stacking_lr,test,615,0.6688034188034189
stacking_lr,test,616,0.6527777777777778
stacking_lr,test,617,0.6762820512820512
stacking_lr,test,618,0.6143162393162394
stacking_lr,test,619,0.7254273504273504
stacking_lr,test,620,0.6816239316239316
stacking_lr,test,621,0.656517094017094
stacking_lr,test,622,0.7756410256410255
stacking_lr,test,623,0.608974358974359
stacking_lr,test,624,0.5726495726495726
stacking_lr,test,625,0.641025641025641
stacking_lr,test,626,0.6933760683760684
stacking_lr,test,627,0.6549145299145299
stacking_lr,test,628,0.688034188034188
stacking_lr,test,629,0.7719017094017094
stacking_lr,test,630,0.6965811965811967
stacking_lr,test,631,0.6645299145299146
stacking_lr,test,632,0.6346153846153846
stacking_lr,test,633,0.6057692307692307
stacking_lr,test,634,0.704059829059829
stacking_lr,test,635,0.6720085470085471
stacking_lr,test,636,0.6335470085470086
stacking_lr,test,637,0.655448717948718
stacking_lr,test,638,0.5683760683760684
stacking_lr,test,639,0.6089743589743589
stacking_lr,test,640,0.6404914529914529
stacking_lr,test,641,0.6837606837606838
stacking_lr,test,642,0.5876068376068376
stacking_lr,test,643,0.670940170940171
stacking_lr,test,644,0.7553418803418803
stacking_lr,test,645,0.7104700854700855
stacking_lr,test,646,0.7489316239316239
stacking_lr,test,647,0.6709401709401709
stacking_lr,test,648,0.7094017094017094
stacking_lr,test,649,0.48985042735042733
stacking_lr,test,650,0.6538461538461539
stacking_lr,test,651,0.717948717948718
stacking_lr,test,652,0.7275641025641026
stacking_lr,test,653,0.6773504273504274
stacking_lr,test,654,0.7211538461538461
stacking_lr,test,655,0.7617521367521368
stacking_lr,test,656,0.500534188034188
stacking_lr,test,657,0.7435897435897435
stacking_lr,test,658,0.594017094017094
stacking_lr,test,659,0.655982905982906
stacking_lr,test,660,0.5496794871794871
stacking_lr,test,661,0.5491452991452991
stacking_lr,test,662,0.7382478632478632
stacking_lr,test,663,0.7019230769230769
stacking_lr,test,664,0.6997863247863247
stacking_lr,test,665,0.7051282051282051
stacking_lr,test,666,0.6634615384615385
stacking_lr,test,667,0.7248931623931624
stacking_lr,test,668,0.6068376068376068
stacking_lr,test,669,0.6527777777777778
stacking_lr,test,670,0.6463675213675214
stacking_lr,test,671,0.7435897435897436
stacking_lr,test,672,0.6688034188034189
stacking_lr,test,673,0.5224358974358975
stacking_lr,test,674,0.6378205128205128
stacking_lr,test,675,0.5539529914529915
stacking_lr,test,676,0.5860042735042734
stacking_lr,test,677,0.7457264957264956
stacking_lr,test,678,0.6549145299145299
stacking_lr,test,679,0.6260683760683761
stacking_lr,test,680,0.6319444444444444
stacking_lr,test,681,0.6623931623931624
stacking_lr,test,682,0.7516025641025641
stacking_lr,test,683,0.6153846153846153
stacking_lr,test,684,0.6837606837606838
stacking_lr,test,685,0.6955128205128205
stacking_lr,test,686,0.6623931623931625
stacking_lr,test,687,0.7077991452991452
stacking_lr,test,688,0.7110042735042734
stacking_lr,test,689,0.642094017094017
stacking_lr,test,690,0.5651709401709402
stacking_lr,test,691,0.609508547008547
stacking_lr,test,692,0.6944444444444444
stacking_lr,test,693,0.8002136752136751
stacking_lr,test,694,0.5833333333333333
stacking_lr,test,695,0.7574786324786326
stacking_lr,test,696,0.6047008547008547
stacking_lr,test,697,0.6014957264957266
stacking_lr,test,698,0.7532051282051282
stacking_lr,test,699,0.6485042735042735
stacking_lr,test,700,0.7019230769230769
stacking_lr,test,701,0.6987179487179487
stacking_lr,test,702,0.5956196581196581
stacking_lr,test,703,0.7297008547008548
stacking_lr,test,704,0.6912393162393162
stacking_lr,test,705,0.6810897435897436
stacking_lr,test,706,0.5576923076923077
stacking_lr,test,707,0.5988247863247863
stacking_lr,test,708,0.7275641025641025
stacking_lr,test,709,0.6404914529914529
stacking_lr,test,710,0.5801282051282052
stacking_lr,test,711,0.6517094017094017
stacking_lr,test,712,0.6730769230769231
stacking_lr,test,713,0.6356837606837608
stacking_lr,test,714,0.7019230769230769
stacking_lr,test,715,0.5662393162393162
stacking_lr,test,716,0.5758547008547009
stacking_lr,test,717,0.6442307692307692
stacking_lr,test,718,0.6816239316239316
stacking_lr,test,719,0.7200854700854701
stacking_lr,test,720,0.610576923076923
stacking_lr,test,721,0.6666666666666667
stacking_lr,test,722,0.6292735042735043
stacking_lr,test,723,0.6185897435897436
stacking_lr,test,724,0.7008547008547009
stacking_lr,test,725,0.6132478632478633
stacking_lr,test,726,0.7029914529914529
stacking_lr,test,727,0.6784188034188035
stacking_lr,test,728,0.6111111111111112
stacking_lr,test,729,0.6399572649572649
stacking_lr,test,730,0.7142094017094017
stacking_lr,test,731,0.6324786324786325
stacking_lr,test,732,0.6623931623931624
stacking_lr,test,733,0.6688034188034188
stacking_lr,test,734,0.611111111111111
stacking_lr,test,735,0.5993589743589743
stacking_lr,test,736,0.6965811965811965
stacking_lr,test,737,0.7938034188034189
stacking_lr,test,738,0.4321581196581197
stacking_lr,test,739,0.6826923076923077
stacking_lr,test,740,0.6335470085470085
stacking_lr,test,741,0.6821581196581197
stacking_lr,test,742,0.6997863247863247
stacking_lr,test,743,0.7414529914529915
stacking_lr,test,744,0.6832264957264957
stacking_lr,test,745,0.7724358974358975
stacking_lr,test,746,0.6655982905982906
stacking_lr,test,747,0.561965811965812
stacking_lr,test,748,0.6677350427350427
stacking_lr,test,749,0.7275641025641025
stacking_lr,test,750,0.6479700854700855
stacking_lr,test,751,0.6944444444444444
stacking_lr,test,752,0.7136752136752137
stacking_lr,test,753,0.5363247863247863
stacking_lr,test,754,0.6356837606837608
stacking_lr,test,755,0.6955128205128205
stacking_lr,test,756,0.8087606837606838
stacking_lr,test,757,0.6511752136752137
stacking_lr,test,758,0.6677350427350427
stacking_lr,test,759,0.6474358974358975
stacking_lr,test,760,0.6303418803418803
stacking_lr,test,761,0.7168803418803419
stacking_lr,test,762,0.6762820512820513
stacking_lr,test,763,0.655448717948718
stacking_lr,test,764,0.5865384615384616
stacking_lr,test,765,0.7425213675213675
stacking_lr,test,766,0.6239316239316239
stacking_lr,test,767,0.7478632478632479
stacking_lr,test,768,0.546474358974359
stacking_lr,test,769,0.6816239316239316
stacking_lr,test,770,0.7948717948717948
stacking_lr,test,771,0.5844017094017094
stacking_lr,test,772,0.7564102564102564
stacking_lr,test,773,0.7040598290598291
stacking_lr,test,774,0.5961538461538463
stacking_lr,test,775,0.6762820512820513
stacking_lr,test,776,0.7029914529914529
stacking_lr,test,777,0.6388888888888888
stacking_lr,test,778,0.6955128205128205
stacking_lr,test,779,0.594017094017094
stacking_lr,test,780,0.6837606837606838
stacking_lr,test,781,0.718482905982906
stacking_lr,test,782,0.6282051282051281
stacking_lr,test,783,0.6602564102564104
stacking_lr,test,784,0.7264957264957265
stacking_lr,test,785,0.6346153846153847
stacking_lr,test,786,0.6901709401709402
stacking_lr,test,787,0.6217948717948718
stacking_lr,test,788,0.6004273504273504
stacking_lr,test,789,0.65491452991453
stacking_lr,test,790,0.7660256410256411
stacking_lr,test,791,0.5470085470085471
stacking_lr,test,792,0.608440170940171
stacking_lr,test,793,0.6458333333333333
stacking_lr,test,794,0.6997863247863249
stacking_lr,test,795,0.6271367521367522
stacking_lr,test,796,0.5849358974358975
stacking_lr,test,797,0.6207264957264957
stacking_lr,test,798,0.7329059829059829
stacking_lr,test,799,0.7617521367521367
stacking_lr,test,800,0.6698717948717948
stacking_lr,test,801,0.6196581196581197
stacking_lr,test,802,0.38354700854700857
stacking_lr,test,803,0.6217948717948718
stacking_lr,test,804,0.579059829059829
stacking_lr,test,805,0.750534188034188
stacking_lr,test,806,0.6912393162393162
stacking_lr,test,807,0.6666666666666667
stacking_lr,test,808,0.5555555555555556
stacking_lr,test,809,0.6420940170940171
stacking_lr,test,810,0.6517094017094017
stacking_lr,test,811,0.732905982905983
stacking_lr,test,812,0.5790598290598291
stacking_lr,test,813,0.6965811965811967
stacking_lr,test,814,0.5721153846153846
stacking_lr,test,815,0.5705128205128205
stacking_lr,test,816,0.6933760683760684
stacking_lr,test,817,0.6987179487179488
stacking_lr,test,818,0.6752136752136751
stacking_lr,test,819,0.7072649572649573
stacking_lr,test,820,0.6752136752136751
stacking_lr,test,821,0.7211538461538461
stacking_lr,test,822,0.577991452991453
stacking_lr,test,823,0.607905982905983
stacking_lr,test,824,0.6036324786324786
stacking_lr,test,825,0.6997863247863247
stacking_lr,test,826,0.717948717948718
stacking_lr,test,827,0.6314102564102564
stacking_lr,test,828,0.6752136752136753
stacking_lr,test,829,0.6581196581196581
stacking_lr,test,830,0.5993589743589743
stacking_lr,test,831,0.6020299145299146
stacking_lr,test,832,0.732905982905983
stacking_lr,test,833,0.6388888888888888
stacking_lr,test,834,0.6047008547008547
stacking_lr,test,835,0.6089743589743589
stacking_lr,test,836,0.653846153846154
stacking_lr,test,837,0.6266025641025641
stacking_lr,test,838,0.5507478632478633
stacking_lr,test,839,0.719551282051282
stacking_lr,test,840,0.6794871794871795
stacking_lr,test,841,0.5972222222222222
stacking_lr,test,842,0.5865384615384616
stacking_lr,test,843,0.6837606837606838
stacking_lr,test,844,0.6089743589743589
stacking_lr,test,845,0.5544871794871795
stacking_lr,test,846,0.5715811965811965
stacking_lr,test,847,0.5993589743589742
stacking_lr,test,848,0.530982905982906
stacking_lr,test,849,0.6891025641025641
stacking_lr,test,850,0.7526709401709402
stacking_lr,test,851,0.7435897435897436
stacking_lr,test,852,0.6052350427350427
stacking_lr,test,853,0.6335470085470085
stacking_lr,test,854,0.6762820512820513
stacking_lr,test,855,0.6004273504273504
stacking_lr,test,856,0.6367521367521367
stacking_lr,test,857,0.5534188034188035
stacking_lr,test,858,0.6314102564102564
stacking_lr,test,859,0.657051282051282
stacking_lr,test,860,0.6271367521367521
stacking_lr,test,861,0.6057692307692308
stacking_lr,test,862,0.6698717948717948
stacking_lr,test,863,0.6431623931623932
stacking_lr,test,864,0.5240384615384616
stacking_lr,test,865,0.718482905982906
stacking_lr,test,866,0.6762820512820513
stacking_lr,test,867,0.6629273504273504
stacking_lr,test,868,0.6837606837606838
stacking_lr,test,869,0.7521367521367521
stacking_lr,test,870,0.593482905982906
stacking_lr,test,871,0.6431623931623931
stacking_lr,test,872,0.6463675213675214
stacking_lr,test,873,0.717948717948718
stacking_lr,test,874,0.6901709401709402
stacking_lr,test,875,0.6014957264957266
stacking_lr,test,876,0.625
stacking_lr,test,877,0.7361111111111112
stacking_lr,test,878,0.6517094017094017
stacking_lr,test,879,0.7414529914529915
stacking_lr,test,880,0.7377136752136751
stacking_lr,test,881,0.7606837606837606
stacking_lr,test,882,0.6672008547008547
stacking_lr,test,883,0.5929487179487181
stacking_lr,test,884,0.6153846153846154
stacking_lr,test,885,0.6100427350427351
stacking_lr,test,886,0.6976495726495726
stacking_lr,test,887,0.7094017094017094
stacking_lr,test,888,0.7094017094017094
stacking_lr,test,889,0.7051282051282051
stacking_lr,test,890,0.717948717948718
stacking_lr,test,891,0.6175213675213675
stacking_lr,test,892,0.782051282051282
stacking_lr,test,893,0.7232905982905983
stacking_lr,test,894,0.6955128205128205
stacking_lr,test,895,0.6645299145299145
stacking_lr,test,896,0.5277777777777778
stacking_lr,test,897,0.65491452991453
stacking_lr,test,898,0.718482905982906
stacking_lr,test,899,0.7371794871794872
stacking_lr,test,900,0.6079059829059829
stacking_lr,test,901,0.6474358974358975
stacking_lr,test,902,0.6356837606837606
stacking_lr,test,903,0.6079059829059829
stacking_lr,test,904,0.5876068376068376
stacking_lr,test,905,0.763888888888889
stacking_lr,test,906,0.6356837606837606
stacking_lr,test,907,0.6816239316239316
stacking_lr,test,908,0.5641025641025641
stacking_lr,test,909,0.7126068376068376
stacking_lr,test,910,0.7414529914529914
stacking_lr,test,911,0.6741452991452991
stacking_lr,test,912,0.8130341880341879
stacking_lr,test,913,0.655982905982906
stacking_lr,test,914,0.6762820512820512
stacking_lr,test,915,0.7254273504273504
stacking_lr,test,916,0.5779914529914529
stacking_lr,test,917,0.6378205128205128
stacking_lr,test,918,0.6730769230769231
stacking_lr,test,919,0.7126068376068376
stacking_lr,test,920,0.6923076923076923
stacking_lr,test,921,0.6730769230769231
stacking_lr,test,922,0.6228632478632479
stacking_lr,test,923,0.6677350427350428
stacking_lr,test,924,0.6137820512820513
stacking_lr,test,925,0.686965811965812
stacking_lr,test,926,0.5737179487179487
stacking_lr,test,927,0.6672008547008547
stacking_lr,test,928,0.6623931623931624
stacking_lr,test,929,0.7681623931623931
stacking_lr,test,930,0.7382478632478632
stacking_lr,test,931,0.6549145299145299
stacking_lr,test,932,0.5790598290598291
stacking_lr,test,933,0.6752136752136753
stacking_lr,test,934,0.6153846153846154
stacking_lr,test,935,0.6757478632478633
stacking_lr,test,936,0.7403846153846154
stacking_lr,test,937,0.6121794871794872
stacking_lr,test,938,0.7216880341880342
stacking_lr,test,939,0.6794871794871794
stacking_lr,test,940,0.7366452991452992
stacking_lr,test,941,0.6944444444444444
stacking_lr,test,942,0.5502136752136753
stacking_lr,test,943,0.8258547008547009
stacking_lr,test,944,0.6549145299145299
stacking_lr,test,945,0.7206196581196581
stacking_lr,test,946,0.6607905982905983
stacking_lr,test,947,0.6185897435897436
stacking_lr,test,948,0.5737179487179487
stacking_lr,test,949,0.6762820512820512
stacking_lr,test,950,0.6517094017094017
stacking_lr,test,951,0.7083333333333334
stacking_lr,test,952,0.7590811965811965
stacking_lr,test,953,0.6939102564102564
stacking_lr,test,954,0.6949786324786325
stacking_lr,test,955,0.5977564102564102
stacking_lr,test,956,0.7206196581196581
stacking_lr,test,957,0.7377136752136753
stacking_lr,test,958,0.548076923076923
stacking_lr,test,959,0.6089743589743589
stacking_lr,test,960,0.5272435897435898
stacking_lr,test,961,0.6266025641025641
stacking_lr,test,962,0.608974358974359
stacking_lr,test,963,0.6073717948717948
stacking_lr,test,964,0.6330128205128205
stacking_lr,test,965,0.5470085470085471
stacking_lr,test,966,0.7061965811965811
stacking_lr,test,967,0.5982905982905984
stacking_lr,test,968,0.6314102564102564
stacking_lr,test,969,0.6175213675213674
stacking_lr,test,970,0.5507478632478632
stacking_lr,test,971,0.6485042735042735
stacking_lr,test,972,0.7115384615384616
stacking_lr,test,973,0.6634615384615384
stacking_lr,test,974,0.7168803418803419
stacking_lr,test,975,0.6752136752136751
stacking_lr,test,976,0.6976495726495727
stacking_lr,test,977,0.8306623931623931
stacking_lr,test,978,0.6239316239316239
stacking_lr,test,979,0.5598290598290598
stacking_lr,test,980,0.6495726495726496
stacking_lr,test,981,0.688034188034188
stacking_lr,test,982,0.6773504273504274
stacking_lr,test,983,0.704059829059829
stacking_lr,test,984,0.5844017094017094
stacking_lr,test,985,0.6634615384615384
stacking_lr,test,986,0.6143162393162392
stacking_lr,test,987,0.6217948717948718
stacking_lr,test,988,0.6367521367521367
stacking_lr,test,989,0.6976495726495726
stacking_lr,test,990,0.5181623931623932
stacking_lr,test,991,0.5972222222222222
stacking_lr,test,992,0.6153846153846154
stacking_lr,test,993,0.6052350427350427
stacking_lr,test,994,0.5865384615384616
stacking_lr,test,995,0.6842948717948718
stacking_lr,test,996,0.7104700854700855
stacking_lr,test,997,0.7115384615384616
stacking_lr,test,998,0.7382478632478633
stacking_lr,test,999,0.7222222222222223
stacking_lr,test,1000,0.782051282051282
balanced_stacking_lr,test,1,0.6442307692307693
balanced_stacking_lr,test,2,0.6495726495726496
balanced_stacking_lr,test,3,0.6164529914529915
balanced_stacking_lr,test,4,0.7275641025641026
balanced_stacking_lr,test,5,0.6655982905982907
balanced_stacking_lr,test,6,0.545940170940171
balanced_stacking_lr,test,7,0.6314102564102564
balanced_stacking_lr,test,8,0.6388888888888888
balanced_stacking_lr,test,9,0.6613247863247864
balanced_stacking_lr,test,10,0.6955128205128205
balanced_stacking_lr,test,11,0.5438034188034188
balanced_stacking_lr,test,12,0.765491452991453
balanced_stacking_lr,test,13,0.6661324786324787
balanced_stacking_lr,test,14,0.6688034188034188
balanced_stacking_lr,test,15,0.500534188034188
balanced_stacking_lr,test,16,0.672008547008547
balanced_stacking_lr,test,17,0.6720085470085471
balanced_stacking_lr,test,18,0.7280982905982906
balanced_stacking_lr,test,19,0.733974358974359
balanced_stacking_lr,test,20,0.6335470085470086
balanced_stacking_lr,test,21,0.6004273504273504
balanced_stacking_lr,test,22,0.6858974358974359
balanced_stacking_lr,test,23,0.7072649572649573
balanced_stacking_lr,test,24,0.6511752136752137
balanced_stacking_lr,test,25,0.5854700854700855
balanced_stacking_lr,test,26,0.6260683760683761
balanced_stacking_lr,test,27,0.6367521367521367
balanced_stacking_lr,test,28,0.7841880341880342
balanced_stacking_lr,test,29,0.6832264957264957
balanced_stacking_lr,test,30,0.7777777777777778
balanced_stacking_lr,test,31,0.6485042735042734
balanced_stacking_lr,test,32,0.6452991452991453
balanced_stacking_lr,test,33,0.7510683760683761
balanced_stacking_lr,test,34,0.6810897435897436
balanced_stacking_lr,test,35,0.6527777777777778
balanced_stacking_lr,test,36,0.6613247863247863
balanced_stacking_lr,test,37,0.6666666666666666
balanced_stacking_lr,test,38,0.6121794871794872
balanced_stacking_lr,test,39,0.686965811965812
balanced_stacking_lr,test,40,0.6907051282051282
balanced_stacking_lr,test,41,0.6233974358974359
balanced_stacking_lr,test,42,0.6752136752136753
balanced_stacking_lr,test,43,0.6047008547008548
balanced_stacking_lr,test,44,0.6036324786324786
balanced_stacking_lr,test,45,0.7852564102564102
balanced_stacking_lr,test,46,0.6928418803418803
balanced_stacking_lr,test,47,0.6335470085470085
balanced_stacking_lr,test,48,0.6858974358974359
balanced_stacking_lr,test,49,0.7115384615384615
balanced_stacking_lr,test,50,0.7094017094017093
balanced_stacking_lr,test,51,0.6602564102564104
balanced_stacking_lr,test,52,0.7467948717948718
balanced_stacking_lr,test,53,0.6613247863247863
balanced_stacking_lr,test,54,0.6955128205128206
balanced_stacking_lr,test,55,0.6912393162393162
balanced_stacking_lr,test,56,0.6517094017094017
balanced_stacking_lr,test,57,0.6805555555555556
balanced_stacking_lr,test,58,0.5673076923076923
balanced_stacking_lr,test,59,0.7425213675213675
balanced_stacking_lr,test,60,0.5608974358974359
balanced_stacking_lr,test,61,0.7702991452991452
balanced_stacking_lr,test,62,0.7393162393162394
balanced_stacking_lr,test,63,0.686965811965812
balanced_stacking_lr,test,64,0.5982905982905983
balanced_stacking_lr,test,65,0.7232905982905983
balanced_stacking_lr,test,66,0.7158119658119658
balanced_stacking_lr,test,67,0.6997863247863247
balanced_stacking_lr,test,68,0.6693376068376068
balanced_stacking_lr,test,69,0.6549145299145299
balanced_stacking_lr,test,70,0.6912393162393162
balanced_stacking_lr,test,71,0.6378205128205128
balanced_stacking_lr,test,72,0.6848290598290598
balanced_stacking_lr,test,73,0.6185897435897436
balanced_stacking_lr,test,74,0.6159188034188035
balanced_stacking_lr,test,75,0.6901709401709403
balanced_stacking_lr,test,76,0.6004273504273505
balanced_stacking_lr,test,77,0.7222222222222222
balanced_stacking_lr,test,78,0.6858974358974359
balanced_stacking_lr,test,79,0.6527777777777778
balanced_stacking_lr,test,80,0.6591880341880343
balanced_stacking_lr,test,81,0.5801282051282052
balanced_stacking_lr,test,82,0.5982905982905983
balanced_stacking_lr,test,83,0.6837606837606838
balanced_stacking_lr,test,84,0.576923076923077
balanced_stacking_lr,test,85,0.6741452991452991
balanced_stacking_lr,test,86,0.7243589743589745
balanced_stacking_lr,test,87,0.6591880341880343
balanced_stacking_lr,test,88,0.6517094017094017
balanced_stacking_lr,test,89,0.717948717948718
balanced_stacking_lr,test,90,0.7094017094017093
balanced_stacking_lr,test,91,0.5956196581196581
balanced_stacking_lr,test,92,0.5822649572649573
balanced_stacking_lr,test,93,0.7601495726495726
balanced_stacking_lr,test,94,0.6987179487179487
balanced_stacking_lr,test,95,0.6356837606837606
balanced_stacking_lr,test,96,0.6677350427350427
balanced_stacking_lr,test,97,0.4850427350427351
balanced_stacking_lr,test,98,0.592948717948718
balanced_stacking_lr,test,99,0.5
balanced_stacking_lr,test,100,0.5705128205128205
balanced_stacking_lr,test,101,0.6693376068376068
balanced_stacking_lr,test,102,0.6965811965811965
balanced_stacking_lr,test,103,0.6720085470085471
balanced_stacking_lr,test,104,0.579059829059829
balanced_stacking_lr,test,105,0.6175213675213675
balanced_stacking_lr,test,106,0.5229700854700855
balanced_stacking_lr,test,107,0.6762820512820513
balanced_stacking_lr,test,108,0.611111111111111
balanced_stacking_lr,test,109,0.5753205128205128
balanced_stacking_lr,test,110,0.6495726495726495
balanced_stacking_lr,test,111,0.7361111111111112
balanced_stacking_lr,test,112,0.6431623931623932
balanced_stacking_lr,test,113,0.6677350427350428
balanced_stacking_lr,test,114,0.6485042735042735
balanced_stacking_lr,test,115,0.6650641025641025
balanced_stacking_lr,test,116,0.6794871794871795
balanced_stacking_lr,test,117,0.8440170940170939
balanced_stacking_lr,test,118,0.7040598290598291
balanced_stacking_lr,test,119,0.6768162393162394
balanced_stacking_lr,test,120,0.5459401709401709
balanced_stacking_lr,test,121,0.6164529914529915
balanced_stacking_lr,test,122,0.5641025641025641
balanced_stacking_lr,test,123,0.7574786324786325
balanced_stacking_lr,test,124,0.6976495726495726
balanced_stacking_lr,test,125,0.6784188034188033
balanced_stacking_lr,test,126,0.6581196581196581
balanced_stacking_lr,test,127,0.6463675213675213
balanced_stacking_lr,test,128,0.6506410256410257
balanced_stacking_lr,test,129,0.5539529914529915
balanced_stacking_lr,test,130,0.7510683760683761
balanced_stacking_lr,test,131,0.5918803418803419
balanced_stacking_lr,test,132,0.6217948717948718
balanced_stacking_lr,test,133,0.6965811965811965
balanced_stacking_lr,test,134,0.7532051282051283
balanced_stacking_lr,test,135,0.6789529914529915
balanced_stacking_lr,test,136,0.6730769230769231
balanced_stacking_lr,test,137,0.6730769230769231
balanced_stacking_lr,test,138,0.6388888888888888
balanced_stacking_lr,test,139,0.6271367521367521
balanced_stacking_lr,test,140,0.5715811965811965
balanced_stacking_lr,test,141,0.6613247863247863
balanced_stacking_lr,test,142,0.6789529914529915
balanced_stacking_lr,test,143,0.6858974358974359
balanced_stacking_lr,test,144,0.7211538461538461
balanced_stacking_lr,test,145,0.6944444444444444
balanced_stacking_lr,test,146,0.6581196581196581
balanced_stacking_lr,test,147,0.6533119658119658
balanced_stacking_lr,test,148,0.703525641025641
balanced_stacking_lr,test,149,0.7051282051282052
balanced_stacking_lr,test,150,0.6773504273504274
balanced_stacking_lr,test,151,0.6041666666666666
balanced_stacking_lr,test,152,0.7745726495726496
balanced_stacking_lr,test,153,0.7291666666666667
balanced_stacking_lr,test,154,0.5726495726495726
balanced_stacking_lr,test,155,0.6965811965811965
balanced_stacking_lr,test,156,0.6506410256410257
balanced_stacking_lr,test,157,0.5892094017094017
balanced_stacking_lr,test,158,0.7136752136752137
balanced_stacking_lr,test,159,0.6730769230769231
balanced_stacking_lr,test,160,0.6955128205128205
balanced_stacking_lr,test,161,0.6436965811965811
balanced_stacking_lr,test,162,0.641025641025641
balanced_stacking_lr,test,163,0.7670940170940171
balanced_stacking_lr,test,164,0.6773504273504274
balanced_stacking_lr,test,165,0.7072649572649573
balanced_stacking_lr,test,166,0.6431623931623932
balanced_stacking_lr,test,167,0.6746794871794872
balanced_stacking_lr,test,168,0.5913461538461539
balanced_stacking_lr,test,169,0.7756410256410257
balanced_stacking_lr,test,170,0.6399572649572649
balanced_stacking_lr,test,171,0.6378205128205128
balanced_stacking_lr,test,172,0.719017094017094
balanced_stacking_lr,test,173,0.594017094017094
balanced_stacking_lr,test,174,0.6987179487179488
balanced_stacking_lr,test,175,0.5811965811965811
balanced_stacking_lr,test,176,0.6623931623931625
balanced_stacking_lr,test,177,0.6645299145299146
balanced_stacking_lr,test,178,0.704059829059829
balanced_stacking_lr,test,179,0.6816239316239316
balanced_stacking_lr,test,180,0.6655982905982906
balanced_stacking_lr,test,181,0.7553418803418803
balanced_stacking_lr,test,182,0.7371794871794871
balanced_stacking_lr,test,183,0.6623931623931624
balanced_stacking_lr,test,184,0.7532051282051282
balanced_stacking_lr,test,185,0.7649572649572649
balanced_stacking_lr,test,186,0.5876068376068377
balanced_stacking_lr,test,187,0.5785256410256411
balanced_stacking_lr,test,188,0.6901709401709402
balanced_stacking_lr,test,189,0.5988247863247863
balanced_stacking_lr,test,190,0.610042735042735
balanced_stacking_lr,test,191,0.6987179487179488
balanced_stacking_lr,test,192,0.6805555555555555
balanced_stacking_lr,test,193,0.7061965811965811
balanced_stacking_lr,test,194,0.6271367521367521
balanced_stacking_lr,test,195,0.5827991452991453
balanced_stacking_lr,test,196,0.6538461538461539
balanced_stacking_lr,test,197,0.7040598290598291
balanced_stacking_lr,test,198,0.6239316239316239
balanced_stacking_lr,test,199,0.6789529914529915
balanced_stacking_lr,test,200,0.6367521367521368
balanced_stacking_lr,test,201,0.6682692307692307
balanced_stacking_lr,test,202,0.7435897435897437
balanced_stacking_lr,test,203,0.7083333333333334
balanced_stacking_lr,test,204,0.6474358974358975
balanced_stacking_lr,test,205,0.7457264957264957
balanced_stacking_lr,test,206,0.5940170940170941
balanced_stacking_lr,test,207,0.6431623931623931
balanced_stacking_lr,test,208,0.8034188034188035
balanced_stacking_lr,test,209,0.6720085470085471
balanced_stacking_lr,test,210,0.608974358974359
balanced_stacking_lr,test,211,0.608440170940171
balanced_stacking_lr,test,212,0.7478632478632479
balanced_stacking_lr,test,213,0.6495726495726496
balanced_stacking_lr,test,214,0.6356837606837606
balanced_stacking_lr,test,215,0.6404914529914529
balanced_stacking_lr,test,216,0.6613247863247863
balanced_stacking_lr,test,217,0.6506410256410255
balanced_stacking_lr,test,218,0.6153846153846154
balanced_stacking_lr,test,219,0.702991452991453
balanced_stacking_lr,test,220,0.6645299145299145
balanced_stacking_lr,test,221,0.4935897435897436
balanced_stacking_lr,test,222,0.6223290598290598
balanced_stacking_lr,test,223,0.6517094017094017
balanced_stacking_lr,test,224,0.6677350427350427
balanced_stacking_lr,test,225,0.8092948717948718
balanced_stacking_lr,test,226,0.6741452991452991
balanced_stacking_lr,test,227,0.5908119658119658
balanced_stacking_lr,test,228,0.7126068376068376
balanced_stacking_lr,test,229,0.6410256410256411
balanced_stacking_lr,test,230,0.6698717948717949
balanced_stacking_lr,test,231,0.6079059829059829
balanced_stacking_lr,test,232,0.6143162393162394
balanced_stacking_lr,test,233,0.6794871794871795
balanced_stacking_lr,test,234,0.6794871794871795
balanced_stacking_lr,test,235,0.6351495726495727
balanced_stacking_lr,test,236,0.6383547008547009
balanced_stacking_lr,test,237,0.6127136752136753
balanced_stacking_lr,test,238,0.6613247863247863
balanced_stacking_lr,test,239,0.6447649572649573
balanced_stacking_lr,test,240,0.638888888888889
balanced_stacking_lr,test,241,0.5405982905982906
balanced_stacking_lr,test,242,0.7072649572649573
balanced_stacking_lr,test,243,0.6714743589743589
balanced_stacking_lr,test,244,0.6452991452991453
balanced_stacking_lr,test,245,0.6127136752136753
balanced_stacking_lr,test,246,0.6607905982905983
balanced_stacking_lr,test,247,0.7232905982905984
balanced_stacking_lr,test,248,0.4738247863247863
balanced_stacking_lr,test,249,0.5603632478632479
balanced_stacking_lr,test,250,0.6527777777777777
balanced_stacking_lr,test,251,0.5897435897435898
balanced_stacking_lr,test,252,0.6282051282051282
balanced_stacking_lr,test,253,0.6794871794871795
balanced_stacking_lr,test,254,0.6314102564102564
balanced_stacking_lr,test,255,0.6720085470085471
balanced_stacking_lr,test,256,0.655982905982906
balanced_stacking_lr,test,257,0.6479700854700854
balanced_stacking_lr,test,258,0.7232905982905984
balanced_stacking_lr,test,259,0.6837606837606838
balanced_stacking_lr,test,260,0.7238247863247864
balanced_stacking_lr,test,261,0.763888888888889
balanced_stacking_lr,test,262,0.6153846153846154
balanced_stacking_lr,test,263,0.6068376068376069
balanced_stacking_lr,test,264,0.7409188034188035
balanced_stacking_lr,test,265,0.6891025641025641
balanced_stacking_lr,test,266,0.6164529914529915
balanced_stacking_lr,test,267,0.6912393162393163
balanced_stacking_lr,test,268,0.6469017094017094
balanced_stacking_lr,test,269,0.6623931623931624
balanced_stacking_lr,test,270,0.673076923076923
balanced_stacking_lr,test,271,0.7029914529914529
balanced_stacking_lr,test,272,0.7825854700854701
balanced_stacking_lr,test,273,0.6431623931623931
balanced_stacking_lr,test,274,0.6207264957264957
balanced_stacking_lr,test,275,0.7387820512820513
balanced_stacking_lr,test,276,0.7094017094017094
balanced_stacking_lr,test,277,0.7393162393162394
balanced_stacking_lr,test,278,0.717948717948718
balanced_stacking_lr,test,279,0.6762820512820512
balanced_stacking_lr,test,280,0.6228632478632479
balanced_stacking_lr,test,281,0.6036324786324786
balanced_stacking_lr,test,282,0.6549145299145299
balanced_stacking_lr,test,283,0.7019230769230769
balanced_stacking_lr,test,284,0.5950854700854701
balanced_stacking_lr,test,285,0.6901709401709402
balanced_stacking_lr,test,286,0.735042735042735
balanced_stacking_lr,test,287,0.6837606837606838
balanced_stacking_lr,test,288,0.6196581196581197
balanced_stacking_lr,test,289,0.5876068376068376
balanced_stacking_lr,test,290,0.7446581196581196
balanced_stacking_lr,test,291,0.6522435897435898
balanced_stacking_lr,test,292,0.7313034188034188
balanced_stacking_lr,test,293,0.6485042735042735
balanced_stacking_lr,test,294,0.6212606837606838
balanced_stacking_lr,test,295,0.6688034188034188
balanced_stacking_lr,test,296,0.6121794871794872
balanced_stacking_lr,test,297,0.6773504273504274
balanced_stacking_lr,test,298,0.6079059829059829
balanced_stacking_lr,test,299,0.5833333333333334
balanced_stacking_lr,test,300,0.7713675213675214
balanced_stacking_lr,test,301,0.7126068376068376
balanced_stacking_lr,test,302,0.6538461538461539
balanced_stacking_lr,test,303,0.6047008547008547
balanced_stacking_lr,test,304,0.5544871794871795
balanced_stacking_lr,test,305,0.658119658119658
balanced_stacking_lr,test,306,0.5972222222222222
balanced_stacking_lr,test,307,0.5998931623931624
balanced_stacking_lr,test,308,0.6474358974358975
balanced_stacking_lr,test,309,0.6912393162393162
balanced_stacking_lr,test,310,0.639957264957265
balanced_stacking_lr,test,311,0.8023504273504273
balanced_stacking_lr,test,312,0.655982905982906
balanced_stacking_lr,test,313,0.5876068376068376
balanced_stacking_lr,test,314,0.6346153846153846
balanced_stacking_lr,test,315,0.6773504273504274
balanced_stacking_lr,test,316,0.7174145299145299
balanced_stacking_lr,test,317,0.6762820512820512
balanced_stacking_lr,test,318,0.6688034188034188
balanced_stacking_lr,test,319,0.6271367521367521
balanced_stacking_lr,test,320,0.6677350427350427
balanced_stacking_lr,test,321,0.7409188034188035
balanced_stacking_lr,test,322,0.7467948717948718
balanced_stacking_lr,test,323,0.6677350427350428
balanced_stacking_lr,test,324,0.5689102564102564
balanced_stacking_lr,test,325,0.7430555555555556
balanced_stacking_lr,test,326,0.7297008547008548
balanced_stacking_lr,test,327,0.6832264957264957
balanced_stacking_lr,test,328,0.577457264957265
balanced_stacking_lr,test,329,0.657051282051282
balanced_stacking_lr,test,330,0.6901709401709402
balanced_stacking_lr,test,331,0.6933760683760684
balanced_stacking_lr,test,332,0.4861111111111111
balanced_stacking_lr,test,333,0.5459401709401709
balanced_stacking_lr,test,334,0.7061965811965811
balanced_stacking_lr,test,335,0.6335470085470085
balanced_stacking_lr,test,336,0.6223290598290598
balanced_stacking_lr,test,337,0.6752136752136753
balanced_stacking_lr,test,338,0.6447649572649573
balanced_stacking_lr,test,339,0.6303418803418803
balanced_stacking_lr,test,340,0.6388888888888888
balanced_stacking_lr,test,341,0.6442307692307692
balanced_stacking_lr,test,342,0.7451923076923077
balanced_stacking_lr,test,343,0.5299145299145299
balanced_stacking_lr,test,344,0.7371794871794872
balanced_stacking_lr,test,345,0.6527777777777778
balanced_stacking_lr,test,346,0.6517094017094017
balanced_stacking_lr,test,347,0.5726495726495726
balanced_stacking_lr,test,348,0.5074786324786325
balanced_stacking_lr,test,349,0.5544871794871795
balanced_stacking_lr,test,350,0.6933760683760684
balanced_stacking_lr,test,351,0.672008547008547
balanced_stacking_lr,test,352,0.7297008547008548
balanced_stacking_lr,test,353,0.6356837606837608
balanced_stacking_lr,test,354,0.5972222222222222
balanced_stacking_lr,test,355,0.6987179487179487
balanced_stacking_lr,test,356,0.6570512820512822
balanced_stacking_lr,test,357,0.6794871794871795
balanced_stacking_lr,test,358,0.5566239316239316
balanced_stacking_lr,test,359,0.6533119658119658
balanced_stacking_lr,test,360,0.5977564102564102
balanced_stacking_lr,test,361,0.6933760683760685
balanced_stacking_lr,test,362,0.6121794871794872
balanced_stacking_lr,test,363,0.6116452991452992
balanced_stacking_lr,test,364,0.7072649572649573
balanced_stacking_lr,test,365,0.6538461538461539
balanced_stacking_lr,test,366,0.6666666666666666
balanced_stacking_lr,test,367,0.641025641025641
balanced_stacking_lr,test,368,0.7061965811965812
balanced_stacking_lr,test,369,0.6201923076923077
balanced_stacking_lr,test,370,0.6794871794871795
balanced_stacking_lr,test,371,0.5993589743589743
balanced_stacking_lr,test,372,0.5641025641025641
balanced_stacking_lr,test,373,0.6682692307692307
balanced_stacking_lr,test,374,0.7371794871794872
balanced_stacking_lr,test,375,0.7382478632478632
balanced_stacking_lr,test,376,0.6452991452991452
balanced_stacking_lr,test,377,0.701923076923077
balanced_stacking_lr,test,378,0.5737179487179488
balanced_stacking_lr,test,379,0.6463675213675213
balanced_stacking_lr,test,380,0.6955128205128206
balanced_stacking_lr,test,381,0.6378205128205128
balanced_stacking_lr,test,382,0.6196581196581197
balanced_stacking_lr,test,383,0.6410256410256411
balanced_stacking_lr,test,384,0.592948717948718
balanced_stacking_lr,test,385,0.7430555555555556
balanced_stacking_lr,test,386,0.6314102564102564
balanced_stacking_lr,test,387,0.639957264957265
balanced_stacking_lr,test,388,0.6276709401709402
balanced_stacking_lr,test,389,0.5614316239316239
balanced_stacking_lr,test,390,0.6378205128205129
balanced_stacking_lr,test,391,0.7211538461538461
balanced_stacking_lr,test,392,0.6896367521367522
balanced_stacking_lr,test,393,0.7104700854700855
balanced_stacking_lr,test,394,0.6848290598290598
balanced_stacking_lr,test,395,0.7601495726495726
balanced_stacking_lr,test,396,0.6388888888888888
balanced_stacking_lr,test,397,0.6527777777777778
balanced_stacking_lr,test,398,0.6650641025641025
balanced_stacking_lr,test,399,0.6292735042735043
balanced_stacking_lr,test,400,0.594017094017094
balanced_stacking_lr,test,401,0.594017094017094
balanced_stacking_lr,test,402,0.7051282051282052
balanced_stacking_lr,test,403,0.6677350427350427
balanced_stacking_lr,test,404,0.7243589743589745
balanced_stacking_lr,test,405,0.5844017094017093
balanced_stacking_lr,test,406,0.6698717948717948
balanced_stacking_lr,test,407,0.5277777777777778
balanced_stacking_lr,test,408,0.7692307692307692
balanced_stacking_lr,test,409,0.6196581196581197
balanced_stacking_lr,test,410,0.6784188034188035
balanced_stacking_lr,test,411,0.6410256410256411
balanced_stacking_lr,test,412,0.6623931623931623
balanced_stacking_lr,test,413,0.561965811965812
balanced_stacking_lr,test,414,0.6517094017094017
balanced_stacking_lr,test,415,0.6955128205128205
balanced_stacking_lr,test,416,0.6549145299145299
balanced_stacking_lr,test,417,0.5908119658119657
balanced_stacking_lr,test,418,0.6565170940170939
balanced_stacking_lr,test,419,0.6709401709401709
balanced_stacking_lr,test,420,0.6014957264957265
balanced_stacking_lr,test,421,0.7061965811965811
balanced_stacking_lr,test,422,0.6485042735042735
balanced_stacking_lr,test,423,0.6613247863247863
balanced_stacking_lr,test,424,0.6185897435897436
balanced_stacking_lr,test,425,0.6997863247863249
balanced_stacking_lr,test,426,0.657051282051282
balanced_stacking_lr,test,427,0.6698717948717949
balanced_stacking_lr,test,428,0.7104700854700855
balanced_stacking_lr,test,429,0.5811965811965811
balanced_stacking_lr,test,430,0.6164529914529914
balanced_stacking_lr,test,431,0.686965811965812
balanced_stacking_lr,test,432,0.7318376068376068
balanced_stacking_lr,test,433,0.6383547008547009
balanced_stacking_lr,test,434,0.6025641025641025
balanced_stacking_lr,test,435,0.5972222222222222
balanced_stacking_lr,test,436,0.6068376068376069
balanced_stacking_lr,test,437,0.6511752136752138
balanced_stacking_lr,test,438,0.7104700854700855
balanced_stacking_lr,test,439,0.7072649572649572
balanced_stacking_lr,test,440,0.6191239316239316
balanced_stacking_lr,test,441,0.6885683760683761
balanced_stacking_lr,test,442,0.7441239316239316
balanced_stacking_lr,test,443,0.6014957264957266
balanced_stacking_lr,test,444,0.5988247863247863
balanced_stacking_lr,test,445,0.6730769230769231
balanced_stacking_lr,test,446,0.7264957264957265
balanced_stacking_lr,test,447,0.6837606837606838
balanced_stacking_lr,test,448,0.6346153846153846
balanced_stacking_lr,test,449,0.6490384615384616
balanced_stacking_lr,test,450,0.5886752136752137
balanced_stacking_lr,test,451,0.6725427350427351
balanced_stacking_lr,test,452,0.6816239316239316
balanced_stacking_lr,test,453,0.5833333333333333
balanced_stacking_lr,test,454,0.6330128205128205
balanced_stacking_lr,test,455,0.6426282051282052
balanced_stacking_lr,test,456,0.5373931623931625
balanced_stacking_lr,test,457,0.701923076923077
balanced_stacking_lr,test,458,0.7003205128205129
balanced_stacking_lr,test,459,0.6955128205128205
balanced_stacking_lr,test,460,0.6164529914529915
balanced_stacking_lr,test,461,0.6794871794871795
balanced_stacking_lr,test,462,0.6997863247863247
balanced_stacking_lr,test,463,0.6073717948717949
balanced_stacking_lr,test,464,0.5491452991452992
balanced_stacking_lr,test,465,0.6837606837606838
balanced_stacking_lr,test,466,0.7147435897435898
balanced_stacking_lr,test,467,0.7264957264957265
balanced_stacking_lr,test,468,0.7126068376068375
balanced_stacking_lr,test,469,0.6816239316239316
balanced_stacking_lr,test,470,0.6891025641025641
balanced_stacking_lr,test,471,0.624465811965812
balanced_stacking_lr,test,472,0.6485042735042735
balanced_stacking_lr,test,473,0.6597222222222222
balanced_stacking_lr,test,474,0.6057692307692307
balanced_stacking_lr,test,475,0.7382478632478633
balanced_stacking_lr,test,476,0.7500000000000001
balanced_stacking_lr,test,477,0.7019230769230769
balanced_stacking_lr,test,478,0.7259615384615384
balanced_stacking_lr,test,479,0.5726495726495726
balanced_stacking_lr,test,480,0.6784188034188033
balanced_stacking_lr,test,481,0.6372863247863249
balanced_stacking_lr,test,482,0.7126068376068376
balanced_stacking_lr,test,483,0.6452991452991453
balanced_stacking_lr,test,484,0.7126068376068376
balanced_stacking_lr,test,485,0.6469017094017094
balanced_stacking_lr,test,486,0.7403846153846154
balanced_stacking_lr,test,487,0.6677350427350428
balanced_stacking_lr,test,488,0.7542735042735043
balanced_stacking_lr,test,489,0.7681623931623932
balanced_stacking_lr,test,490,0.6923076923076923
balanced_stacking_lr,test,491,0.6837606837606838
balanced_stacking_lr,test,492,0.6517094017094017
balanced_stacking_lr,test,493,0.7719017094017093
balanced_stacking_lr,test,494,0.5972222222222222
balanced_stacking_lr,test,495,0.6282051282051282
balanced_stacking_lr,test,496,0.6485042735042735
balanced_stacking_lr,test,497,0.702991452991453
balanced_stacking_lr,test,498,0.7564102564102564
balanced_stacking_lr,test,499,0.6014957264957265
balanced_stacking_lr,test,500,0.701923076923077
balanced_stacking_lr,test,501,0.5753205128205128
balanced_stacking_lr,test,502,0.6153846153846154
balanced_stacking_lr,test,503,0.7895299145299145
balanced_stacking_lr,test,504,0.7083333333333334
balanced_stacking_lr,test,505,0.6923076923076923
balanced_stacking_lr,test,506,0.7051282051282051
balanced_stacking_lr,test,507,0.4903846153846154
balanced_stacking_lr,test,508,0.563034188034188
balanced_stacking_lr,test,509,0.6581196581196582
balanced_stacking_lr,test,510,0.6207264957264957
balanced_stacking_lr,test,511,0.673076923076923
balanced_stacking_lr,test,512,0.5331196581196581
balanced_stacking_lr,test,513,0.639957264957265
balanced_stacking_lr,test,514,0.7077991452991452
balanced_stacking_lr,test,515,0.7628205128205128
balanced_stacking_lr,test,516,0.6704059829059829
balanced_stacking_lr,test,517,0.6794871794871795
balanced_stacking_lr,test,518,0.5924145299145299
balanced_stacking_lr,test,519,0.5710470085470085
balanced_stacking_lr,test,520,0.7094017094017094
balanced_stacking_lr,test,521,0.7126068376068376
balanced_stacking_lr,test,522,0.7136752136752137
balanced_stacking_lr,test,523,0.6655982905982906
balanced_stacking_lr,test,524,0.6575854700854701
balanced_stacking_lr,test,525,0.6527777777777778
balanced_stacking_lr,test,526,0.6858974358974359
balanced_stacking_lr,test,527,0.5950854700854701
balanced_stacking_lr,test,528,0.7537393162393162
balanced_stacking_lr,test,529,0.6303418803418804
balanced_stacking_lr,test,530,0.7259615384615384
balanced_stacking_lr,test,531,0.6356837606837608
balanced_stacking_lr,test,532,0.8173076923076923
balanced_stacking_lr,test,533,0.6826923076923077
balanced_stacking_lr,test,534,0.6794871794871795
balanced_stacking_lr,test,535,0.5502136752136753
balanced_stacking_lr,test,536,0.6800213675213675
balanced_stacking_lr,test,537,0.6602564102564102
balanced_stacking_lr,test,538,0.6431623931623932
balanced_stacking_lr,test,539,0.5678418803418803
balanced_stacking_lr,test,540,0.5331196581196581
balanced_stacking_lr,test,541,0.6987179487179488
balanced_stacking_lr,test,542,0.6442307692307692
balanced_stacking_lr,test,543,0.6730769230769231
balanced_stacking_lr,test,544,0.6330128205128205
balanced_stacking_lr,test,545,0.6720085470085471
balanced_stacking_lr,test,546,0.6661324786324786
balanced_stacking_lr,test,547,0.6121794871794872
balanced_stacking_lr,test,548,0.7200854700854702
balanced_stacking_lr,test,549,0.7126068376068376
balanced_stacking_lr,test,550,0.8023504273504274
balanced_stacking_lr,test,551,0.7216880341880343
balanced_stacking_lr,test,552,0.7061965811965812
balanced_stacking_lr,test,553,0.6036324786324786
balanced_stacking_lr,test,554,0.7735042735042735
balanced_stacking_lr,test,555,0.6303418803418803
balanced_stacking_lr,test,556,0.6960470085470085
balanced_stacking_lr,test,557,0.6928418803418803
balanced_stacking_lr,test,558,0.6527777777777778
balanced_stacking_lr,test,559,0.5277777777777778
balanced_stacking_lr,test,560,0.8087606837606838
balanced_stacking_lr,test,561,0.7029914529914529
balanced_stacking_lr,test,562,0.6634615384615384
balanced_stacking_lr,test,563,0.8215811965811965
balanced_stacking_lr,test,564,0.6623931623931624
balanced_stacking_lr,test,565,0.6677350427350427
balanced_stacking_lr,test,566,0.6025641025641025
balanced_stacking_lr,test,567,0.7521367521367521
balanced_stacking_lr,test,568,0.5886752136752137
balanced_stacking_lr,test,569,0.6196581196581197
balanced_stacking_lr,test,570,0.6613247863247863
balanced_stacking_lr,test,571,0.6479700854700855
balanced_stacking_lr,test,572,0.5924145299145299
balanced_stacking_lr,test,573,0.7094017094017094
balanced_stacking_lr,test,574,0.7061965811965812
balanced_stacking_lr,test,575,0.6688034188034188
balanced_stacking_lr,test,576,0.6944444444444444
balanced_stacking_lr,test,577,0.7136752136752137
balanced_stacking_lr,test,578,0.5512820512820513
balanced_stacking_lr,test,579,0.7206196581196581
balanced_stacking_lr,test,580,0.5582264957264957
balanced_stacking_lr,test,581,0.8066239316239316
balanced_stacking_lr,test,582,0.6185897435897436
balanced_stacking_lr,test,583,0.6207264957264957
balanced_stacking_lr,test,584,0.6538461538461539
balanced_stacking_lr,test,585,0.6891025641025641
balanced_stacking_lr,test,586,0.6474358974358975
balanced_stacking_lr,test,587,0.6741452991452991
balanced_stacking_lr,test,588,0.5860042735042735
balanced_stacking_lr,test,589,0.6340811965811965
balanced_stacking_lr,test,590,0.6613247863247863
balanced_stacking_lr,test,591,0.6164529914529915
balanced_stacking_lr,test,592,0.6378205128205129
balanced_stacking_lr,test,593,0.6634615384615384
balanced_stacking_lr,test,594,0.6266025641025641
balanced_stacking_lr,test,595,0.7361111111111112
balanced_stacking_lr,test,596,0.670405982905983
balanced_stacking_lr,test,597,0.7136752136752137
balanced_stacking_lr,test,598,0.7061965811965811
balanced_stacking_lr,test,599,0.654380341880342
balanced_stacking_lr,test,600,0.7414529914529915
balanced_stacking_lr,test,601,0.5608974358974359
balanced_stacking_lr,test,602,0.593482905982906
balanced_stacking_lr,test,603,0.7318376068376069
balanced_stacking_lr,test,604,0.6506410256410257
balanced_stacking_lr,test,605,0.6944444444444444
balanced_stacking_lr,test,606,0.6987179487179487
balanced_stacking_lr,test,607,0.7174145299145299
balanced_stacking_lr,test,608,0.5769230769230769
balanced_stacking_lr,test,609,0.6559829059829061
balanced_stacking_lr,test,610,0.7211538461538463
balanced_stacking_lr,test,611,0.6383547008547008
balanced_stacking_lr,test,612,0.6912393162393163
balanced_stacking_lr,test,613,0.5747863247863247
balanced_stacking_lr,test,614,0.6175213675213674
balanced_stacking_lr,test,615,0.670940170940171
balanced_stacking_lr,test,616,0.6538461538461537
balanced_stacking_lr,test,617,0.673076923076923
balanced_stacking_lr,test,618,0.6196581196581197
balanced_stacking_lr,test,619,0.7232905982905983
balanced_stacking_lr,test,620,0.6805555555555556
balanced_stacking_lr,test,621,0.6575854700854701
balanced_stacking_lr,test,622,0.7852564102564102
balanced_stacking_lr,test,623,0.611111111111111
balanced_stacking_lr,test,624,0.5811965811965812
balanced_stacking_lr,test,625,0.6474358974358975
balanced_stacking_lr,test,626,0.6997863247863249
balanced_stacking_lr,test,627,0.6549145299145299
balanced_stacking_lr,test,628,0.6944444444444444
balanced_stacking_lr,test,629,0.7825854700854701
balanced_stacking_lr,test,630,0.6965811965811965
balanced_stacking_lr,test,631,0.6655982905982906
balanced_stacking_lr,test,632,0.6388888888888888
balanced_stacking_lr,test,633,0.6132478632478633
balanced_stacking_lr,test,634,0.7104700854700855
balanced_stacking_lr,test,635,0.6848290598290598
balanced_stacking_lr,test,636,0.6335470085470086
balanced_stacking_lr,test,637,0.6618589743589743
balanced_stacking_lr,test,638,0.5694444444444444
balanced_stacking_lr,test,639,0.6185897435897436
balanced_stacking_lr,test,640,0.6404914529914529
balanced_stacking_lr,test,641,0.6901709401709402
balanced_stacking_lr,test,642,0.592948717948718
balanced_stacking_lr,test,643,0.670940170940171
balanced_stacking_lr,test,644,0.7606837606837608
balanced_stacking_lr,test,645,0.7072649572649573
balanced_stacking_lr,test,646,0.7585470085470085
balanced_stacking_lr,test,647,0.6741452991452992
balanced_stacking_lr,test,648,0.7158119658119658
balanced_stacking_lr,test,649,0.4877136752136752
balanced_stacking_lr,test,650,0.655982905982906
balanced_stacking_lr,test,651,0.7200854700854701
balanced_stacking_lr,test,652,0.7307692307692308
balanced_stacking_lr,test,653,0.6773504273504274
balanced_stacking_lr,test,654,0.7382478632478633
balanced_stacking_lr,test,655,0.7606837606837606
balanced_stacking_lr,test,656,0.5026709401709402
balanced_stacking_lr,test,657,0.7446581196581197
balanced_stacking_lr,test,658,0.592948717948718
balanced_stacking_lr,test,659,0.6602564102564102
balanced_stacking_lr,test,660,0.5582264957264957
balanced_stacking_lr,test,661,0.5491452991452991
balanced_stacking_lr,test,662,0.7467948717948718
balanced_stacking_lr,test,663,0.704059829059829
balanced_stacking_lr,test,664,0.7072649572649572
balanced_stacking_lr,test,665,0.7104700854700855
balanced_stacking_lr,test,666,0.6677350427350427
balanced_stacking_lr,test,667,0.7280982905982907
balanced_stacking_lr,test,668,0.6175213675213675
balanced_stacking_lr,test,669,0.657051282051282
balanced_stacking_lr,test,670,0.6485042735042735
balanced_stacking_lr,test,671,0.75
balanced_stacking_lr,test,672,0.6741452991452991
balanced_stacking_lr,test,673,0.5213675213675214
balanced_stacking_lr,test,674,0.6399572649572649
balanced_stacking_lr,test,675,0.5550213675213675
balanced_stacking_lr,test,676,0.5849358974358975
balanced_stacking_lr,test,677,0.7457264957264957
balanced_stacking_lr,test,678,0.6613247863247864
balanced_stacking_lr,test,679,0.6271367521367521
balanced_stacking_lr,test,680,0.6436965811965811
balanced_stacking_lr,test,681,0.6634615384615384
balanced_stacking_lr,test,682,0.7558760683760685
balanced_stacking_lr,test,683,0.6132478632478633
balanced_stacking_lr,test,684,0.6858974358974359
balanced_stacking_lr,test,685,0.6965811965811965
balanced_stacking_lr,test,686,0.670940170940171
balanced_stacking_lr,test,687,0.7099358974358975
balanced_stacking_lr,test,688,0.718482905982906
balanced_stacking_lr,test,689,0.639957264957265
balanced_stacking_lr,test,690,0.5715811965811965
balanced_stacking_lr,test,691,0.610576923076923
balanced_stacking_lr,test,692,0.6976495726495726
balanced_stacking_lr,test,693,0.8002136752136753
balanced_stacking_lr,test,694,0.5897435897435898
balanced_stacking_lr,test,695,0.7617521367521367
balanced_stacking_lr,test,696,0.6057692307692307
balanced_stacking_lr,test,697,0.6004273504273505
balanced_stacking_lr,test,698,0.7478632478632479
balanced_stacking_lr,test,699,0.6506410256410257
balanced_stacking_lr,test,700,0.6987179487179488
balanced_stacking_lr,test,701,0.7019230769230769
balanced_stacking_lr,test,702,0.6095085470085471
balanced_stacking_lr,test,703,0.7307692307692308
balanced_stacking_lr,test,704,0.6912393162393162
balanced_stacking_lr,test,705,0.6810897435897436
balanced_stacking_lr,test,706,0.563034188034188
balanced_stacking_lr,test,707,0.6009615384615384
balanced_stacking_lr,test,708,0.7275641025641026
balanced_stacking_lr,test,709,0.6436965811965812
balanced_stacking_lr,test,710,0.5854700854700855
balanced_stacking_lr,test,711,0.6591880341880342
balanced_stacking_lr,test,712,0.6730769230769231
balanced_stacking_lr,test,713,0.6367521367521367
balanced_stacking_lr,test,714,0.701923076923077
balanced_stacking_lr,test,715,0.5726495726495726
balanced_stacking_lr,test,716,0.577991452991453
balanced_stacking_lr,test,717,0.6442307692307692
balanced_stacking_lr,test,718,0.6805555555555556
balanced_stacking_lr,test,719,0.7243589743589743
balanced_stacking_lr,test,720,0.6169871794871795
balanced_stacking_lr,test,721,0.6784188034188033
balanced_stacking_lr,test,722,0.6303418803418803
balanced_stacking_lr,test,723,0.6260683760683762
balanced_stacking_lr,test,724,0.7008547008547009
balanced_stacking_lr,test,725,0.6164529914529915
balanced_stacking_lr,test,726,0.6997863247863247
balanced_stacking_lr,test,727,0.6891025641025641
balanced_stacking_lr,test,728,0.6143162393162394
balanced_stacking_lr,test,729,0.6378205128205128
balanced_stacking_lr,test,730,0.7313034188034189
balanced_stacking_lr,test,731,0.6452991452991453
balanced_stacking_lr,test,732,0.6623931623931625
balanced_stacking_lr,test,733,0.6688034188034189
balanced_stacking_lr,test,734,0.6121794871794872
balanced_stacking_lr,test,735,0.6079059829059829
balanced_stacking_lr,test,736,0.6997863247863249
balanced_stacking_lr,test,737,0.7916666666666667
balanced_stacking_lr,test,738,0.43322649572649574
balanced_stacking_lr,test,739,0.6805555555555556
balanced_stacking_lr,test,740,0.6335470085470086
balanced_stacking_lr,test,741,0.6853632478632479
balanced_stacking_lr,test,742,0.7029914529914529
balanced_stacking_lr,test,743,0.7457264957264956
balanced_stacking_lr,test,744,0.6885683760683761
balanced_stacking_lr,test,745,0.7724358974358975
balanced_stacking_lr,test,746,0.6709401709401709
balanced_stacking_lr,test,747,0.5683760683760684
balanced_stacking_lr,test,748,0.6709401709401709
balanced_stacking_lr,test,749,0.7318376068376068
balanced_stacking_lr,test,750,0.6543803418803419
balanced_stacking_lr,test,751,0.7008547008547008
balanced_stacking_lr,test,752,0.7147435897435898
balanced_stacking_lr,test,753,0.5299145299145299
balanced_stacking_lr,test,754,0.639957264957265
balanced_stacking_lr,test,755,0.6997863247863247
balanced_stacking_lr,test,756,0.8098290598290597
balanced_stacking_lr,test,757,0.6607905982905984
balanced_stacking_lr,test,758,0.6698717948717949
balanced_stacking_lr,test,759,0.6495726495726497
balanced_stacking_lr,test,760,0.6346153846153846
balanced_stacking_lr,test,761,0.7297008547008548
balanced_stacking_lr,test,762,0.6784188034188035
balanced_stacking_lr,test,763,0.6586538461538461
balanced_stacking_lr,test,764,0.5886752136752137
balanced_stacking_lr,test,765,0.7425213675213675
balanced_stacking_lr,test,766,0.6356837606837606
balanced_stacking_lr,test,767,0.7510683760683761
balanced_stacking_lr,test,768,0.5528846153846154
balanced_stacking_lr,test,769,0.6858974358974359
balanced_stacking_lr,test,770,0.8055555555555556
balanced_stacking_lr,test,771,0.5940170940170941
balanced_stacking_lr,test,772,0.7606837606837608
balanced_stacking_lr,test,773,0.717948717948718
balanced_stacking_lr,test,774,0.6004273504273504
balanced_stacking_lr,test,775,0.6773504273504274
balanced_stacking_lr,test,776,0.7029914529914529
balanced_stacking_lr,test,777,0.6463675213675213
balanced_stacking_lr,test,778,0.6976495726495726
balanced_stacking_lr,test,779,0.5961538461538461
balanced_stacking_lr,test,780,0.688034188034188
balanced_stacking_lr,test,781,0.719551282051282
balanced_stacking_lr,test,782,0.6314102564102564
balanced_stacking_lr,test,783,0.6602564102564104
balanced_stacking_lr,test,784,0.7307692307692307
balanced_stacking_lr,test,785,0.6346153846153846
balanced_stacking_lr,test,786,0.6923076923076923
balanced_stacking_lr,test,787,0.6207264957264957
balanced_stacking_lr,test,788,0.6004273504273504
balanced_stacking_lr,test,789,0.6570512820512822
balanced_stacking_lr,test,790,0.7681623931623932
balanced_stacking_lr,test,791,0.5416666666666667
balanced_stacking_lr,test,792,0.6137820512820513
balanced_stacking_lr,test,793,0.6469017094017094
balanced_stacking_lr,test,794,0.6997863247863247
balanced_stacking_lr,test,795,0.6399572649572649
balanced_stacking_lr,test,796,0.5892094017094017
balanced_stacking_lr,test,797,0.625
balanced_stacking_lr,test,798,0.7307692307692307
balanced_stacking_lr,test,799,0.7617521367521367
balanced_stacking_lr,test,800,0.6720085470085471
balanced_stacking_lr,test,801,0.625
balanced_stacking_lr,test,802,0.3803418803418803
balanced_stacking_lr,test,803,0.6239316239316239
balanced_stacking_lr,test,804,0.5865384615384616
balanced_stacking_lr,test,805,0.7516025641025641
balanced_stacking_lr,test,806,0.6997863247863247
balanced_stacking_lr,test,807,0.6752136752136753
balanced_stacking_lr,test,808,0.5651709401709402
balanced_stacking_lr,test,809,0.6442307692307692
balanced_stacking_lr,test,810,0.655982905982906
balanced_stacking_lr,test,811,0.7403846153846153
balanced_stacking_lr,test,812,0.5737179487179488
balanced_stacking_lr,test,813,0.7008547008547009
balanced_stacking_lr,test,814,0.5731837606837606
balanced_stacking_lr,test,815,0.5683760683760684
balanced_stacking_lr,test,816,0.6901709401709402
balanced_stacking_lr,test,817,0.6997863247863247
balanced_stacking_lr,test,818,0.6730769230769231
balanced_stacking_lr,test,819,0.7051282051282052
balanced_stacking_lr,test,820,0.6826923076923077
balanced_stacking_lr,test,821,0.7254273504273504
balanced_stacking_lr,test,822,0.5758547008547009
balanced_stacking_lr,test,823,0.6079059829059829
balanced_stacking_lr,test,824,0.5993589743589743
balanced_stacking_lr,test,825,0.7008547008547009
balanced_stacking_lr,test,826,0.7254273504273504
balanced_stacking_lr,test,827,0.6549145299145299
balanced_stacking_lr,test,828,0.6752136752136753
balanced_stacking_lr,test,829,0.6613247863247864
balanced_stacking_lr,test,830,0.6004273504273504
balanced_stacking_lr,test,831,0.6030982905982906
balanced_stacking_lr,test,832,0.7371794871794872
balanced_stacking_lr,test,833,0.6442307692307693
balanced_stacking_lr,test,834,0.6100427350427351
balanced_stacking_lr,test,835,0.6111111111111112
balanced_stacking_lr,test,836,0.6474358974358975
balanced_stacking_lr,test,837,0.640491452991453
balanced_stacking_lr,test,838,0.5550213675213675
balanced_stacking_lr,test,839,0.7248931623931624
balanced_stacking_lr,test,840,0.6826923076923077
balanced_stacking_lr,test,841,0.5993589743589743
balanced_stacking_lr,test,842,0.5876068376068376
balanced_stacking_lr,test,843,0.688034188034188
balanced_stacking_lr,test,844,0.6068376068376068
balanced_stacking_lr,test,845,0.5566239316239316
balanced_stacking_lr,test,846,0.5737179487179488
balanced_stacking_lr,test,847,0.6014957264957265
balanced_stacking_lr,test,848,0.532051282051282
balanced_stacking_lr,test,849,0.7008547008547009
balanced_stacking_lr,test,850,0.7526709401709403
balanced_stacking_lr,test,851,0.7574786324786325
balanced_stacking_lr,test,852,0.6041666666666666
balanced_stacking_lr,test,853,0.6346153846153846
balanced_stacking_lr,test,854,0.6794871794871795
balanced_stacking_lr,test,855,0.6004273504273504
balanced_stacking_lr,test,856,0.6378205128205129
balanced_stacking_lr,test,857,0.5427350427350428
balanced_stacking_lr,test,858,0.6324786324786325
balanced_stacking_lr,test,859,0.657051282051282
balanced_stacking_lr,test,860,0.6292735042735043
balanced_stacking_lr,test,861,0.607905982905983
balanced_stacking_lr,test,862,0.6666666666666666
balanced_stacking_lr,test,863,0.6452991452991453
balanced_stacking_lr,test,864,0.5240384615384616
balanced_stacking_lr,test,865,0.7216880341880342
balanced_stacking_lr,test,866,0.6891025641025641
balanced_stacking_lr,test,867,0.6768162393162394
balanced_stacking_lr,test,868,0.6976495726495726
balanced_stacking_lr,test,869,0.7542735042735043
balanced_stacking_lr,test,870,0.5945512820512822
balanced_stacking_lr,test,871,0.641025641025641
balanced_stacking_lr,test,872,0.6506410256410257
balanced_stacking_lr,test,873,0.717948717948718
balanced_stacking_lr,test,874,0.6944444444444444
balanced_stacking_lr,test,875,0.6121794871794872
balanced_stacking_lr,test,876,0.641025641025641
balanced_stacking_lr,test,877,0.7382478632478633
balanced_stacking_lr,test,878,0.6613247863247864
balanced_stacking_lr,test,879,0.7564102564102565
balanced_stacking_lr,test,880,0.7387820512820513
balanced_stacking_lr,test,881,0.766025641025641
balanced_stacking_lr,test,882,0.671474358974359
balanced_stacking_lr,test,883,0.5950854700854701
balanced_stacking_lr,test,884,0.6153846153846154
balanced_stacking_lr,test,885,0.6100427350427351
balanced_stacking_lr,test,886,0.6987179487179488
balanced_stacking_lr,test,887,0.7211538461538461
balanced_stacking_lr,test,888,0.7083333333333334
balanced_stacking_lr,test,889,0.7051282051282051
balanced_stacking_lr,test,890,0.7136752136752137
balanced_stacking_lr,test,891,0.6153846153846154
balanced_stacking_lr,test,892,0.7927350427350428
balanced_stacking_lr,test,893,0.7211538461538461
balanced_stacking_lr,test,894,0.6955128205128205
balanced_stacking_lr,test,895,0.6623931623931624
balanced_stacking_lr,test,896,0.5299145299145299
balanced_stacking_lr,test,897,0.6527777777777778
balanced_stacking_lr,test,898,0.7227564102564102
balanced_stacking_lr,test,899,0.7446581196581197
balanced_stacking_lr,test,900,0.6121794871794872
balanced_stacking_lr,test,901,0.6474358974358974
balanced_stacking_lr,test,902,0.6452991452991453
balanced_stacking_lr,test,903,0.6100427350427351
balanced_stacking_lr,test,904,0.5886752136752137
balanced_stacking_lr,test,905,0.7638888888888888
balanced_stacking_lr,test,906,0.641025641025641
balanced_stacking_lr,test,907,0.6816239316239316
balanced_stacking_lr,test,908,0.5737179487179487
balanced_stacking_lr,test,909,0.7200854700854701
balanced_stacking_lr,test,910,0.7457264957264957
balanced_stacking_lr,test,911,0.673076923076923
balanced_stacking_lr,test,912,0.813034188034188
balanced_stacking_lr,test,913,0.6634615384615384
balanced_stacking_lr,test,914,0.6666666666666666
balanced_stacking_lr,test,915,0.7275641025641026
balanced_stacking_lr,test,916,0.579059829059829
balanced_stacking_lr,test,917,0.6356837606837606
balanced_stacking_lr,test,918,0.6752136752136753
balanced_stacking_lr,test,919,0.7168803418803419
balanced_stacking_lr,test,920,0.6923076923076923
balanced_stacking_lr,test,921,0.6773504273504274
balanced_stacking_lr,test,922,0.625
balanced_stacking_lr,test,923,0.6709401709401709
balanced_stacking_lr,test,924,0.6159188034188035
balanced_stacking_lr,test,925,0.6933760683760684
balanced_stacking_lr,test,926,0.5779914529914529
balanced_stacking_lr,test,927,0.6693376068376069
balanced_stacking_lr,test,928,0.6655982905982906
balanced_stacking_lr,test,929,0.7692307692307692
balanced_stacking_lr,test,930,0.7457264957264956
balanced_stacking_lr,test,931,0.657051282051282
balanced_stacking_lr,test,932,0.5854700854700855
balanced_stacking_lr,test,933,0.6730769230769231
balanced_stacking_lr,test,934,0.6196581196581197
balanced_stacking_lr,test,935,0.6789529914529915
balanced_stacking_lr,test,936,0.7414529914529915
balanced_stacking_lr,test,937,0.6164529914529915
balanced_stacking_lr,test,938,0.7238247863247863
balanced_stacking_lr,test,939,0.6858974358974359
balanced_stacking_lr,test,940,0.7398504273504273
balanced_stacking_lr,test,941,0.6955128205128205
balanced_stacking_lr,test,942,0.5673076923076923
balanced_stacking_lr,test,943,0.827991452991453
balanced_stacking_lr,test,944,0.6591880341880342
balanced_stacking_lr,test,945,0.7270299145299145
balanced_stacking_lr,test,946,0.6607905982905983
balanced_stacking_lr,test,947,0.6239316239316239
balanced_stacking_lr,test,948,0.5651709401709402
balanced_stacking_lr,test,949,0.6773504273504274
balanced_stacking_lr,test,950,0.6517094017094016
balanced_stacking_lr,test,951,0.7083333333333333
balanced_stacking_lr,test,952,0.7622863247863247
balanced_stacking_lr,test,953,0.6949786324786325
balanced_stacking_lr,test,954,0.6960470085470085
balanced_stacking_lr,test,955,0.6009615384615384
balanced_stacking_lr,test,956,0.7206196581196581
balanced_stacking_lr,test,957,0.7398504273504274
balanced_stacking_lr,test,958,0.5566239316239316
balanced_stacking_lr,test,959,0.611111111111111
balanced_stacking_lr,test,960,0.530448717948718
balanced_stacking_lr,test,961,0.6340811965811965
balanced_stacking_lr,test,962,0.6111111111111112
balanced_stacking_lr,test,963,0.6073717948717949
balanced_stacking_lr,test,964,0.6351495726495727
balanced_stacking_lr,test,965,0.5491452991452992
balanced_stacking_lr,test,966,0.7104700854700855
balanced_stacking_lr,test,967,0.6047008547008548
balanced_stacking_lr,test,968,0.6324786324786325
balanced_stacking_lr,test,969,0.6217948717948718
balanced_stacking_lr,test,970,0.5507478632478632
balanced_stacking_lr,test,971,0.6527777777777778
balanced_stacking_lr,test,972,0.719017094017094
balanced_stacking_lr,test,973,0.6623931623931624
balanced_stacking_lr,test,974,0.7200854700854701
balanced_stacking_lr,test,975,0.6912393162393162
balanced_stacking_lr,test,976,0.6976495726495726
balanced_stacking_lr,test,977,0.8349358974358975
balanced_stacking_lr,test,978,0.6399572649572649
balanced_stacking_lr,test,979,0.5641025641025641
balanced_stacking_lr,test,980,0.6474358974358975
balanced_stacking_lr,test,981,0.6965811965811965
balanced_stacking_lr,test,982,0.6837606837606838
balanced_stacking_lr,test,983,0.7083333333333333
balanced_stacking_lr,test,984,0.5811965811965812
balanced_stacking_lr,test,985,0.6666666666666667
balanced_stacking_lr,test,986,0.6164529914529915
balanced_stacking_lr,test,987,0.6260683760683761
balanced_stacking_lr,test,988,0.6399572649572649
balanced_stacking_lr,test,989,0.6976495726495726
balanced_stacking_lr,test,990,0.5192307692307693
balanced_stacking_lr,test,991,0.5972222222222222
balanced_stacking_lr,test,992,0.6217948717948718
balanced_stacking_lr,test,993,0.6105769230769231
balanced_stacking_lr,test,994,0.5854700854700854
balanced_stacking_lr,test,995,0.6832264957264957
balanced_stacking_lr,test,996,0.7094017094017094
balanced_stacking_lr,test,997,0.7115384615384616
balanced_stacking_lr,test,998,0.7457264957264957
balanced_stacking_lr,test,999,0.7168803418803418
balanced_stacking_lr,test,1000,0.7905982905982906
mshse_selective_ensemble,test,1,0.6207264957264957
mshse_selective_ensemble,test,2,0.6666666666666666
mshse_selective_ensemble,test,3,0.6292735042735043
mshse_selective_ensemble,test,4,0.7403846153846153
mshse_selective_ensemble,test,5,0.6698717948717949
mshse_selective_ensemble,test,6,0.514957264957265
mshse_selective_ensemble,test,7,0.6356837606837606
mshse_selective_ensemble,test,8,0.6378205128205128
mshse_selective_ensemble,test,9,0.6602564102564102
mshse_selective_ensemble,test,10,0.6581196581196581
mshse_selective_ensemble,test,11,0.5747863247863247
mshse_selective_ensemble,test,12,0.7467948717948718
mshse_selective_ensemble,test,13,0.6559829059829061
mshse_selective_ensemble,test,14,0.6613247863247863
mshse_selective_ensemble,test,15,0.530982905982906
mshse_selective_ensemble,test,16,0.65491452991453
mshse_selective_ensemble,test,17,0.7051282051282051
mshse_selective_ensemble,test,18,0.673076923076923
mshse_selective_ensemble,test,19,0.736111111111111
mshse_selective_ensemble,test,20,0.6132478632478633
mshse_selective_ensemble,test,21,0.5801282051282051
mshse_selective_ensemble,test,22,0.6805555555555555
mshse_selective_ensemble,test,23,0.6848290598290598
mshse_selective_ensemble,test,24,0.5854700854700855
mshse_selective_ensemble,test,25,0.6004273504273504
mshse_selective_ensemble,test,26,0.5876068376068376
mshse_selective_ensemble,test,27,0.6143162393162394
mshse_selective_ensemble,test,28,0.780982905982906
mshse_selective_ensemble,test,29,0.6858974358974359
mshse_selective_ensemble,test,30,0.7414529914529915
mshse_selective_ensemble,test,31,0.6228632478632479
mshse_selective_ensemble,test,32,0.6324786324786325
mshse_selective_ensemble,test,33,0.7061965811965812
mshse_selective_ensemble,test,34,0.6720085470085471
mshse_selective_ensemble,test,35,0.6591880341880342
mshse_selective_ensemble,test,36,0.641025641025641
mshse_selective_ensemble,test,37,0.6431623931623932
mshse_selective_ensemble,test,38,0.6089743589743589
mshse_selective_ensemble,test,39,0.6837606837606838
mshse_selective_ensemble,test,40,0.6794871794871795
mshse_selective_ensemble,test,41,0.6442307692307692
mshse_selective_ensemble,test,42,0.6677350427350428
mshse_selective_ensemble,test,43,0.6121794871794872
mshse_selective_ensemble,test,44,0.5662393162393163
mshse_selective_ensemble,test,45,0.7831196581196581
mshse_selective_ensemble,test,46,0.6762820512820513
mshse_selective_ensemble,test,47,0.6196581196581197
mshse_selective_ensemble,test,48,0.642094017094017
mshse_selective_ensemble,test,49,0.6730769230769231
mshse_selective_ensemble,test,50,0.672008547008547
mshse_selective_ensemble,test,51,0.6485042735042735
mshse_selective_ensemble,test,52,0.7136752136752137
mshse_selective_ensemble,test,53,0.704059829059829
mshse_selective_ensemble,test,54,0.7147435897435898
mshse_selective_ensemble,test,55,0.6741452991452992
mshse_selective_ensemble,test,56,0.6196581196581197
mshse_selective_ensemble,test,57,0.673076923076923
mshse_selective_ensemble,test,58,0.5395299145299146
mshse_selective_ensemble,test,59,0.7553418803418803
mshse_selective_ensemble,test,60,0.5320512820512822
mshse_selective_ensemble,test,61,0.7489316239316239
mshse_selective_ensemble,test,62,0.7478632478632479
mshse_selective_ensemble,test,63,0.7008547008547008
mshse_selective_ensemble,test,64,0.6100427350427351
mshse_selective_ensemble,test,65,0.7126068376068376
mshse_selective_ensemble,test,66,0.7040598290598291
mshse_selective_ensemble,test,67,0.7008547008547008
mshse_selective_ensemble,test,68,0.6826923076923077
mshse_selective_ensemble,test,69,0.6463675213675213
mshse_selective_ensemble,test,70,0.6826923076923077
mshse_selective_ensemble,test,71,0.6378205128205128
mshse_selective_ensemble,test,72,0.6837606837606838
mshse_selective_ensemble,test,73,0.6175213675213675
mshse_selective_ensemble,test,74,0.611111111111111
mshse_selective_ensemble,test,75,0.6623931623931624
mshse_selective_ensemble,test,76,0.5982905982905983
mshse_selective_ensemble,test,77,0.6976495726495726
mshse_selective_ensemble,test,78,0.7072649572649573
mshse_selective_ensemble,test,79,0.6324786324786325
mshse_selective_ensemble,test,80,0.6784188034188035
mshse_selective_ensemble,test,81,0.611111111111111
mshse_selective_ensemble,test,82,0.6153846153846154
mshse_selective_ensemble,test,83,0.6741452991452992
mshse_selective_ensemble,test,84,0.5833333333333333
mshse_selective_ensemble,test,85,0.6356837606837608
mshse_selective_ensemble,test,86,0.7115384615384616
mshse_selective_ensemble,test,87,0.6527777777777778
mshse_selective_ensemble,test,88,0.6442307692307692
mshse_selective_ensemble,test,89,0.7307692307692307
mshse_selective_ensemble,test,90,0.6816239316239316
mshse_selective_ensemble,test,91,0.5491452991452991
mshse_selective_ensemble,test,92,0.6014957264957266
mshse_selective_ensemble,test,93,0.7681623931623931
mshse_selective_ensemble,test,94,0.6645299145299146
mshse_selective_ensemble,test,95,0.6463675213675213
mshse_selective_ensemble,test,96,0.6506410256410257
mshse_selective_ensemble,test,97,0.5064102564102564
mshse_selective_ensemble,test,98,0.5523504273504273
mshse_selective_ensemble,test,99,0.5106837606837606
mshse_selective_ensemble,test,100,0.5737179487179487
mshse_selective_ensemble,test,101,0.6410256410256411
mshse_selective_ensemble,test,102,0.6826923076923077
mshse_selective_ensemble,test,103,0.68482905982906
mshse_selective_ensemble,test,104,0.5683760683760684
mshse_selective_ensemble,test,105,0.6335470085470085
mshse_selective_ensemble,test,106,0.5779914529914529
mshse_selective_ensemble,test,107,0.6645299145299145
mshse_selective_ensemble,test,108,0.5854700854700855
mshse_selective_ensemble,test,109,0.5491452991452992
mshse_selective_ensemble,test,110,0.6346153846153846
mshse_selective_ensemble,test,111,0.7094017094017094
mshse_selective_ensemble,test,112,0.6228632478632479
mshse_selective_ensemble,test,113,0.6207264957264957
mshse_selective_ensemble,test,114,0.6378205128205128
mshse_selective_ensemble,test,115,0.6698717948717948
mshse_selective_ensemble,test,116,0.6901709401709402
mshse_selective_ensemble,test,117,0.8141025641025641
mshse_selective_ensemble,test,118,0.6955128205128205
mshse_selective_ensemble,test,119,0.6207264957264957
mshse_selective_ensemble,test,120,0.5715811965811965
mshse_selective_ensemble,test,121,0.6260683760683761
mshse_selective_ensemble,test,122,0.5897435897435896
mshse_selective_ensemble,test,123,0.7489316239316239
mshse_selective_ensemble,test,124,0.6891025641025642
mshse_selective_ensemble,test,125,0.6762820512820513
mshse_selective_ensemble,test,126,0.670940170940171
mshse_selective_ensemble,test,127,0.6794871794871795
mshse_selective_ensemble,test,128,0.6100427350427351
mshse_selective_ensemble,test,129,0.5641025641025642
mshse_selective_ensemble,test,130,0.7457264957264957
mshse_selective_ensemble,test,131,0.594017094017094
mshse_selective_ensemble,test,132,0.5790598290598291
mshse_selective_ensemble,test,133,0.7136752136752137
mshse_selective_ensemble,test,134,0.7617521367521367
mshse_selective_ensemble,test,135,0.688034188034188
mshse_selective_ensemble,test,136,0.6634615384615384
mshse_selective_ensemble,test,137,0.7019230769230769
mshse_selective_ensemble,test,138,0.5737179487179487
mshse_selective_ensemble,test,139,0.5918803418803419
mshse_selective_ensemble,test,140,0.5448717948717949
mshse_selective_ensemble,test,141,0.6292735042735043
mshse_selective_ensemble,test,142,0.653846153846154
mshse_selective_ensemble,test,143,0.6602564102564104
mshse_selective_ensemble,test,144,0.7307692307692307
mshse_selective_ensemble,test,145,0.7232905982905983
mshse_selective_ensemble,test,146,0.6730769230769231
mshse_selective_ensemble,test,147,0.6452991452991453
mshse_selective_ensemble,test,148,0.7158119658119658
mshse_selective_ensemble,test,149,0.6955128205128205
mshse_selective_ensemble,test,150,0.6987179487179487
mshse_selective_ensemble,test,151,0.5993589743589743
mshse_selective_ensemble,test,152,0.7692307692307692
mshse_selective_ensemble,test,153,0.732905982905983
mshse_selective_ensemble,test,154,0.5801282051282051
mshse_selective_ensemble,test,155,0.6923076923076923
mshse_selective_ensemble,test,156,0.670940170940171
mshse_selective_ensemble,test,157,0.5844017094017094
mshse_selective_ensemble,test,158,0.7051282051282052
mshse_selective_ensemble,test,159,0.6463675213675214
mshse_selective_ensemble,test,160,0.6485042735042734
mshse_selective_ensemble,test,161,0.6388888888888888
mshse_selective_ensemble,test,162,0.6175213675213675
mshse_selective_ensemble,test,163,0.717948717948718
mshse_selective_ensemble,test,164,0.6826923076923077
mshse_selective_ensemble,test,165,0.717948717948718
mshse_selective_ensemble,test,166,0.6292735042735043
mshse_selective_ensemble,test,167,0.6559829059829061
mshse_selective_ensemble,test,168,0.6517094017094017
mshse_selective_ensemble,test,169,0.7446581196581197
mshse_selective_ensemble,test,170,0.6655982905982906
mshse_selective_ensemble,test,171,0.6164529914529914
mshse_selective_ensemble,test,172,0.7083333333333334
mshse_selective_ensemble,test,173,0.5822649572649573
mshse_selective_ensemble,test,174,0.6901709401709402
mshse_selective_ensemble,test,175,0.6121794871794871
mshse_selective_ensemble,test,176,0.6762820512820513
mshse_selective_ensemble,test,177,0.6228632478632479
mshse_selective_ensemble,test,178,0.719017094017094
mshse_selective_ensemble,test,179,0.6773504273504273
mshse_selective_ensemble,test,180,0.6538461538461539
mshse_selective_ensemble,test,181,0.7029914529914529
mshse_selective_ensemble,test,182,0.7532051282051282
mshse_selective_ensemble,test,183,0.6282051282051282
mshse_selective_ensemble,test,184,0.7361111111111112
mshse_selective_ensemble,test,185,0.7371794871794872
mshse_selective_ensemble,test,186,0.6100427350427351
mshse_selective_ensemble,test,187,0.5908119658119658
mshse_selective_ensemble,test,188,0.6623931623931624
mshse_selective_ensemble,test,189,0.5876068376068376
mshse_selective_ensemble,test,190,0.6367521367521368
mshse_selective_ensemble,test,191,0.7094017094017094
mshse_selective_ensemble,test,192,0.6730769230769231
mshse_selective_ensemble,test,193,0.6463675213675214
mshse_selective_ensemble,test,194,0.6228632478632479
mshse_selective_ensemble,test,195,0.5865384615384615
mshse_selective_ensemble,test,196,0.6677350427350427
mshse_selective_ensemble,test,197,0.6933760683760684
mshse_selective_ensemble,test,198,0.592948717948718
mshse_selective_ensemble,test,199,0.6463675213675214
mshse_selective_ensemble,test,200,0.6271367521367521
mshse_selective_ensemble,test,201,0.6324786324786325
mshse_selective_ensemble,test,202,0.701923076923077
mshse_selective_ensemble,test,203,0.6901709401709402
mshse_selective_ensemble,test,204,0.6207264957264957
mshse_selective_ensemble,test,205,0.6997863247863247
mshse_selective_ensemble,test,206,0.6217948717948717
mshse_selective_ensemble,test,207,0.6068376068376069
mshse_selective_ensemble,test,208,0.780982905982906
mshse_selective_ensemble,test,209,0.6485042735042734
mshse_selective_ensemble,test,210,0.5908119658119657
mshse_selective_ensemble,test,211,0.5950854700854701
mshse_selective_ensemble,test,212,0.7403846153846154
mshse_selective_ensemble,test,213,0.6420940170940171
mshse_selective_ensemble,test,214,0.6356837606837606
mshse_selective_ensemble,test,215,0.594017094017094
mshse_selective_ensemble,test,216,0.6613247863247863
mshse_selective_ensemble,test,217,0.6581196581196581
mshse_selective_ensemble,test,218,0.563034188034188
mshse_selective_ensemble,test,219,0.6773504273504274
mshse_selective_ensemble,test,220,0.6442307692307693
mshse_selective_ensemble,test,221,0.5074786324786325
mshse_selective_ensemble,test,222,0.6175213675213675
mshse_selective_ensemble,test,223,0.6634615384615385
mshse_selective_ensemble,test,224,0.7008547008547008
mshse_selective_ensemble,test,225,0.7884615384615384
mshse_selective_ensemble,test,226,0.688034188034188
mshse_selective_ensemble,test,227,0.5790598290598291
mshse_selective_ensemble,test,228,0.6955128205128206
mshse_selective_ensemble,test,229,0.655982905982906
mshse_selective_ensemble,test,230,0.686965811965812
mshse_selective_ensemble,test,231,0.6014957264957265
mshse_selective_ensemble,test,232,0.6047008547008547
mshse_selective_ensemble,test,233,0.6741452991452992
mshse_selective_ensemble,test,234,0.6538461538461539
mshse_selective_ensemble,test,235,0.6452991452991453
mshse_selective_ensemble,test,236,0.6314102564102565
mshse_selective_ensemble,test,237,0.5886752136752137
mshse_selective_ensemble,test,238,0.6452991452991453
mshse_selective_ensemble,test,239,0.6228632478632479
mshse_selective_ensemble,test,240,0.6730769230769231
mshse_selective_ensemble,test,241,0.5683760683760684
mshse_selective_ensemble,test,242,0.6645299145299146
mshse_selective_ensemble,test,243,0.6538461538461539
mshse_selective_ensemble,test,244,0.638888888888889
mshse_selective_ensemble,test,245,0.641025641025641
mshse_selective_ensemble,test,246,0.6538461538461539
mshse_selective_ensemble,test,247,0.6944444444444444
mshse_selective_ensemble,test,248,0.5074786324786325
mshse_selective_ensemble,test,249,0.5662393162393162
mshse_selective_ensemble,test,250,0.642094017094017
mshse_selective_ensemble,test,251,0.5897435897435898
mshse_selective_ensemble,test,252,0.6292735042735043
mshse_selective_ensemble,test,253,0.6495726495726496
mshse_selective_ensemble,test,254,0.641025641025641
mshse_selective_ensemble,test,255,0.6826923076923077
mshse_selective_ensemble,test,256,0.6570512820512822
mshse_selective_ensemble,test,257,0.6143162393162394
mshse_selective_ensemble,test,258,0.7168803418803419
mshse_selective_ensemble,test,259,0.6741452991452992
mshse_selective_ensemble,test,260,0.7008547008547008
mshse_selective_ensemble,test,261,0.7489316239316239
mshse_selective_ensemble,test,262,0.6217948717948718
mshse_selective_ensemble,test,263,0.6121794871794872
mshse_selective_ensemble,test,264,0.7425213675213675
mshse_selective_ensemble,test,265,0.6324786324786325
mshse_selective_ensemble,test,266,0.6025641025641025
mshse_selective_ensemble,test,267,0.6805555555555556
mshse_selective_ensemble,test,268,0.6164529914529915
mshse_selective_ensemble,test,269,0.6688034188034188
mshse_selective_ensemble,test,270,0.657051282051282
mshse_selective_ensemble,test,271,0.6698717948717949
mshse_selective_ensemble,test,272,0.7745726495726495
mshse_selective_ensemble,test,273,0.6228632478632479
mshse_selective_ensemble,test,274,0.6057692307692307
mshse_selective_ensemble,test,275,0.7489316239316239
mshse_selective_ensemble,test,276,0.6891025641025641
mshse_selective_ensemble,test,277,0.6581196581196582
mshse_selective_ensemble,test,278,0.7083333333333334
mshse_selective_ensemble,test,279,0.6912393162393163
mshse_selective_ensemble,test,280,0.641025641025641
mshse_selective_ensemble,test,281,0.6260683760683761
mshse_selective_ensemble,test,282,0.6549145299145299
mshse_selective_ensemble,test,283,0.7126068376068376
mshse_selective_ensemble,test,284,0.6698717948717949
mshse_selective_ensemble,test,285,0.7232905982905983
mshse_selective_ensemble,test,286,0.7072649572649573
mshse_selective_ensemble,test,287,0.6987179487179487
mshse_selective_ensemble,test,288,0.6303418803418803
mshse_selective_ensemble,test,289,0.6121794871794872
mshse_selective_ensemble,test,290,0.7617521367521367
mshse_selective_ensemble,test,291,0.5961538461538461
mshse_selective_ensemble,test,292,0.7211538461538461
mshse_selective_ensemble,test,293,0.6388888888888888
mshse_selective_ensemble,test,294,0.6335470085470085
mshse_selective_ensemble,test,295,0.6805555555555556
mshse_selective_ensemble,test,296,0.6303418803418803
mshse_selective_ensemble,test,297,0.6485042735042735
mshse_selective_ensemble,test,298,0.6185897435897436
mshse_selective_ensemble,test,299,0.5865384615384616
mshse_selective_ensemble,test,300,0.7649572649572649
mshse_selective_ensemble,test,301,0.7211538461538461
mshse_selective_ensemble,test,302,0.6527777777777778
mshse_selective_ensemble,test,303,0.5876068376068375
mshse_selective_ensemble,test,304,0.5598290598290598
mshse_selective_ensemble,test,305,0.6485042735042734
mshse_selective_ensemble,test,306,0.6346153846153847
mshse_selective_ensemble,test,307,0.5886752136752137
mshse_selective_ensemble,test,308,0.6153846153846154
mshse_selective_ensemble,test,309,0.6677350427350427
mshse_selective_ensemble,test,310,0.6271367521367521
mshse_selective_ensemble,test,311,0.7991452991452992
mshse_selective_ensemble,test,312,0.6549145299145299
mshse_selective_ensemble,test,313,0.6143162393162394
mshse_selective_ensemble,test,314,0.6164529914529915
mshse_selective_ensemble,test,315,0.6335470085470085
mshse_selective_ensemble,test,316,0.7147435897435898
mshse_selective_ensemble,test,317,0.688034188034188
mshse_selective_ensemble,test,318,0.6506410256410257
mshse_selective_ensemble,test,319,0.6485042735042735
mshse_selective_ensemble,test,320,0.6613247863247863
mshse_selective_ensemble,test,321,0.7179487179487181
mshse_selective_ensemble,test,322,0.6837606837606838
mshse_selective_ensemble,test,323,0.6976495726495726
mshse_selective_ensemble,test,324,0.5491452991452991
mshse_selective_ensemble,test,325,0.7617521367521367
mshse_selective_ensemble,test,326,0.7264957264957265
mshse_selective_ensemble,test,327,0.6698717948717948
mshse_selective_ensemble,test,328,0.5715811965811965
mshse_selective_ensemble,test,329,0.6709401709401709
mshse_selective_ensemble,test,330,0.7104700854700854
mshse_selective_ensemble,test,331,0.6762820512820513
mshse_selective_ensemble,test,332,0.517094017094017
mshse_selective_ensemble,test,333,0.5662393162393162
mshse_selective_ensemble,test,334,0.7200854700854701
mshse_selective_ensemble,test,335,0.6378205128205128
mshse_selective_ensemble,test,336,0.6388888888888888
mshse_selective_ensemble,test,337,0.6431623931623931
mshse_selective_ensemble,test,338,0.6271367521367521
mshse_selective_ensemble,test,339,0.6485042735042735
mshse_selective_ensemble,test,340,0.6420940170940171
mshse_selective_ensemble,test,341,0.6773504273504274
mshse_selective_ensemble,test,342,0.7222222222222222
mshse_selective_ensemble,test,343,0.5523504273504274
mshse_selective_ensemble,test,344,0.7478632478632479
mshse_selective_ensemble,test,345,0.592948717948718
mshse_selective_ensemble,test,346,0.6591880341880342
mshse_selective_ensemble,test,347,0.5673076923076923
mshse_selective_ensemble,test,348,0.45192307692307687
mshse_selective_ensemble,test,349,0.5363247863247863
mshse_selective_ensemble,test,350,0.7232905982905983
mshse_selective_ensemble,test,351,0.6794871794871795
mshse_selective_ensemble,test,352,0.7222222222222222
mshse_selective_ensemble,test,353,0.6271367521367521
mshse_selective_ensemble,test,354,0.6014957264957266
mshse_selective_ensemble,test,355,0.6623931623931624
mshse_selective_ensemble,test,356,0.6228632478632479
mshse_selective_ensemble,test,357,0.6773504273504274
mshse_selective_ensemble,test,358,0.5833333333333334
mshse_selective_ensemble,test,359,0.6901709401709402
mshse_selective_ensemble,test,360,0.592948717948718
mshse_selective_ensemble,test,361,0.670940170940171
mshse_selective_ensemble,test,362,0.5908119658119658
mshse_selective_ensemble,test,363,0.5854700854700855
mshse_selective_ensemble,test,364,0.6933760683760684
mshse_selective_ensemble,test,365,0.6335470085470085
mshse_selective_ensemble,test,366,0.6773504273504274
mshse_selective_ensemble,test,367,0.5993589743589743
mshse_selective_ensemble,test,368,0.686965811965812
mshse_selective_ensemble,test,369,0.6164529914529915
mshse_selective_ensemble,test,370,0.6677350427350428
mshse_selective_ensemble,test,371,0.5747863247863247
mshse_selective_ensemble,test,372,0.545940170940171
mshse_selective_ensemble,test,373,0.6399572649572649
mshse_selective_ensemble,test,374,0.7435897435897436
mshse_selective_ensemble,test,375,0.7457264957264957
mshse_selective_ensemble,test,376,0.594017094017094
mshse_selective_ensemble,test,377,0.6816239316239316
mshse_selective_ensemble,test,378,0.6036324786324786
mshse_selective_ensemble,test,379,0.6239316239316239
mshse_selective_ensemble,test,380,0.7393162393162392
mshse_selective_ensemble,test,381,0.6805555555555556
mshse_selective_ensemble,test,382,0.6271367521367521
mshse_selective_ensemble,test,383,0.6431623931623932
mshse_selective_ensemble,test,384,0.5822649572649572
mshse_selective_ensemble,test,385,0.763888888888889
mshse_selective_ensemble,test,386,0.6335470085470086
mshse_selective_ensemble,test,387,0.6207264957264957
mshse_selective_ensemble,test,388,0.655982905982906
mshse_selective_ensemble,test,389,0.5598290598290598
mshse_selective_ensemble,test,390,0.6356837606837606
mshse_selective_ensemble,test,391,0.7243589743589743
mshse_selective_ensemble,test,392,0.6848290598290598
mshse_selective_ensemble,test,393,0.6901709401709402
mshse_selective_ensemble,test,394,0.6495726495726496
mshse_selective_ensemble,test,395,0.7489316239316239
mshse_selective_ensemble,test,396,0.6217948717948718
mshse_selective_ensemble,test,397,0.6506410256410257
mshse_selective_ensemble,test,398,0.6485042735042734
mshse_selective_ensemble,test,399,0.6121794871794872
mshse_selective_ensemble,test,400,0.6025641025641025
mshse_selective_ensemble,test,401,0.6314102564102564
mshse_selective_ensemble,test,402,0.6762820512820513
mshse_selective_ensemble,test,403,0.7318376068376068
mshse_selective_ensemble,test,404,0.6987179487179488
mshse_selective_ensemble,test,405,0.5886752136752137
mshse_selective_ensemble,test,406,0.655982905982906
mshse_selective_ensemble,test,407,0.5363247863247864
mshse_selective_ensemble,test,408,0.7606837606837606
mshse_selective_ensemble,test,409,0.6100427350427351
mshse_selective_ensemble,test,410,0.6698717948717948
mshse_selective_ensemble,test,411,0.6367521367521367
mshse_selective_ensemble,test,412,0.6901709401709402
mshse_selective_ensemble,test,413,0.625
mshse_selective_ensemble,test,414,0.642094017094017
mshse_selective_ensemble,test,415,0.733974358974359
mshse_selective_ensemble,test,416,0.672008547008547
mshse_selective_ensemble,test,417,0.6175213675213674
mshse_selective_ensemble,test,418,0.6442307692307693
mshse_selective_ensemble,test,419,0.6581196581196581
mshse_selective_ensemble,test,420,0.6196581196581197
mshse_selective_ensemble,test,421,0.6891025641025641
mshse_selective_ensemble,test,422,0.6399572649572649
mshse_selective_ensemble,test,423,0.6816239316239316
mshse_selective_ensemble,test,424,0.6153846153846154
mshse_selective_ensemble,test,425,0.6901709401709402
mshse_selective_ensemble,test,426,0.658119658119658
mshse_selective_ensemble,test,427,0.6677350427350427
mshse_selective_ensemble,test,428,0.7051282051282052
mshse_selective_ensemble,test,429,0.5438034188034189
mshse_selective_ensemble,test,430,0.6378205128205128
mshse_selective_ensemble,test,431,0.6805555555555556
mshse_selective_ensemble,test,432,0.7585470085470085
mshse_selective_ensemble,test,433,0.6431623931623932
mshse_selective_ensemble,test,434,0.6207264957264957
mshse_selective_ensemble,test,435,0.5961538461538461
mshse_selective_ensemble,test,436,0.6036324786324786
mshse_selective_ensemble,test,437,0.657051282051282
mshse_selective_ensemble,test,438,0.6987179487179488
mshse_selective_ensemble,test,439,0.7382478632478633
mshse_selective_ensemble,test,440,0.6196581196581197
mshse_selective_ensemble,test,441,0.688034188034188
mshse_selective_ensemble,test,442,0.7489316239316239
mshse_selective_ensemble,test,443,0.611111111111111
mshse_selective_ensemble,test,444,0.610042735042735
mshse_selective_ensemble,test,445,0.6698717948717949
mshse_selective_ensemble,test,446,0.7083333333333334
mshse_selective_ensemble,test,447,0.6367521367521367
mshse_selective_ensemble,test,448,0.6463675213675214
mshse_selective_ensemble,test,449,0.6688034188034189
mshse_selective_ensemble,test,450,0.5961538461538461
mshse_selective_ensemble,test,451,0.6965811965811965
mshse_selective_ensemble,test,452,0.7115384615384616
mshse_selective_ensemble,test,453,0.5331196581196581
mshse_selective_ensemble,test,454,0.6688034188034189
mshse_selective_ensemble,test,455,0.6143162393162392
mshse_selective_ensemble,test,456,0.5662393162393162
mshse_selective_ensemble,test,457,0.7158119658119658
mshse_selective_ensemble,test,458,0.6965811965811965
mshse_selective_ensemble,test,459,0.6613247863247863
mshse_selective_ensemble,test,460,0.6282051282051282
mshse_selective_ensemble,test,461,0.6623931623931625
mshse_selective_ensemble,test,462,0.719017094017094
mshse_selective_ensemble,test,463,0.5908119658119658
mshse_selective_ensemble,test,464,0.5544871794871795
mshse_selective_ensemble,test,465,0.6944444444444444
mshse_selective_ensemble,test,466,0.7243589743589743
mshse_selective_ensemble,test,467,0.7126068376068376
mshse_selective_ensemble,test,468,0.7425213675213674
mshse_selective_ensemble,test,469,0.6837606837606838
mshse_selective_ensemble,test,470,0.6688034188034188
mshse_selective_ensemble,test,471,0.5929487179487178
mshse_selective_ensemble,test,472,0.6613247863247864
mshse_selective_ensemble,test,473,0.6549145299145299
mshse_selective_ensemble,test,474,0.5726495726495726
mshse_selective_ensemble,test,475,0.7382478632478632
mshse_selective_ensemble,test,476,0.7596153846153846
mshse_selective_ensemble,test,477,0.7051282051282051
mshse_selective_ensemble,test,478,0.7542735042735043
mshse_selective_ensemble,test,479,0.5908119658119658
mshse_selective_ensemble,test,480,0.6997863247863249
mshse_selective_ensemble,test,481,0.6207264957264957
mshse_selective_ensemble,test,482,0.7051282051282051
mshse_selective_ensemble,test,483,0.6591880341880342
mshse_selective_ensemble,test,484,0.6698717948717949
mshse_selective_ensemble,test,485,0.642094017094017
mshse_selective_ensemble,test,486,0.7457264957264957
mshse_selective_ensemble,test,487,0.6485042735042735
mshse_selective_ensemble,test,488,0.7425213675213675
mshse_selective_ensemble,test,489,0.7478632478632479
mshse_selective_ensemble,test,490,0.7115384615384616
mshse_selective_ensemble,test,491,0.7094017094017093
mshse_selective_ensemble,test,492,0.6538461538461539
mshse_selective_ensemble,test,493,0.7553418803418803
mshse_selective_ensemble,test,494,0.5876068376068376
mshse_selective_ensemble,test,495,0.6314102564102564
mshse_selective_ensemble,test,496,0.6388888888888888
mshse_selective_ensemble,test,497,0.672008547008547
mshse_selective_ensemble,test,498,0.7489316239316239
mshse_selective_ensemble,test,499,0.5758547008547009
mshse_selective_ensemble,test,500,0.717948717948718
mshse_selective_ensemble,test,501,0.563034188034188
mshse_selective_ensemble,test,502,0.6111111111111112
mshse_selective_ensemble,test,503,0.7435897435897436
mshse_selective_ensemble,test,504,0.6997863247863249
mshse_selective_ensemble,test,505,0.6837606837606838
mshse_selective_ensemble,test,506,0.6677350427350427
mshse_selective_ensemble,test,507,0.4850427350427351
mshse_selective_ensemble,test,508,0.5320512820512822
mshse_selective_ensemble,test,509,0.608974358974359
mshse_selective_ensemble,test,510,0.6260683760683761
mshse_selective_ensemble,test,511,0.6912393162393162
mshse_selective_ensemble,test,512,0.5715811965811965
mshse_selective_ensemble,test,513,0.6367521367521367
mshse_selective_ensemble,test,514,0.6944444444444445
mshse_selective_ensemble,test,515,0.7489316239316239
mshse_selective_ensemble,test,516,0.625
mshse_selective_ensemble,test,517,0.7211538461538461
mshse_selective_ensemble,test,518,0.6175213675213677
mshse_selective_ensemble,test,519,0.5811965811965812
mshse_selective_ensemble,test,520,0.7072649572649573
mshse_selective_ensemble,test,521,0.6955128205128205
mshse_selective_ensemble,test,522,0.701923076923077
mshse_selective_ensemble,test,523,0.6143162393162392
mshse_selective_ensemble,test,524,0.6346153846153846
mshse_selective_ensemble,test,525,0.6677350427350428
mshse_selective_ensemble,test,526,0.6666666666666666
mshse_selective_ensemble,test,527,0.6164529914529915
mshse_selective_ensemble,test,528,0.7585470085470085
mshse_selective_ensemble,test,529,0.6303418803418803
mshse_selective_ensemble,test,530,0.7286324786324787
mshse_selective_ensemble,test,531,0.6047008547008548
mshse_selective_ensemble,test,532,0.7702991452991452
mshse_selective_ensemble,test,533,0.6858974358974358
mshse_selective_ensemble,test,534,0.6666666666666666
mshse_selective_ensemble,test,535,0.532051282051282
mshse_selective_ensemble,test,536,0.6645299145299145
mshse_selective_ensemble,test,537,0.6314102564102564
mshse_selective_ensemble,test,538,0.6613247863247863
mshse_selective_ensemble,test,539,0.5288461538461539
mshse_selective_ensemble,test,540,0.5384615384615384
mshse_selective_ensemble,test,541,0.6581196581196581
mshse_selective_ensemble,test,542,0.6474358974358975
mshse_selective_ensemble,test,543,0.670940170940171
mshse_selective_ensemble,test,544,0.6335470085470086
mshse_selective_ensemble,test,545,0.6623931623931624
mshse_selective_ensemble,test,546,0.641025641025641
mshse_selective_ensemble,test,547,0.6153846153846154
mshse_selective_ensemble,test,548,0.7168803418803419
mshse_selective_ensemble,test,549,0.7083333333333334
mshse_selective_ensemble,test,550,0.7852564102564102
mshse_selective_ensemble,test,551,0.7115384615384616
mshse_selective_ensemble,test,552,0.6997863247863247
mshse_selective_ensemble,test,553,0.6282051282051282
mshse_selective_ensemble,test,554,0.7788461538461539
mshse_selective_ensemble,test,555,0.6335470085470086
mshse_selective_ensemble,test,556,0.6944444444444444
mshse_selective_ensemble,test,557,0.6944444444444445
mshse_selective_ensemble,test,558,0.6228632478632479
mshse_selective_ensemble,test,559,0.5149572649572649
mshse_selective_ensemble,test,560,0.7905982905982907
mshse_selective_ensemble,test,561,0.7115384615384616
mshse_selective_ensemble,test,562,0.6816239316239316
mshse_selective_ensemble,test,563,0.7916666666666666
mshse_selective_ensemble,test,564,0.6634615384615384
mshse_selective_ensemble,test,565,0.7094017094017094
mshse_selective_ensemble,test,566,0.5373931623931625
mshse_selective_ensemble,test,567,0.7414529914529915
mshse_selective_ensemble,test,568,0.5769230769230769
mshse_selective_ensemble,test,569,0.6784188034188035
mshse_selective_ensemble,test,570,0.6784188034188035
mshse_selective_ensemble,test,571,0.6506410256410257
mshse_selective_ensemble,test,572,0.5865384615384616
mshse_selective_ensemble,test,573,0.6912393162393162
mshse_selective_ensemble,test,574,0.686965811965812
mshse_selective_ensemble,test,575,0.6452991452991452
mshse_selective_ensemble,test,576,0.7051282051282051
mshse_selective_ensemble,test,577,0.6965811965811965
mshse_selective_ensemble,test,578,0.5010683760683761
mshse_selective_ensemble,test,579,0.7136752136752137
mshse_selective_ensemble,test,580,0.5683760683760684
mshse_selective_ensemble,test,581,0.7831196581196581
mshse_selective_ensemble,test,582,0.6367521367521367
mshse_selective_ensemble,test,583,0.6057692307692307
mshse_selective_ensemble,test,584,0.6495726495726496
mshse_selective_ensemble,test,585,0.657051282051282
mshse_selective_ensemble,test,586,0.6474358974358974
mshse_selective_ensemble,test,587,0.6143162393162394
mshse_selective_ensemble,test,588,0.5491452991452992
mshse_selective_ensemble,test,589,0.6164529914529914
mshse_selective_ensemble,test,590,0.6452991452991452
mshse_selective_ensemble,test,591,0.611111111111111
mshse_selective_ensemble,test,592,0.6527777777777778
mshse_selective_ensemble,test,593,0.6955128205128205
mshse_selective_ensemble,test,594,0.6025641025641026
mshse_selective_ensemble,test,595,0.6848290598290598
mshse_selective_ensemble,test,596,0.6495726495726496
mshse_selective_ensemble,test,597,0.7072649572649573
mshse_selective_ensemble,test,598,0.7414529914529915
mshse_selective_ensemble,test,599,0.6688034188034189
mshse_selective_ensemble,test,600,0.7702991452991453
mshse_selective_ensemble,test,601,0.5299145299145299
mshse_selective_ensemble,test,602,0.6132478632478632
mshse_selective_ensemble,test,603,0.7318376068376068
mshse_selective_ensemble,test,604,0.6645299145299145
mshse_selective_ensemble,test,605,0.6976495726495726
mshse_selective_ensemble,test,606,0.6965811965811967
mshse_selective_ensemble,test,607,0.702991452991453
mshse_selective_ensemble,test,608,0.563034188034188
mshse_selective_ensemble,test,609,0.6260683760683761
mshse_selective_ensemble,test,610,0.7061965811965811
mshse_selective_ensemble,test,611,0.6175213675213674
mshse_selective_ensemble,test,612,0.6901709401709402
mshse_selective_ensemble,test,613,0.5876068376068376
mshse_selective_ensemble,test,614,0.6025641025641025
mshse_selective_ensemble,test,615,0.6517094017094017
mshse_selective_ensemble,test,616,0.6442307692307693
mshse_selective_ensemble,test,617,0.6591880341880342
mshse_selective_ensemble,test,618,0.638888888888889
mshse_selective_ensemble,test,619,0.6976495726495727
mshse_selective_ensemble,test,620,0.6709401709401709
mshse_selective_ensemble,test,621,0.6559829059829061
mshse_selective_ensemble,test,622,0.7905982905982907
mshse_selective_ensemble,test,623,0.6036324786324787
mshse_selective_ensemble,test,624,0.5662393162393162
mshse_selective_ensemble,test,625,0.6677350427350428
mshse_selective_ensemble,test,626,0.6581196581196581
mshse_selective_ensemble,test,627,0.6816239316239316
mshse_selective_ensemble,test,628,0.6837606837606838
mshse_selective_ensemble,test,629,0.7489316239316239
mshse_selective_ensemble,test,630,0.6901709401709402
mshse_selective_ensemble,test,631,0.6324786324786325
mshse_selective_ensemble,test,632,0.6506410256410257
mshse_selective_ensemble,test,633,0.5950854700854701
mshse_selective_ensemble,test,634,0.686965811965812
mshse_selective_ensemble,test,635,0.6794871794871794
mshse_selective_ensemble,test,636,0.6538461538461539
mshse_selective_ensemble,test,637,0.6762820512820513
mshse_selective_ensemble,test,638,0.5801282051282051
mshse_selective_ensemble,test,639,0.6036324786324787
mshse_selective_ensemble,test,640,0.6260683760683761
mshse_selective_ensemble,test,641,0.6698717948717948
mshse_selective_ensemble,test,642,0.592948717948718
mshse_selective_ensemble,test,643,0.6741452991452992
mshse_selective_ensemble,test,644,0.7467948717948718
mshse_selective_ensemble,test,645,0.7136752136752136
mshse_selective_ensemble,test,646,0.7905982905982906
mshse_selective_ensemble,test,647,0.7307692307692307
mshse_selective_ensemble,test,648,0.6976495726495726
mshse_selective_ensemble,test,649,0.46474358974358976
mshse_selective_ensemble,test,650,0.6784188034188035
mshse_selective_ensemble,test,651,0.7702991452991453
mshse_selective_ensemble,test,652,0.7200854700854701
mshse_selective_ensemble,test,653,0.6816239316239316
mshse_selective_ensemble,test,654,0.7403846153846154
mshse_selective_ensemble,test,655,0.719017094017094
mshse_selective_ensemble,test,656,0.4861111111111111
mshse_selective_ensemble,test,657,0.7350427350427351
mshse_selective_ensemble,test,658,0.5886752136752137
mshse_selective_ensemble,test,659,0.6613247863247863
mshse_selective_ensemble,test,660,0.5844017094017094
mshse_selective_ensemble,test,661,0.5715811965811965
mshse_selective_ensemble,test,662,0.7008547008547008
mshse_selective_ensemble,test,663,0.7158119658119658
mshse_selective_ensemble,test,664,0.6858974358974359
mshse_selective_ensemble,test,665,0.6923076923076923
mshse_selective_ensemble,test,666,0.6784188034188035
mshse_selective_ensemble,test,667,0.6955128205128205
mshse_selective_ensemble,test,668,0.5982905982905983
mshse_selective_ensemble,test,669,0.6506410256410255
mshse_selective_ensemble,test,670,0.6613247863247864
mshse_selective_ensemble,test,671,0.7168803418803419
mshse_selective_ensemble,test,672,0.6709401709401709
mshse_selective_ensemble,test,673,0.49786324786324787
mshse_selective_ensemble,test,674,0.6292735042735043
mshse_selective_ensemble,test,675,0.5491452991452992
mshse_selective_ensemble,test,676,0.5683760683760684
mshse_selective_ensemble,test,677,0.7510683760683761
mshse_selective_ensemble,test,678,0.6474358974358974
mshse_selective_ensemble,test,679,0.6271367521367521
mshse_selective_ensemble,test,680,0.6431623931623932
mshse_selective_ensemble,test,681,0.6613247863247863
mshse_selective_ensemble,test,682,0.7329059829059829
mshse_selective_ensemble,test,683,0.5833333333333334
mshse_selective_ensemble,test,684,0.6858974358974359
mshse_selective_ensemble,test,685,0.6923076923076923
mshse_selective_ensemble,test,686,0.6399572649572649
mshse_selective_ensemble,test,687,0.7051282051282052
mshse_selective_ensemble,test,688,0.6955128205128205
mshse_selective_ensemble,test,689,0.6442307692307693
mshse_selective_ensemble,test,690,0.6175213675213675
mshse_selective_ensemble,test,691,0.6463675213675214
mshse_selective_ensemble,test,692,0.7126068376068376
mshse_selective_ensemble,test,693,0.8034188034188033
mshse_selective_ensemble,test,694,0.5747863247863247
mshse_selective_ensemble,test,695,0.7318376068376069
mshse_selective_ensemble,test,696,0.6004273504273504
mshse_selective_ensemble,test,697,0.6314102564102565
mshse_selective_ensemble,test,698,0.7542735042735043
mshse_selective_ensemble,test,699,0.6688034188034188
mshse_selective_ensemble,test,700,0.7158119658119658
mshse_selective_ensemble,test,701,0.6891025641025641
mshse_selective_ensemble,test,702,0.625
mshse_selective_ensemble,test,703,0.7382478632478633
mshse_selective_ensemble,test,704,0.6602564102564102
mshse_selective_ensemble,test,705,0.6581196581196581
mshse_selective_ensemble,test,706,0.5694444444444444
mshse_selective_ensemble,test,707,0.5950854700854701
mshse_selective_ensemble,test,708,0.7617521367521367
mshse_selective_ensemble,test,709,0.6207264957264957
mshse_selective_ensemble,test,710,0.5844017094017094
mshse_selective_ensemble,test,711,0.6623931623931624
mshse_selective_ensemble,test,712,0.6773504273504274
mshse_selective_ensemble,test,713,0.6346153846153846
mshse_selective_ensemble,test,714,0.6848290598290598
mshse_selective_ensemble,test,715,0.5950854700854701
mshse_selective_ensemble,test,716,0.5833333333333334
mshse_selective_ensemble,test,717,0.6335470085470086
mshse_selective_ensemble,test,718,0.6848290598290598
mshse_selective_ensemble,test,719,0.6987179487179487
mshse_selective_ensemble,test,720,0.6271367521367521
mshse_selective_ensemble,test,721,0.6805555555555556
mshse_selective_ensemble,test,722,0.6196581196581197
mshse_selective_ensemble,test,723,0.5897435897435896
mshse_selective_ensemble,test,724,0.6773504273504274
mshse_selective_ensemble,test,725,0.6047008547008548
mshse_selective_ensemble,test,726,0.7275641025641026
mshse_selective_ensemble,test,727,0.6752136752136753
mshse_selective_ensemble,test,728,0.6100427350427351
mshse_selective_ensemble,test,729,0.670940170940171
mshse_selective_ensemble,test,730,0.733974358974359
mshse_selective_ensemble,test,731,0.6324786324786325
mshse_selective_ensemble,test,732,0.6816239316239316
mshse_selective_ensemble,test,733,0.6666666666666666
mshse_selective_ensemble,test,734,0.6164529914529915
mshse_selective_ensemble,test,735,0.6570512820512819
mshse_selective_ensemble,test,736,0.6773504273504274
mshse_selective_ensemble,test,737,0.7873931623931624
mshse_selective_ensemble,test,738,0.4829059829059829
mshse_selective_ensemble,test,739,0.6965811965811965
mshse_selective_ensemble,test,740,0.6185897435897436
mshse_selective_ensemble,test,741,0.6688034188034188
mshse_selective_ensemble,test,742,0.6965811965811967
mshse_selective_ensemble,test,743,0.6944444444444444
mshse_selective_ensemble,test,744,0.7072649572649573
mshse_selective_ensemble,test,745,0.7574786324786326
mshse_selective_ensemble,test,746,0.6741452991452992
mshse_selective_ensemble,test,747,0.5608974358974359
mshse_selective_ensemble,test,748,0.6805555555555555
mshse_selective_ensemble,test,749,0.7478632478632479
mshse_selective_ensemble,test,750,0.6698717948717948
mshse_selective_ensemble,test,751,0.6805555555555556
mshse_selective_ensemble,test,752,0.7147435897435898
mshse_selective_ensemble,test,753,0.5064102564102564
mshse_selective_ensemble,test,754,0.6965811965811965
mshse_selective_ensemble,test,755,0.7232905982905983
mshse_selective_ensemble,test,756,0.7521367521367521
mshse_selective_ensemble,test,757,0.6634615384615385
mshse_selective_ensemble,test,758,0.6442307692307692
mshse_selective_ensemble,test,759,0.6858974358974359
mshse_selective_ensemble,test,760,0.6442307692307692
mshse_selective_ensemble,test,761,0.7713675213675214
mshse_selective_ensemble,test,762,0.6485042735042734
mshse_selective_ensemble,test,763,0.6634615384615384
mshse_selective_ensemble,test,764,0.5480769230769231
mshse_selective_ensemble,test,765,0.702991452991453
mshse_selective_ensemble,test,766,0.6538461538461539
mshse_selective_ensemble,test,767,0.6955128205128205
mshse_selective_ensemble,test,768,0.6175213675213674
mshse_selective_ensemble,test,769,0.686965811965812
mshse_selective_ensemble,test,770,0.7724358974358975
mshse_selective_ensemble,test,771,0.5811965811965812
mshse_selective_ensemble,test,772,0.7393162393162394
mshse_selective_ensemble,test,773,0.6997863247863247
mshse_selective_ensemble,test,774,0.6442307692307693
mshse_selective_ensemble,test,775,0.6399572649572649
mshse_selective_ensemble,test,776,0.6976495726495727
mshse_selective_ensemble,test,777,0.655982905982906
mshse_selective_ensemble,test,778,0.7158119658119658
mshse_selective_ensemble,test,779,0.5822649572649572
mshse_selective_ensemble,test,780,0.6848290598290598
mshse_selective_ensemble,test,781,0.7158119658119658
mshse_selective_ensemble,test,782,0.6292735042735043
mshse_selective_ensemble,test,783,0.6602564102564102
mshse_selective_ensemble,test,784,0.7264957264957266
mshse_selective_ensemble,test,785,0.5544871794871795
mshse_selective_ensemble,test,786,0.6837606837606838
mshse_selective_ensemble,test,787,0.6185897435897436
mshse_selective_ensemble,test,788,0.6164529914529914
mshse_selective_ensemble,test,789,0.686965811965812
mshse_selective_ensemble,test,790,0.7446581196581197
mshse_selective_ensemble,test,791,0.5395299145299146
mshse_selective_ensemble,test,792,0.6068376068376069
mshse_selective_ensemble,test,793,0.6260683760683761
mshse_selective_ensemble,test,794,0.7115384615384615
mshse_selective_ensemble,test,795,0.6057692307692307
mshse_selective_ensemble,test,796,0.6207264957264957
mshse_selective_ensemble,test,797,0.6057692307692307
mshse_selective_ensemble,test,798,0.7147435897435898
mshse_selective_ensemble,test,799,0.7799145299145299
mshse_selective_ensemble,test,800,0.6549145299145299
mshse_selective_ensemble,test,801,0.6335470085470085
mshse_selective_ensemble,test,802,0.38247863247863245
mshse_selective_ensemble,test,803,0.6143162393162394
mshse_selective_ensemble,test,804,0.5801282051282052
mshse_selective_ensemble,test,805,0.7596153846153847
mshse_selective_ensemble,test,806,0.6527777777777778
mshse_selective_ensemble,test,807,0.6623931623931624
mshse_selective_ensemble,test,808,0.5886752136752137
mshse_selective_ensemble,test,809,0.6485042735042735
mshse_selective_ensemble,test,810,0.641025641025641
mshse_selective_ensemble,test,811,0.7158119658119658
mshse_selective_ensemble,test,812,0.5811965811965812
mshse_selective_ensemble,test,813,0.6933760683760684
mshse_selective_ensemble,test,814,0.5790598290598291
mshse_selective_ensemble,test,815,0.5972222222222222
mshse_selective_ensemble,test,816,0.7297008547008547
mshse_selective_ensemble,test,817,0.6816239316239316
mshse_selective_ensemble,test,818,0.6891025641025641
mshse_selective_ensemble,test,819,0.7104700854700854
mshse_selective_ensemble,test,820,0.6741452991452991
mshse_selective_ensemble,test,821,0.7008547008547009
mshse_selective_ensemble,test,822,0.6036324786324786
mshse_selective_ensemble,test,823,0.5715811965811967
mshse_selective_ensemble,test,824,0.5918803418803419
mshse_selective_ensemble,test,825,0.686965811965812
mshse_selective_ensemble,test,826,0.7243589743589745
mshse_selective_ensemble,test,827,0.657051282051282
mshse_selective_ensemble,test,828,0.717948717948718
mshse_selective_ensemble,test,829,0.6848290598290597
mshse_selective_ensemble,test,830,0.5950854700854701
mshse_selective_ensemble,test,831,0.6378205128205128
mshse_selective_ensemble,test,832,0.7243589743589742
mshse_selective_ensemble,test,833,0.6623931623931625
mshse_selective_ensemble,test,834,0.625
mshse_selective_ensemble,test,835,0.5972222222222222
mshse_selective_ensemble,test,836,0.6367521367521368
mshse_selective_ensemble,test,837,0.6527777777777778
mshse_selective_ensemble,test,838,0.5480769230769231
mshse_selective_ensemble,test,839,0.7542735042735043
mshse_selective_ensemble,test,840,0.6741452991452991
mshse_selective_ensemble,test,841,0.5811965811965811
mshse_selective_ensemble,test,842,0.5876068376068376
mshse_selective_ensemble,test,843,0.6773504273504274
mshse_selective_ensemble,test,844,0.5972222222222222
mshse_selective_ensemble,test,845,0.6004273504273504
mshse_selective_ensemble,test,846,0.5950854700854701
mshse_selective_ensemble,test,847,0.5779914529914529
mshse_selective_ensemble,test,848,0.5074786324786325
mshse_selective_ensemble,test,849,0.6997863247863249
mshse_selective_ensemble,test,850,0.7393162393162392
mshse_selective_ensemble,test,851,0.7553418803418803
mshse_selective_ensemble,test,852,0.5576923076923077
mshse_selective_ensemble,test,853,0.6666666666666666
mshse_selective_ensemble,test,854,0.717948717948718
mshse_selective_ensemble,test,855,0.5833333333333334
mshse_selective_ensemble,test,856,0.625
mshse_selective_ensemble,test,857,0.5641025641025641
mshse_selective_ensemble,test,858,0.6207264957264957
mshse_selective_ensemble,test,859,0.6901709401709402
mshse_selective_ensemble,test,860,0.5876068376068376
mshse_selective_ensemble,test,861,0.6047008547008547
mshse_selective_ensemble,test,862,0.6655982905982906
mshse_selective_ensemble,test,863,0.6431623931623931
mshse_selective_ensemble,test,864,0.48183760683760685
mshse_selective_ensemble,test,865,0.735042735042735
mshse_selective_ensemble,test,866,0.6826923076923077
mshse_selective_ensemble,test,867,0.6431623931623931
mshse_selective_ensemble,test,868,0.6367521367521368
mshse_selective_ensemble,test,869,0.7371794871794872
mshse_selective_ensemble,test,870,0.5908119658119658
mshse_selective_ensemble,test,871,0.5908119658119658
mshse_selective_ensemble,test,872,0.6688034188034188
mshse_selective_ensemble,test,873,0.7286324786324786
mshse_selective_ensemble,test,874,0.6891025641025641
mshse_selective_ensemble,test,875,0.6762820512820513
mshse_selective_ensemble,test,876,0.6260683760683761
mshse_selective_ensemble,test,877,0.7019230769230769
mshse_selective_ensemble,test,878,0.6207264957264957
mshse_selective_ensemble,test,879,0.7297008547008547
mshse_selective_ensemble,test,880,0.7254273504273504
mshse_selective_ensemble,test,881,0.7660256410256411
mshse_selective_ensemble,test,882,0.6869658119658119
mshse_selective_ensemble,test,883,0.642094017094017
mshse_selective_ensemble,test,884,0.6623931623931625
mshse_selective_ensemble,test,885,0.6282051282051282
mshse_selective_ensemble,test,886,0.6858974358974359
mshse_selective_ensemble,test,887,0.701923076923077
mshse_selective_ensemble,test,888,0.7200854700854701
mshse_selective_ensemble,test,889,0.6912393162393163
mshse_selective_ensemble,test,890,0.6955128205128205
mshse_selective_ensemble,test,891,0.6025641025641025
mshse_selective_ensemble,test,892,0.7991452991452991
mshse_selective_ensemble,test,893,0.7115384615384616
mshse_selective_ensemble,test,894,0.6837606837606838
mshse_selective_ensemble,test,895,0.6292735042735043
mshse_selective_ensemble,test,896,0.5534188034188035
mshse_selective_ensemble,test,897,0.6517094017094017
mshse_selective_ensemble,test,898,0.6271367521367521
mshse_selective_ensemble,test,899,0.7232905982905983
mshse_selective_ensemble,test,900,0.6153846153846154
mshse_selective_ensemble,test,901,0.6591880341880342
mshse_selective_ensemble,test,902,0.6688034188034188
mshse_selective_ensemble,test,903,0.611111111111111
mshse_selective_ensemble,test,904,0.548076923076923
mshse_selective_ensemble,test,905,0.7681623931623932
mshse_selective_ensemble,test,906,0.6826923076923077
mshse_selective_ensemble,test,907,0.6549145299145299
mshse_selective_ensemble,test,908,0.5480769230769231
mshse_selective_ensemble,test,909,0.7211538461538461
mshse_selective_ensemble,test,910,0.7446581196581197
mshse_selective_ensemble,test,911,0.6688034188034189
mshse_selective_ensemble,test,912,0.7574786324786325
mshse_selective_ensemble,test,913,0.6698717948717949
mshse_selective_ensemble,test,914,0.6367521367521368
mshse_selective_ensemble,test,915,0.7478632478632478
mshse_selective_ensemble,test,916,0.6175213675213675
mshse_selective_ensemble,test,917,0.6431623931623931
mshse_selective_ensemble,test,918,0.6752136752136751
mshse_selective_ensemble,test,919,0.7478632478632479
mshse_selective_ensemble,test,920,0.6923076923076924
mshse_selective_ensemble,test,921,0.6602564102564102
mshse_selective_ensemble,test,922,0.6228632478632479
mshse_selective_ensemble,test,923,0.6474358974358975
mshse_selective_ensemble,test,924,0.639957264957265
mshse_selective_ensemble,test,925,0.6997863247863247
mshse_selective_ensemble,test,926,0.6068376068376069
mshse_selective_ensemble,test,927,0.6784188034188033
mshse_selective_ensemble,test,928,0.6602564102564102
mshse_selective_ensemble,test,929,0.7435897435897436
mshse_selective_ensemble,test,930,0.7008547008547009
mshse_selective_ensemble,test,931,0.6794871794871794
mshse_selective_ensemble,test,932,0.5972222222222223
mshse_selective_ensemble,test,933,0.7083333333333333
mshse_selective_ensemble,test,934,0.6217948717948718
mshse_selective_ensemble,test,935,0.6538461538461537
mshse_selective_ensemble,test,936,0.7425213675213674
mshse_selective_ensemble,test,937,0.6121794871794872
mshse_selective_ensemble,test,938,0.7136752136752137
mshse_selective_ensemble,test,939,0.6645299145299145
mshse_selective_ensemble,test,940,0.7211538461538461
mshse_selective_ensemble,test,941,0.717948717948718
mshse_selective_ensemble,test,942,0.5779914529914529
mshse_selective_ensemble,test,943,0.8044871794871794
mshse_selective_ensemble,test,944,0.6698717948717948
mshse_selective_ensemble,test,945,0.7371794871794872
mshse_selective_ensemble,test,946,0.6474358974358975
mshse_selective_ensemble,test,947,0.6260683760683761
mshse_selective_ensemble,test,948,0.5523504273504274
mshse_selective_ensemble,test,949,0.6538461538461539
mshse_selective_ensemble,test,950,0.6762820512820512
mshse_selective_ensemble,test,951,0.6891025641025641
mshse_selective_ensemble,test,952,0.7606837606837606
mshse_selective_ensemble,test,953,0.657051282051282
mshse_selective_ensemble,test,954,0.6517094017094017
mshse_selective_ensemble,test,955,0.6100427350427351
mshse_selective_ensemble,test,956,0.6976495726495726
mshse_selective_ensemble,test,957,0.7168803418803419
mshse_selective_ensemble,test,958,0.5502136752136753
mshse_selective_ensemble,test,959,0.6292735042735043
mshse_selective_ensemble,test,960,0.5160256410256411
mshse_selective_ensemble,test,961,0.6356837606837606
mshse_selective_ensemble,test,962,0.6057692307692308
mshse_selective_ensemble,test,963,0.610042735042735
mshse_selective_ensemble,test,964,0.6452991452991453
mshse_selective_ensemble,test,965,0.6121794871794871
mshse_selective_ensemble,test,966,0.7425213675213675
mshse_selective_ensemble,test,967,0.5641025641025641
mshse_selective_ensemble,test,968,0.6346153846153846
mshse_selective_ensemble,test,969,0.6538461538461539
mshse_selective_ensemble,test,970,0.5363247863247863
mshse_selective_ensemble,test,971,0.6506410256410255
mshse_selective_ensemble,test,972,0.7126068376068376
mshse_selective_ensemble,test,973,0.6185897435897436
mshse_selective_ensemble,test,974,0.7200854700854701
mshse_selective_ensemble,test,975,0.6741452991452991
mshse_selective_ensemble,test,976,0.673076923076923
mshse_selective_ensemble,test,977,0.813034188034188
mshse_selective_ensemble,test,978,0.6431623931623932
mshse_selective_ensemble,test,979,0.516025641025641
mshse_selective_ensemble,test,980,0.6602564102564102
mshse_selective_ensemble,test,981,0.7147435897435898
mshse_selective_ensemble,test,982,0.6688034188034188
mshse_selective_ensemble,test,983,0.7307692307692308
mshse_selective_ensemble,test,984,0.5972222222222222
mshse_selective_ensemble,test,985,0.638888888888889
mshse_selective_ensemble,test,986,0.6175213675213675
mshse_selective_ensemble,test,987,0.6196581196581197
mshse_selective_ensemble,test,988,0.6848290598290598
mshse_selective_ensemble,test,989,0.6848290598290598
mshse_selective_ensemble,test,990,0.548076923076923
mshse_selective_ensemble,test,991,0.6185897435897436
mshse_selective_ensemble,test,992,0.607905982905983
mshse_selective_ensemble,test,993,0.6271367521367521
mshse_selective_ensemble,test,994,0.5961538461538461
mshse_selective_ensemble,test,995,0.6623931623931625
mshse_selective_ensemble,test,996,0.6987179487179488
mshse_selective_ensemble,test,997,0.7211538461538461
mshse_selective_ensemble,test,998,0.7200854700854701
mshse_selective_ensemble,test,999,0.7168803418803419
mshse_selective_ensemble,test,1000,0.7713675213675214
final_model,test,1,0.782051282051282
final_model,test,2,0.7532051282051282
final_model,test,3,0.8311965811965812
final_model,test,4,0.8621794871794872
final_model,test,5,0.8162393162393162
final_model,test,6,0.6260683760683761
final_model,test,7,0.7083333333333333
final_model,test,8,0.780982905982906
final_model,test,9,0.7884615384615385
final_model,test,10,0.7809829059829061
final_model,test,11,0.6923076923076923
final_model,test,12,0.8712606837606837
final_model,test,13,0.8520299145299145
final_model,test,14,0.8611111111111112
final_model,test,15,0.6629273504273504
final_model,test,16,0.7350427350427351
final_model,test,17,0.8087606837606838
final_model,test,18,0.7686965811965811
final_model,test,19,0.8867521367521367
final_model,test,20,0.7767094017094017
final_model,test,21,0.7489316239316239
final_model,test,22,0.7542735042735044
final_model,test,23,0.7286324786324786
final_model,test,24,0.7986111111111112
final_model,test,25,0.7606837606837606
final_model,test,26,0.6955128205128206
final_model,test,27,0.6933760683760684
final_model,test,28,0.8792735042735043
final_model,test,29,0.7302350427350427
final_model,test,30,0.8215811965811967
final_model,test,31,0.7532051282051282
final_model,test,32,0.8579059829059829
final_model,test,33,0.8311965811965811
final_model,test,34,0.7654914529914529
final_model,test,35,0.7275641025641025
final_model,test,36,0.8044871794871795
final_model,test,37,0.7713675213675214
final_model,test,38,0.7382478632478633
final_model,test,39,0.7628205128205128
final_model,test,40,0.7783119658119658
final_model,test,41,0.7152777777777778
final_model,test,42,0.8194444444444444
final_model,test,43,0.7307692307692307
final_model,test,44,0.7403846153846154
final_model,test,45,0.8621794871794871
final_model,test,46,0.7558760683760684
final_model,test,47,0.7158119658119658
final_model,test,48,0.811965811965812
final_model,test,49,0.8247863247863247
final_model,test,50,0.7895299145299146
final_model,test,51,0.7670940170940171
final_model,test,52,0.8814102564102564
final_model,test,53,0.7435897435897436
final_model,test,54,0.7713675213675214
final_model,test,55,0.8482905982905983
final_model,test,56,0.7104700854700855
final_model,test,57,0.7425213675213675
final_model,test,58,0.7275641025641026
final_model,test,59,0.8525641025641026
final_model,test,60,0.6752136752136751
final_model,test,61,0.8536324786324787
final_model,test,62,0.8173076923076923
final_model,test,63,0.8098290598290598
final_model,test,64,0.8023504273504274
final_model,test,65,0.9166666666666666
final_model,test,66,0.8023504273504274
final_model,test,67,0.8386752136752137
final_model,test,68,0.7815170940170941
final_model,test,69,0.701923076923077
final_model,test,70,0.7297008547008548
final_model,test,71,0.7136752136752137
final_model,test,72,0.7628205128205128
final_model,test,73,0.7446581196581197
final_model,test,74,0.7259615384615385
final_model,test,75,0.8183760683760684
final_model,test,76,0.7147435897435898
final_model,test,77,0.8461538461538463
final_model,test,78,0.8194444444444445
final_model,test,79,0.7660256410256411
final_model,test,80,0.7863247863247864
final_model,test,81,0.7318376068376068
final_model,test,82,0.6912393162393162
final_model,test,83,0.7329059829059829
final_model,test,84,0.7254273504273504
final_model,test,85,0.7425213675213675
final_model,test,86,0.7264957264957265
final_model,test,87,0.7339743589743589
final_model,test,88,0.6730769230769231
final_model,test,89,0.8290598290598291
final_model,test,90,0.7991452991452992
final_model,test,91,0.7526709401709402
final_model,test,92,0.6826923076923077
final_model,test,93,0.9011752136752137
final_model,test,94,0.8173076923076924
final_model,test,95,0.7211538461538461
final_model,test,96,0.7948717948717949
final_model,test,97,0.5822649572649573
final_model,test,98,0.7649572649572649
final_model,test,99,0.6591880341880342
final_model,test,100,0.7094017094017093
final_model,test,101,0.7740384615384616
final_model,test,102,0.7927350427350427
final_model,test,103,0.7692307692307693
final_model,test,104,0.7435897435897436
final_model,test,105,0.6837606837606838
final_model,test,106,0.6469017094017094
final_model,test,107,0.766025641025641
final_model,test,108,0.8066239316239316
final_model,test,109,0.6458333333333333
final_model,test,110,0.8258547008547009
final_model,test,111,0.8066239316239316
final_model,test,112,0.8066239316239316
final_model,test,113,0.7895299145299146
final_model,test,114,0.8194444444444444
final_model,test,115,0.7804487179487178
final_model,test,116,0.7403846153846154
final_model,test,117,0.920940170940171
final_model,test,118,0.7371794871794871
final_model,test,119,0.798611111111111
final_model,test,120,0.6762820512820513
final_model,test,121,0.6976495726495726
final_model,test,122,0.7275641025641025
final_model,test,123,0.8408119658119658
final_model,test,124,0.8194444444444444
final_model,test,125,0.7991452991452992
final_model,test,126,0.8066239316239316
final_model,test,127,0.8450854700854701
final_model,test,128,0.8098290598290598
final_model,test,129,0.7131410256410255
final_model,test,130,0.9049145299145299
final_model,test,131,0.6346153846153846
final_model,test,132,0.7264957264957265
final_model,test,133,0.8557692307692308
final_model,test,134,0.7831196581196582
final_model,test,135,0.7783119658119658
final_model,test,136,0.7745726495726496
final_model,test,137,0.7297008547008548
final_model,test,138,0.7329059829059829
final_model,test,139,0.7104700854700855
final_model,test,140,0.7724358974358975
final_model,test,141,0.9113247863247863
final_model,test,142,0.8530982905982907
final_model,test,143,0.7724358974358975
final_model,test,144,0.782051282051282
final_model,test,145,0.842948717948718
final_model,test,146,0.7104700854700855
final_model,test,147,0.8691239316239316
final_model,test,148,0.8178418803418804
final_model,test,149,0.8194444444444444
final_model,test,150,0.6923076923076923
final_model,test,151,0.7110042735042735
final_model,test,152,0.8066239316239316
final_model,test,153,0.8178418803418804
final_model,test,154,0.6538461538461537
final_model,test,155,0.798076923076923
final_model,test,156,0.7831196581196581
final_model,test,157,0.7302350427350427
final_model,test,158,0.857905982905983
final_model,test,159,0.7852564102564102
final_model,test,160,0.8354700854700855
final_model,test,161,0.7152777777777778
final_model,test,162,0.7211538461538461
final_model,test,163,0.8333333333333333
final_model,test,164,0.8258547008547009
final_model,test,165,0.8247863247863247
final_model,test,166,0.7446581196581197
final_model,test,167,0.7633547008547009
final_model,test,168,0.7473290598290598
final_model,test,169,0.889957264957265
final_model,test,170,0.7318376068376068
final_model,test,171,0.7980769230769231
final_model,test,172,0.8012820512820513
final_model,test,173,0.7638888888888888
final_model,test,174,0.7489316239316239
final_model,test,175,0.6570512820512822
final_model,test,176,0.7297008547008547
final_model,test,177,0.7820512820512822
final_model,test,178,0.7628205128205128
final_model,test,179,0.8151709401709402
final_model,test,180,0.7094017094017094
final_model,test,181,0.8076923076923077
final_model,test,182,0.8130341880341881
final_model,test,183,0.7702991452991453
final_model,test,184,0.8301282051282051
final_model,test,185,0.8226495726495726
final_model,test,186,0.7606837606837606
final_model,test,187,0.7697649572649572
final_model,test,188,0.7200854700854701
final_model,test,189,0.7751068376068376
final_model,test,190,0.7200854700854701
final_model,test,191,0.7297008547008547
final_model,test,192,0.8514957264957266
final_model,test,193,0.7938034188034189
final_model,test,194,0.8194444444444444
final_model,test,195,0.781517094017094
final_model,test,196,0.7425213675213675
final_model,test,197,0.7489316239316239
final_model,test,198,0.7371794871794872
final_model,test,199,0.7719017094017094
final_model,test,200,0.7617521367521367
final_model,test,201,0.8338675213675214
final_model,test,202,0.7831196581196581
final_model,test,203,0.8290598290598291
final_model,test,204,0.7863247863247863
final_model,test,205,0.8974358974358975
final_model,test,206,0.8194444444444444
final_model,test,207,0.7863247863247864
final_model,test,208,0.778846153846154
final_model,test,209,0.7297008547008548
final_model,test,210,0.7083333333333333
final_model,test,211,0.8263888888888888
final_model,test,212,0.8162393162393162
final_model,test,213,0.80982905982906
final_model,test,214,0.8237179487179488
final_model,test,215,0.7889957264957265
final_model,test,216,0.8162393162393162
final_model,test,217,0.7916666666666666
final_model,test,218,0.8664529914529914
final_model,test,219,0.7852564102564104
final_model,test,220,0.7692307692307692
final_model,test,221,0.6207264957264957
final_model,test,222,0.7825854700854701
final_model,test,223,0.7724358974358974
final_model,test,224,0.780982905982906
final_model,test,225,0.8392094017094017
final_model,test,226,0.7350427350427351
final_model,test,227,0.7254273504273504
final_model,test,228,0.7884615384615384
final_model,test,229,0.625
final_model,test,230,0.7735042735042735
final_model,test,231,0.7403846153846153
final_model,test,232,0.7425213675213675
final_model,test,233,0.8301282051282051
final_model,test,234,0.7628205128205129
final_model,test,235,0.8317307692307693
final_model,test,236,0.7483974358974359
final_model,test,237,0.749465811965812
final_model,test,238,0.6965811965811965
final_model,test,239,0.655448717948718
final_model,test,240,0.7168803418803419
final_model,test,241,0.5769230769230769
final_model,test,242,0.8044871794871794
final_model,test,243,0.7879273504273505
final_model,test,244,0.8514957264957265
final_model,test,245,0.6789529914529915
final_model,test,246,0.8135683760683761
final_model,test,247,0.7991452991452992
final_model,test,248,0.6725427350427351
final_model,test,249,0.7077991452991452
final_model,test,250,0.7980769230769231
final_model,test,251,0.7905982905982906
final_model,test,252,0.732905982905983
final_model,test,253,0.7510683760683761
final_model,test,254,0.7339743589743589
final_model,test,255,0.7852564102564102
final_model,test,256,0.7756410256410257
final_model,test,257,0.8050213675213675
final_model,test,258,0.7350427350427351
final_model,test,259,0.8108974358974359
final_model,test,260,0.8466880341880342
final_model,test,261,0.8408119658119658
final_model,test,262,0.7061965811965812
final_model,test,263,0.6965811965811965
final_model,test,264,0.7345085470085471
final_model,test,265,0.8771367521367521
final_model,test,266,0.7158119658119658
final_model,test,267,0.7521367521367521
final_model,test,268,0.7868589743589745
final_model,test,269,0.7190170940170939
final_model,test,270,0.8386752136752137
final_model,test,271,0.8386752136752137
final_model,test,272,0.829594017094017
final_model,test,273,0.7938034188034189
final_model,test,274,0.8258547008547008
final_model,test,275,0.8360042735042735
final_model,test,276,0.7938034188034189
final_model,test,277,0.8536324786324786
final_model,test,278,0.8365384615384616
final_model,test,279,0.7735042735042735
final_model,test,280,0.7329059829059829
final_model,test,281,0.7596153846153846
final_model,test,282,0.8194444444444445
final_model,test,283,0.7361111111111112
final_model,test,284,0.7959401709401709
final_model,test,285,0.717948717948718
final_model,test,286,0.8354700854700855
final_model,test,287,0.889957264957265
final_model,test,288,0.7970085470085471
final_model,test,289,0.8066239316239316
final_model,test,290,0.8632478632478633
final_model,test,291,0.7996794871794872
final_model,test,292,0.7751068376068376
final_model,test,293,0.8002136752136753
final_model,test,294,0.6757478632478633
final_model,test,295,0.8108974358974359
final_model,test,296,0.7382478632478633
final_model,test,297,0.8098290598290598
final_model,test,298,0.6794871794871795
final_model,test,299,0.7211538461538461
final_model,test,300,0.8173076923076923
final_model,test,301,0.8173076923076923
final_model,test,302,0.6677350427350427
final_model,test,303,0.8408119658119658
final_model,test,304,0.6933760683760685
final_model,test,305,0.7991452991452992
final_model,test,306,0.68482905982906
final_model,test,307,0.7462606837606839
final_model,test,308,0.7051282051282052
final_model,test,309,0.8867521367521367
final_model,test,310,0.7393162393162392
final_model,test,311,0.8568376068376068
final_model,test,312,0.7649572649572649
final_model,test,313,0.7767094017094017
final_model,test,314,0.6773504273504273
final_model,test,315,0.8012820512820512
final_model,test,316,0.8573717948717949
final_model,test,317,0.7361111111111112
final_model,test,318,0.7264957264957266
final_model,test,319,0.7745726495726495
final_model,test,320,0.7179487179487181
final_model,test,321,0.8819444444444445
final_model,test,322,0.8408119658119658
final_model,test,323,0.811965811965812
final_model,test,324,0.6436965811965811
final_model,test,325,0.8712606837606838
final_model,test,326,0.8087606837606837
final_model,test,327,0.6597222222222222
final_model,test,328,0.813568376068376
final_model,test,329,0.7232905982905983
final_model,test,330,0.7040598290598291
final_model,test,331,0.8333333333333333
final_model,test,332,0.4935897435897436
final_model,test,333,0.5213675213675214
final_model,test,334,0.8632478632478633
final_model,test,335,0.7916666666666666
final_model,test,336,0.7889957264957265
final_model,test,337,0.7585470085470085
final_model,test,338,0.7569444444444444
final_model,test,339,0.8311965811965812
final_model,test,340,0.7040598290598291
final_model,test,341,0.8151709401709403
final_model,test,342,0.8659188034188033
final_model,test,343,0.6762820512820513
final_model,test,344,0.7745726495726496
final_model,test,345,0.7970085470085471
final_model,test,346,0.7692307692307693
final_model,test,347,0.6335470085470085
final_model,test,348,0.8034188034188035
final_model,test,349,0.7254273504273505
final_model,test,350,0.8055555555555556
final_model,test,351,0.7991452991452991
final_model,test,352,0.8215811965811967
final_model,test,353,0.7724358974358975
final_model,test,354,0.763888888888889
final_model,test,355,0.8215811965811965
final_model,test,356,0.7692307692307692
final_model,test,357,0.8108974358974359
final_model,test,358,0.7264957264957265
final_model,test,359,0.7398504273504273
final_model,test,360,0.7270299145299145
final_model,test,361,0.7841880341880342
final_model,test,362,0.8205128205128205
final_model,test,363,0.750534188034188
final_model,test,364,0.8162393162393162
final_model,test,365,0.8771367521367522
final_model,test,366,0.8461538461538461
final_model,test,367,0.6858974358974359
final_model,test,368,0.8269230769230769
final_model,test,369,0.7783119658119658
final_model,test,370,0.7318376068376068
final_model,test,371,0.8386752136752137
final_model,test,372,0.7275641025641026
final_model,test,373,0.7900641025641025
final_model,test,374,0.763888888888889
final_model,test,375,0.8215811965811965
final_model,test,376,0.8621794871794872
final_model,test,377,0.7756410256410257
final_model,test,378,0.6794871794871795
final_model,test,379,0.844017094017094
final_model,test,380,0.782051282051282
final_model,test,381,0.6912393162393162
final_model,test,382,0.8376068376068376
final_model,test,383,0.8237179487179487
final_model,test,384,0.7232905982905984
final_model,test,385,0.8071581196581197
final_model,test,386,0.8215811965811965
final_model,test,387,0.642094017094017
final_model,test,388,0.6800213675213674
final_model,test,389,0.7099358974358975
final_model,test,390,0.811965811965812
final_model,test,391,0.8055555555555556
final_model,test,392,0.8306623931623931
final_model,test,393,0.8450854700854701
final_model,test,394,0.8290598290598291
final_model,test,395,0.8253205128205129
final_model,test,396,0.7596153846153846
final_model,test,397,0.8472222222222222
final_model,test,398,0.7377136752136753
final_model,test,399,0.7510683760683761
final_model,test,400,0.6100427350427351
final_model,test,401,0.7660256410256411
final_model,test,402,0.778846153846154
final_model,test,403,0.6271367521367522
final_model,test,404,0.8194444444444444
final_model,test,405,0.7478632478632478
final_model,test,406,0.7777777777777778
final_model,test,407,0.7318376068376069
final_model,test,408,0.8493589743589743
final_model,test,409,0.6773504273504273
final_model,test,410,0.7275641025641025
final_model,test,411,0.8760683760683761
final_model,test,412,0.7767094017094017
final_model,test,413,0.6752136752136753
final_model,test,414,0.8044871794871795
final_model,test,415,0.7991452991452992
final_model,test,416,0.8664529914529915
final_model,test,417,0.6655982905982907
final_model,test,418,0.8050213675213675
final_model,test,419,0.8568376068376069
final_model,test,420,0.6634615384615385
final_model,test,421,0.7863247863247864
final_model,test,422,0.7841880341880343
final_model,test,423,0.7574786324786325
final_model,test,424,0.7564102564102564
final_model,test,425,0.7735042735042735
final_model,test,426,0.8098290598290598
final_model,test,427,0.7745726495726496
final_model,test,428,0.8760683760683762
final_model,test,429,0.7970085470085471
final_model,test,430,0.6987179487179487
final_model,test,431,0.8055555555555556
final_model,test,432,0.8472222222222222
final_model,test,433,0.8488247863247863
final_model,test,434,0.6025641025641025
final_model,test,435,0.717948717948718
final_model,test,436,0.7051282051282051
final_model,test,437,0.7879273504273504
final_model,test,438,0.7777777777777778
final_model,test,439,0.8418803418803419
final_model,test,440,0.7900641025641025
final_model,test,441,0.7932692307692307
final_model,test,442,0.8712606837606838
final_model,test,443,0.7382478632478633
final_model,test,444,0.795405982905983
final_model,test,445,0.7905982905982906
final_model,test,446,0.8108974358974359
final_model,test,447,0.7713675213675213
final_model,test,448,0.826923076923077
final_model,test,449,0.6639957264957266
final_model,test,450,0.7702991452991453
final_model,test,451,0.750534188034188
final_model,test,452,0.7724358974358975
final_model,test,453,0.7606837606837606
final_model,test,454,0.8253205128205128
final_model,test,455,0.8253205128205129
final_model,test,456,0.7200854700854702
final_model,test,457,0.8611111111111112
final_model,test,458,0.7601495726495726
final_model,test,459,0.811965811965812
final_model,test,460,0.7136752136752137
final_model,test,461,0.7959401709401709
final_model,test,462,0.7927350427350428
final_model,test,463,0.8979700854700854
final_model,test,464,0.7104700854700855
final_model,test,465,0.7895299145299145
final_model,test,466,0.7606837606837606
final_model,test,467,0.7756410256410257
final_model,test,468,0.7756410256410257
final_model,test,469,0.842948717948718
final_model,test,470,0.7938034188034188
final_model,test,471,0.719551282051282
final_model,test,472,0.6901709401709403
final_model,test,473,0.7986111111111112
final_model,test,474,0.6335470085470085
final_model,test,475,0.8023504273504273
final_model,test,476,0.8472222222222222
final_model,test,477,0.7521367521367521
final_model,test,478,0.7590811965811965
final_model,test,479,0.688034188034188
final_model,test,480,0.7596153846153845
final_model,test,481,0.7654914529914529
final_model,test,482,0.810897435897436
final_model,test,483,0.7115384615384615
final_model,test,484,0.8418803418803419
final_model,test,485,0.8103632478632479
final_model,test,486,0.7681623931623931
final_model,test,487,0.907051282051282
final_model,test,488,0.7938034188034188
final_model,test,489,0.9262820512820512
final_model,test,490,0.735042735042735
final_model,test,491,0.7702991452991452
final_model,test,492,0.7596153846153846
final_model,test,493,0.8338675213675214
final_model,test,494,0.6068376068376069
final_model,test,495,0.8311965811965811
final_model,test,496,0.7029914529914529
final_model,test,497,0.7735042735042735
final_model,test,498,0.7788461538461539
final_model,test,499,0.7841880341880342
final_model,test,500,0.7628205128205128
final_model,test,501,0.6201923076923077
final_model,test,502,0.6602564102564102
final_model,test,503,0.8675213675213675
final_model,test,504,0.6976495726495727
final_model,test,505,0.7553418803418803
final_model,test,506,0.811965811965812
final_model,test,507,0.7382478632478633
final_model,test,508,0.7542735042735043
final_model,test,509,0.7681623931623932
final_model,test,510,0.8931623931623932
final_model,test,511,0.7991452991452992
final_model,test,512,0.7094017094017094
final_model,test,513,0.8386752136752137
final_model,test,514,0.7409188034188035
final_model,test,515,0.7884615384615385
final_model,test,516,0.8157051282051282
final_model,test,517,0.7457264957264957
final_model,test,518,0.7195512820512822
final_model,test,519,0.6928418803418803
final_model,test,520,0.7788461538461539
final_model,test,521,0.7521367521367521
final_model,test,522,0.8034188034188035
final_model,test,523,0.8675213675213675
final_model,test,524,0.7580128205128205
final_model,test,525,0.8162393162393162
final_model,test,526,0.7927350427350428
final_model,test,527,0.7959401709401709
final_model,test,528,0.7986111111111112
final_model,test,529,0.6410256410256411
final_model,test,530,0.7879273504273504
final_model,test,531,0.7948717948717948
final_model,test,532,0.8824786324786326
final_model,test,533,0.8536324786324786
final_model,test,534,0.6976495726495727
final_model,test,535,0.6677350427350427
final_model,test,536,0.8135683760683761
final_model,test,537,0.7104700854700855
final_model,test,538,0.7788461538461539
final_model,test,539,0.7227564102564102
final_model,test,540,0.6965811965811965
final_model,test,541,0.8536324786324786
final_model,test,542,0.7660256410256411
final_model,test,543,0.8098290598290598
final_model,test,544,0.6853632478632479
final_model,test,545,0.8087606837606838
final_model,test,546,0.7248931623931624
final_model,test,547,0.6784188034188035
final_model,test,548,0.8568376068376068
final_model,test,549,0.7104700854700854
final_model,test,550,0.8450854700854702
final_model,test,551,0.749465811965812
final_model,test,552,0.8536324786324787
final_model,test,553,0.7628205128205129
final_model,test,554,0.8440170940170939
final_model,test,555,0.7596153846153847
final_model,test,556,0.7419871794871795
final_model,test,557,0.858440170940171
final_model,test,558,0.7884615384615385
final_model,test,559,0.7991452991452991
final_model,test,560,0.8824786324786325
final_model,test,561,0.8012820512820513
final_model,test,562,0.8344017094017094
final_model,test,563,0.8365384615384615
final_model,test,564,0.766025641025641
final_model,test,565,0.8205128205128206
final_model,test,566,0.7585470085470086
final_model,test,567,0.8568376068376068
final_model,test,568,0.701923076923077
final_model,test,569,0.7799145299145299
final_model,test,570,0.7297008547008547
final_model,test,571,0.7110042735042734
final_model,test,572,0.7355769230769231
final_model,test,573,0.8782051282051283
final_model,test,574,0.7735042735042735
final_model,test,575,0.8685897435897436
final_model,test,576,0.7596153846153847
final_model,test,577,0.857905982905983
final_model,test,578,0.7275641025641025
final_model,test,579,0.7783119658119658
final_model,test,580,0.7248931623931625
final_model,test,581,0.8386752136752137
final_model,test,582,0.8055555555555556
final_model,test,583,0.7970085470085471
final_model,test,584,0.7606837606837606
final_model,test,585,0.827991452991453
final_model,test,586,0.8365384615384615
final_model,test,587,0.7948717948717948
final_model,test,588,0.8242521367521367
final_model,test,589,0.797542735042735
final_model,test,590,0.8023504273504274
final_model,test,591,0.7136752136752137
final_model,test,592,0.7735042735042735
final_model,test,593,0.6720085470085471
final_model,test,594,0.7612179487179487
final_model,test,595,0.780982905982906
final_model,test,596,0.781517094017094
final_model,test,597,0.8376068376068376
final_model,test,598,0.8247863247863247
final_model,test,599,0.7227564102564102
final_model,test,600,0.8237179487179488
final_model,test,601,0.6196581196581197
final_model,test,602,0.8146367521367522
final_model,test,603,0.8226495726495727
final_model,test,604,0.7446581196581197
final_model,test,605,0.8717948717948718
final_model,test,606,0.7318376068376068
final_model,test,607,0.8221153846153846
final_model,test,608,0.7318376068376068
final_model,test,609,0.6773504273504274
final_model,test,610,0.8814102564102564
final_model,test,611,0.8509615384615385
final_model,test,612,0.7756410256410255
final_model,test,613,0.719017094017094
final_model,test,614,0.8023504273504274
final_model,test,615,0.764957264957265
final_model,test,616,0.670940170940171
final_model,test,617,0.8098290598290597
final_model,test,618,0.702991452991453
final_model,test,619,0.8237179487179488
final_model,test,620,0.7510683760683761
final_model,test,621,0.6810897435897435
final_model,test,622,0.8215811965811967
final_model,test,623,0.8557692307692308
final_model,test,624,0.7702991452991453
final_model,test,625,0.7414529914529915
final_model,test,626,0.7083333333333334
final_model,test,627,0.8066239316239316
final_model,test,628,0.782051282051282
final_model,test,629,0.8659188034188035
final_model,test,630,0.782051282051282
final_model,test,631,0.733974358974359
final_model,test,632,0.7446581196581197
final_model,test,633,0.7425213675213675
final_model,test,634,0.8247863247863249
final_model,test,635,0.7510683760683761
final_model,test,636,0.7297008547008548
final_model,test,637,0.733440170940171
final_model,test,638,0.7446581196581197
final_model,test,639,0.7831196581196581
final_model,test,640,0.7430555555555556
final_model,test,641,0.8418803418803419
final_model,test,642,0.7329059829059829
final_model,test,643,0.8226495726495727
final_model,test,644,0.8333333333333334
final_model,test,645,0.7254273504273504
final_model,test,646,0.7702991452991452
final_model,test,647,0.7938034188034188
final_model,test,648,0.7457264957264957
final_model,test,649,0.6383547008547008
final_model,test,650,0.7467948717948718
final_model,test,651,0.7735042735042735
final_model,test,652,0.7895299145299146
final_model,test,653,0.8301282051282052
final_model,test,654,0.7873931623931625
final_model,test,655,0.7777777777777778
final_model,test,656,0.7003205128205128
final_model,test,657,0.8141025641025641
final_model,test,658,0.7553418803418803
final_model,test,659,0.8002136752136753
final_model,test,660,0.672542735042735
final_model,test,661,0.6677350427350428
final_model,test,662,0.7724358974358974
final_model,test,663,0.8034188034188033
final_model,test,664,0.8247863247863249
final_model,test,665,0.8108974358974359
final_model,test,666,0.7788461538461539
final_model,test,667,0.8723290598290598
final_model,test,668,0.688034188034188
final_model,test,669,0.7403846153846154
final_model,test,670,0.8525641025641026
final_model,test,671,0.8055555555555555
final_model,test,672,0.8611111111111112
final_model,test,673,0.7211538461538461
final_model,test,674,0.8023504273504274
final_model,test,675,0.7761752136752137
final_model,test,676,0.6789529914529914
final_model,test,677,0.8664529914529915
final_model,test,678,0.8408119658119658
final_model,test,679,0.8557692307692307
final_model,test,680,0.829594017094017
final_model,test,681,0.7425213675213675
final_model,test,682,0.7751068376068376
final_model,test,683,0.8098290598290598
final_model,test,684,0.7318376068376068
final_model,test,685,0.7264957264957265
final_model,test,686,0.8472222222222222
final_model,test,687,0.7323717948717948
final_model,test,688,0.7836538461538463
final_model,test,689,0.7478632478632479
final_model,test,690,0.763888888888889
final_model,test,691,0.719551282051282
final_model,test,692,0.7532051282051282
final_model,test,693,0.8354700854700855
final_model,test,694,0.7061965811965811
final_model,test,695,0.8215811965811965
final_model,test,696,0.8087606837606838
final_model,test,697,0.7863247863247863
final_model,test,698,0.7489316239316238
final_model,test,699,0.7628205128205128
final_model,test,700,0.7916666666666667
final_model,test,701,0.8643162393162394
final_model,test,702,0.6885683760683761
final_model,test,703,0.7927350427350428
final_model,test,704,0.7467948717948718
final_model,test,705,0.8573717948717948
final_model,test,706,0.7329059829059829
final_model,test,707,0.7729700854700855
final_model,test,708,0.7104700854700855
final_model,test,709,0.6501068376068376
final_model,test,710,0.8237179487179487
final_model,test,711,0.764957264957265
final_model,test,712,0.7264957264957265
final_model,test,713,0.8044871794871795
final_model,test,714,0.7425213675213675
final_model,test,715,0.7136752136752137
final_model,test,716,0.842948717948718
final_model,test,717,0.8557692307692308
final_model,test,718,0.7574786324786325
final_model,test,719,0.7264957264957266
final_model,test,720,0.7077991452991453
final_model,test,721,0.842948717948718
final_model,test,722,0.7243589743589743
final_model,test,723,0.6794871794871795
final_model,test,724,0.7863247863247864
final_model,test,725,0.8365384615384616
final_model,test,726,0.7927350427350428
final_model,test,727,0.7980769230769231
final_model,test,728,0.7927350427350427
final_model,test,729,0.8076923076923077
final_model,test,730,0.7900641025641025
final_model,test,731,0.888888888888889
final_model,test,732,0.7628205128205128
final_model,test,733,0.6773504273504274
final_model,test,734,0.7414529914529915
final_model,test,735,0.6955128205128205
final_model,test,736,0.8012820512820513
final_model,test,737,0.8012820512820512
final_model,test,738,0.5806623931623932
final_model,test,739,0.7051282051282052
final_model,test,740,0.704059829059829
final_model,test,741,0.7441239316239316
final_model,test,742,0.8087606837606838
final_model,test,743,0.7905982905982906
final_model,test,744,0.7761752136752137
final_model,test,745,0.8835470085470086
final_model,test,746,0.7767094017094017
final_model,test,747,0.7617521367521368
final_model,test,748,0.8108974358974359
final_model,test,749,0.8376068376068376
final_model,test,750,0.8039529914529915
final_model,test,751,0.8664529914529915
final_model,test,752,0.842948717948718
final_model,test,753,0.6004273504273505
final_model,test,754,0.8856837606837608
final_model,test,755,0.7767094017094017
final_model,test,756,0.8173076923076923
final_model,test,757,0.7142094017094017
final_model,test,758,0.8344017094017094
final_model,test,759,0.7489316239316239
final_model,test,760,0.7510683760683761
final_model,test,761,0.7446581196581197
final_model,test,762,0.7745726495726496
final_model,test,763,0.7708333333333333
final_model,test,764,0.8397435897435899
final_model,test,765,0.857905982905983
final_model,test,766,0.6485042735042735
final_model,test,767,0.8504273504273504
final_model,test,768,0.6618589743589743
final_model,test,769,0.782051282051282
final_model,test,770,0.8247863247863249
final_model,test,771,0.7649572649572649
final_model,test,772,0.8867521367521367
final_model,test,773,0.8055555555555555
final_model,test,774,0.7532051282051282
final_model,test,775,0.827991452991453
final_model,test,776,0.8621794871794872
final_model,test,777,0.7820512820512822
final_model,test,778,0.8226495726495726
final_model,test,779,0.8034188034188033
final_model,test,780,0.778846153846154
final_model,test,781,0.7825854700854701
final_model,test,782,0.75
final_model,test,783,0.7970085470085471
final_model,test,784,0.717948717948718
final_model,test,785,0.7489316239316239
final_model,test,786,0.7681623931623932
final_model,test,787,0.7371794871794872
final_model,test,788,0.702991452991453
final_model,test,789,0.7179487179487181
final_model,test,790,0.795940170940171
final_model,test,791,0.6132478632478633
final_model,test,792,0.7345085470085471
final_model,test,793,0.7751068376068376
final_model,test,794,0.7393162393162394
final_model,test,795,0.8931623931623931
final_model,test,796,0.7131410256410257
final_model,test,797,0.7350427350427351
final_model,test,798,0.8173076923076924
final_model,test,799,0.7799145299145298
final_model,test,800,0.798076923076923
final_model,test,801,0.6976495726495727
final_model,test,802,0.7254273504273504
final_model,test,803,0.7681623931623932
final_model,test,804,0.7820512820512822
final_model,test,805,0.7601495726495726
final_model,test,806,0.8354700854700854
final_model,test,807,0.8215811965811965
final_model,test,808,0.6367521367521368
final_model,test,809,0.7254273504273505
final_model,test,810,0.7905982905982906
final_model,test,811,0.8504273504273504
final_model,test,812,0.6773504273504274
final_model,test,813,0.7660256410256411
final_model,test,814,0.7216880341880342
final_model,test,815,0.7168803418803419
final_model,test,816,0.7361111111111112
final_model,test,817,0.7831196581196582
final_model,test,818,0.732905982905983
final_model,test,819,0.7841880341880342
final_model,test,820,0.735042735042735
final_model,test,821,0.8012820512820513
final_model,test,822,0.686965811965812
final_model,test,823,0.7670940170940171
final_model,test,824,0.6848290598290598
final_model,test,825,0.764957264957265
final_model,test,826,0.7467948717948719
final_model,test,827,0.7670940170940171
final_model,test,828,0.7168803418803419
final_model,test,829,0.702991452991453
final_model,test,830,0.7051282051282052
final_model,test,831,0.7270299145299146
final_model,test,832,0.7564102564102564
final_model,test,833,0.8141025641025641
final_model,test,834,0.7339743589743589
final_model,test,835,0.6955128205128205
final_model,test,836,0.6634615384615385
final_model,test,837,0.6458333333333333
final_model,test,838,0.7686965811965812
final_model,test,839,0.9022435897435898
final_model,test,840,0.8119658119658121
final_model,test,841,0.7852564102564102
final_model,test,842,0.686965811965812
final_model,test,843,0.8108974358974359
final_model,test,844,0.8087606837606838
final_model,test,845,0.7297008547008548
final_model,test,846,0.7713675213675214
final_model,test,847,0.704059829059829
final_model,test,848,0.6816239316239318
final_model,test,849,0.7596153846153846
final_model,test,850,0.8103632478632479
final_model,test,851,0.8632478632478632
final_model,test,852,0.7516025641025641
final_model,test,853,0.7564102564102565
final_model,test,854,0.7414529914529915
final_model,test,855,0.7350427350427351
final_model,test,856,0.7297008547008547
final_model,test,857,0.6688034188034188
final_model,test,858,0.75
final_model,test,859,0.7499999999999999
final_model,test,860,0.8247863247863247
final_model,test,861,0.8087606837606838
final_model,test,862,0.7329059829059829
final_model,test,863,0.8087606837606839
final_model,test,864,0.6330128205128205
final_model,test,865,0.7548076923076923
final_model,test,866,0.780982905982906
final_model,test,867,0.8637820512820513
final_model,test,868,0.8044871794871795
final_model,test,869,0.8344017094017094
final_model,test,870,0.7398504273504273
final_model,test,871,0.6976495726495726
final_model,test,872,0.7777777777777779
final_model,test,873,0.7264957264957266
final_model,test,874,0.7446581196581196
final_model,test,875,0.688034188034188
final_model,test,876,0.8044871794871795
final_model,test,877,0.8301282051282051
final_model,test,878,0.7938034188034189
final_model,test,879,0.8504273504273505
final_model,test,880,0.8189102564102564
final_model,test,881,0.8461538461538461
final_model,test,882,0.702457264957265
final_model,test,883,0.7019230769230769
final_model,test,884,0.7168803418803418
final_model,test,885,0.7243589743589743
final_model,test,886,0.9337606837606838
final_model,test,887,0.8055555555555556
final_model,test,888,0.8066239316239316
final_model,test,889,0.8055555555555556
final_model,test,890,0.8076923076923077
final_model,test,891,0.7158119658119658
final_model,test,892,0.8376068376068375
final_model,test,893,0.7799145299145299
final_model,test,894,0.7938034188034189
final_model,test,895,0.7884615384615385
final_model,test,896,0.686965811965812
final_model,test,897,0.8044871794871794
final_model,test,898,0.8595085470085471
final_model,test,899,0.8547008547008547
final_model,test,900,0.8173076923076923
final_model,test,901,0.6976495726495726
final_model,test,902,0.7724358974358975
final_model,test,903,0.7692307692307692
final_model,test,904,0.7478632478632479
final_model,test,905,0.8643162393162394
final_model,test,906,0.7254273504273504
final_model,test,907,0.75
final_model,test,908,0.7809829059829061
final_model,test,909,0.8290598290598291
final_model,test,910,0.7692307692307694
final_model,test,911,0.767094017094017
final_model,test,912,0.7884615384615385
final_model,test,913,0.7745726495726496
final_model,test,914,0.7948717948717949
final_model,test,915,0.8472222222222222
final_model,test,916,0.7232905982905983
final_model,test,917,0.6698717948717948
final_model,test,918,0.8087606837606838
final_model,test,919,0.8450854700854702
final_model,test,920,0.827991452991453
final_model,test,921,0.8076923076923077
final_model,test,922,0.7542735042735043
final_model,test,923,0.889957264957265
final_model,test,924,0.7676282051282052
final_model,test,925,0.7980769230769231
final_model,test,926,0.8002136752136753
final_model,test,927,0.8050213675213675
final_model,test,928,0.8130341880341881
final_model,test,929,0.8525641025641026
final_model,test,930,0.8173076923076923
final_model,test,931,0.7403846153846154
final_model,test,932,0.7980769230769231
final_model,test,933,0.7980769230769231
final_model,test,934,0.8087606837606837
final_model,test,935,0.7996794871794872
final_model,test,936,0.8386752136752137
final_model,test,937,0.8643162393162394
final_model,test,938,0.8798076923076923
final_model,test,939,0.7681623931623932
final_model,test,940,0.7430555555555556
final_model,test,941,0.8087606837606838
final_model,test,942,0.6880341880341881
final_model,test,943,0.8867521367521367
final_model,test,944,0.6623931623931624
final_model,test,945,0.7815170940170941
final_model,test,946,0.7612179487179488
final_model,test,947,0.8098290598290598
final_model,test,948,0.6965811965811967
final_model,test,949,0.8376068376068376
final_model,test,950,0.7232905982905983
final_model,test,951,0.7371794871794872
final_model,test,952,0.9075854700854702
final_model,test,953,0.8221153846153847
final_model,test,954,0.7473290598290598
final_model,test,955,0.7280982905982906
final_model,test,956,0.8883547008547008
final_model,test,957,0.8018162393162392
final_model,test,958,0.7927350427350428
final_model,test,959,0.7094017094017093
final_model,test,960,0.7088675213675214
final_model,test,961,0.7142094017094017
final_model,test,962,0.6378205128205128
final_model,test,963,0.6789529914529915
final_model,test,964,0.8050213675213674
final_model,test,965,0.7724358974358974
final_model,test,966,0.8098290598290597
final_model,test,967,0.7735042735042735
final_model,test,968,0.7147435897435898
final_model,test,969,0.6623931623931625
final_model,test,970,0.8092948717948718
final_model,test,971,0.6591880341880342
final_model,test,972,0.7414529914529915
final_model,test,973,0.7104700854700855
final_model,test,974,0.8258547008547009
final_model,test,975,0.9262820512820513
final_model,test,976,0.7831196581196581
final_model,test,977,0.8541666666666667
final_model,test,978,0.8055555555555556
final_model,test,979,0.7008547008547008
final_model,test,980,0.6068376068376069
final_model,test,981,0.6976495726495727
final_model,test,982,0.7873931623931624
final_model,test,983,0.7532051282051282
final_model,test,984,0.7168803418803419
final_model,test,985,0.7606837606837606
final_model,test,986,0.7371794871794872
final_model,test,987,0.655982905982906
final_model,test,988,0.7799145299145299
final_model,test,989,0.6752136752136751
final_model,test,990,0.5758547008547008
final_model,test,991,0.7702991452991453
final_model,test,992,0.8482905982905983
final_model,test,993,0.7248931623931624
final_model,test,994,0.7425213675213675
final_model,test,995,0.6842948717948718
final_model,test,996,0.7617521367521368
final_model,test,997,0.8728632478632479
final_model,test,998,0.8344017094017094
final_model,test,999,0.7510683760683761
final_model,test,1000,0.8514957264957265
xgboost,external,1,0.8289473684210527
xgboost,external,2,0.4736842105263158
xgboost,external,3,0.7105263157894737
xgboost,external,4,0.9473684210526316
xgboost,external,5,0.618421052631579
xgboost,external,6,0.8421052631578947
xgboost,external,7,0.75
xgboost,external,8,0.42105263157894735
xgboost,external,9,0.5921052631578947
xgboost,external,10,0.7631578947368421
xgboost,external,11,0.605263157894737
xgboost,external,12,0.7894736842105263
xgboost,external,13,0.868421052631579
xgboost,external,14,0.618421052631579
xgboost,external,15,0.9473684210526316
xgboost,external,16,0.6447368421052632
xgboost,external,17,0.9473684210526316
xgboost,external,18,0.9473684210526316
xgboost,external,19,0.736842105263158
xgboost,external,20,0.8026315789473685
xgboost,external,21,0.34210526315789475
xgboost,external,22,0.7631578947368421
xgboost,external,23,0.9210526315789473
xgboost,external,24,0.75
xgboost,external,25,0.6710526315789473
xgboost,external,26,0.6842105263157895
xgboost,external,27,0.6710526315789473
xgboost,external,28,0.9736842105263157
xgboost,external,29,0.7631578947368421
xgboost,external,30,0.4473684210526316
xgboost,external,31,0.34210526315789475
xgboost,external,32,0.4210526315789474
xgboost,external,33,0.868421052631579
xgboost,external,34,0.6842105263157895
xgboost,external,35,0.9736842105263157
xgboost,external,36,0.5263157894736842
xgboost,external,37,0.6973684210526316
xgboost,external,38,0.7236842105263158
xgboost,external,39,0.7236842105263158
xgboost,external,40,0.6578947368421052
xgboost,external,41,0.6710526315789473
xgboost,external,42,0.6973684210526316
xgboost,external,43,0.5263157894736843
xgboost,external,44,0.4473684210526316
xgboost,external,45,0.9210526315789473
xgboost,external,46,0.8421052631578947
xgboost,external,47,0.7894736842105263
xgboost,external,48,0.6973684210526316
xgboost,external,49,0.4736842105263158
xgboost,external,50,0.21052631578947367
xgboost,external,51,0.736842105263158
xgboost,external,52,0.9736842105263158
xgboost,external,53,0.9736842105263158
xgboost,external,54,0.9736842105263158
xgboost,external,55,0.4473684210526316
xgboost,external,56,0.5263157894736842
xgboost,external,57,0.39473684210526316
xgboost,external,58,0.605263157894737
xgboost,external,59,0.4473684210526316
xgboost,external,60,0.44736842105263164
xgboost,external,61,0.9736842105263158
xgboost,external,62,0.7894736842105263
xgboost,external,63,0.9473684210526316
xgboost,external,64,0.8026315789473685
xgboost,external,65,0.75
xgboost,external,66,0.8157894736842105
xgboost,external,67,0.5789473684210527
xgboost,external,68,0.6052631578947368
xgboost,external,69,0.4736842105263158
xgboost,external,70,0.5
xgboost,external,71,0.5526315789473685
xgboost,external,72,0.7105263157894737
xgboost,external,73,0.6052631578947368
xgboost,external,74,0.7763157894736842
xgboost,external,75,0.5789473684210527
xgboost,external,76,0.6710526315789473
xgboost,external,77,0.5526315789473685
xgboost,external,78,0.4736842105263158
xgboost,external,79,0.9736842105263158
xgboost,external,80,0.9473684210526315
xgboost,external,81,0.7631578947368421
xgboost,external,82,0.8421052631578948
xgboost,external,83,0.6578947368421052
xgboost,external,84,0.8026315789473684
xgboost,external,85,0.4473684210526316
xgboost,external,86,0.7236842105263158
xgboost,external,87,0.368421052631579
xgboost,external,88,0.6973684210526316
xgboost,external,89,0.5
xgboost,external,90,0.4736842105263158
xgboost,external,91,0.6842105263157895
xgboost,external,92,0.631578947368421
xgboost,external,93,0.6315789473684211
xgboost,external,94,0.7105263157894738
xgboost,external,95,0.7236842105263158
xgboost,external,96,0.7236842105263158
xgboost,external,97,0.6973684210526316
xgboost,external,98,0.6973684210526316
xgboost,external,99,0.9473684210526316
xgboost,external,100,0.631578947368421
xgboost,external,101,0.7236842105263158
xgboost,external,102,0.7631578947368421
xgboost,external,103,0.7105263157894737
xgboost,external,104,0.7105263157894737
xgboost,external,105,0.8026315789473685
xgboost,external,106,0.8947368421052632
xgboost,external,107,0.8947368421052632
xgboost,external,108,0.6842105263157895
xgboost,external,109,0.5526315789473684
xgboost,external,110,0.8157894736842105
xgboost,external,111,0.44736842105263164
xgboost,external,112,0.6052631578947368
xgboost,external,113,0.9736842105263158
xgboost,external,114,0.7894736842105263
xgboost,external,115,0.736842105263158
xgboost,external,116,0.631578947368421
xgboost,external,117,0.6447368421052632
xgboost,external,118,0.7763157894736843
xgboost,external,119,0.5
xgboost,external,120,0.6973684210526316
xgboost,external,121,0.8289473684210527
xgboost,external,122,0.6973684210526316
xgboost,external,123,0.5263157894736843
xgboost,external,124,0.6578947368421053
xgboost,external,125,0.736842105263158
xgboost,external,126,0.7763157894736842
xgboost,external,127,0.8947368421052632
xgboost,external,128,0.6710526315789473
xgboost,external,129,0.7236842105263158
xgboost,external,130,0.5
xgboost,external,131,0.6973684210526316
xgboost,external,132,0.6578947368421053
xgboost,external,133,0.631578947368421
xgboost,external,134,0.6710526315789473
xgboost,external,135,0.4210526315789474
xgboost,external,136,0.9210526315789473
xgboost,external,137,0.9736842105263158
xgboost,external,138,0.618421052631579
xgboost,external,139,0.6842105263157895
xgboost,external,140,1.0
xgboost,external,141,0.6973684210526316
xgboost,external,142,0.763157894736842
xgboost,external,143,0.894736842105263
xgboost,external,144,0.34210526315789475
xgboost,external,145,0.6447368421052632
xgboost,external,146,0.5
xgboost,external,147,0.7894736842105263
xgboost,external,148,0.6842105263157895
xgboost,external,149,0.7894736842105263
xgboost,external,150,0.4736842105263158
xgboost,external,151,0.7105263157894737
xgboost,external,152,0.9736842105263158
xgboost,external,153,0.31578947368421056
xgboost,external,154,0.736842105263158
xgboost,external,155,0.8157894736842106
xgboost,external,156,0.7105263157894737
xgboost,external,157,0.9736842105263157
xgboost,external,158,0.868421052631579
xgboost,external,159,0.7236842105263158
xgboost,external,160,0.7236842105263158
xgboost,external,161,0.868421052631579
xgboost,external,162,0.5263157894736843
xgboost,external,163,0.9473684210526315
xgboost,external,164,0.5921052631578947
xgboost,external,165,0.9210526315789473
xgboost,external,166,0.9210526315789473
xgboost,external,167,0.605263157894737
xgboost,external,168,0.5131578947368421
xgboost,external,169,0.7236842105263158
xgboost,external,170,0.9210526315789473
xgboost,external,171,0.7631578947368421
xgboost,external,172,0.9473684210526316
xgboost,external,173,0.9210526315789473
xgboost,external,174,0.4210526315789474
xgboost,external,175,0.7894736842105263
xgboost,external,176,0.6578947368421053
xgboost,external,177,0.7236842105263158
xgboost,external,178,0.5526315789473684
xgboost,external,179,0.736842105263158
xgboost,external,180,0.7105263157894737
xgboost,external,181,0.6973684210526316
xgboost,external,182,0.736842105263158
xgboost,external,183,0.7631578947368423
xgboost,external,184,0.7894736842105263
xgboost,external,185,0.7105263157894737
xgboost,external,186,0.5263157894736843
xgboost,external,187,0.736842105263158
xgboost,external,188,0.6973684210526316
xgboost,external,189,0.5789473684210527
xgboost,external,190,0.5789473684210527
xgboost,external,191,0.7105263157894737
xgboost,external,192,0.6842105263157895
xgboost,external,193,0.4736842105263158
xgboost,external,194,0.6578947368421053
xgboost,external,195,0.4210526315789474
xgboost,external,196,0.8157894736842105
xgboost,external,197,0.8947368421052632
xgboost,external,198,0.8157894736842106
xgboost,external,199,0.4736842105263158
xgboost,external,200,0.75
xgboost,external,201,0.8947368421052632
xgboost,external,202,0.736842105263158
xgboost,external,203,0.6973684210526316
xgboost,external,204,0.4473684210526316
xgboost,external,205,0.868421052631579
xgboost,external,206,0.6578947368421053
xgboost,external,207,0.868421052631579
xgboost,external,208,0.868421052631579
xgboost,external,209,0.9473684210526316
xgboost,external,210,0.39473684210526316
xgboost,external,211,0.8421052631578948
xgboost,external,212,0.6447368421052632
xgboost,external,213,0.7763157894736843
xgboost,external,214,0.6052631578947368
xgboost,external,215,0.736842105263158
xgboost,external,216,0.8157894736842105
xgboost,external,217,0.7236842105263158
xgboost,external,218,0.6710526315789473
xgboost,external,219,0.618421052631579
xgboost,external,220,0.7105263157894737
xgboost,external,221,0.5789473684210527
xgboost,external,222,0.39473684210526316
xgboost,external,223,0.8157894736842105
xgboost,external,224,0.8947368421052632
xgboost,external,225,0.868421052631579
xgboost,external,226,0.5526315789473685
xgboost,external,227,0.5263157894736843
xgboost,external,228,1.0
xgboost,external,229,0.6710526315789473
xgboost,external,230,0.9473684210526316
xgboost,external,231,0.605263157894737
xgboost,external,232,0.736842105263158
xgboost,external,233,0.736842105263158
xgboost,external,234,0.631578947368421
xgboost,external,235,0.6973684210526316
xgboost,external,236,0.9210526315789475
xgboost,external,237,0.9473684210526316
xgboost,external,238,0.9736842105263157
xgboost,external,239,0.868421052631579
xgboost,external,240,0.2894736842105263
xgboost,external,241,0.605263157894737
xgboost,external,242,0.8421052631578947
xgboost,external,243,0.9210526315789473
xgboost,external,244,0.868421052631579
xgboost,external,245,0.8947368421052632
xgboost,external,246,0.5921052631578947
xgboost,external,247,0.868421052631579
xgboost,external,248,0.7763157894736843
xgboost,external,249,0.6578947368421053
xgboost,external,250,0.6578947368421053
xgboost,external,251,0.8157894736842105
xgboost,external,252,0.6973684210526316
xgboost,external,253,0.5263157894736843
xgboost,external,254,0.34210526315789475
xgboost,external,255,0.42105263157894735
xgboost,external,256,0.8157894736842105
xgboost,external,257,0.631578947368421
xgboost,external,258,0.6578947368421053
xgboost,external,259,0.5
xgboost,external,260,0.6973684210526316
xgboost,external,261,0.7236842105263157
xgboost,external,262,0.6710526315789473
xgboost,external,263,0.7105263157894737
xgboost,external,264,0.7236842105263158
xgboost,external,265,0.7105263157894737
xgboost,external,266,0.8947368421052632
xgboost,external,267,0.6842105263157895
xgboost,external,268,0.6578947368421053
xgboost,external,269,0.8421052631578947
xgboost,external,270,0.9473684210526315
xgboost,external,271,0.9736842105263158
xgboost,external,272,0.9736842105263157
xgboost,external,273,0.7894736842105263
xgboost,external,274,0.9210526315789473
xgboost,external,275,0.6842105263157895
xgboost,external,276,0.6710526315789475
xgboost,external,277,1.0
xgboost,external,278,0.6842105263157895
xgboost,external,279,0.8947368421052632
xgboost,external,280,0.42105263157894735
xgboost,external,281,0.7763157894736842
xgboost,external,282,0.736842105263158
xgboost,external,283,0.631578947368421
xgboost,external,284,0.6315789473684211
xgboost,external,285,0.7105263157894737
xgboost,external,286,0.7105263157894737
xgboost,external,287,0.5526315789473684
xgboost,external,288,0.3684210526315789
xgboost,external,289,0.8289473684210527
xgboost,external,290,0.7236842105263158
xgboost,external,291,0.7236842105263158
xgboost,external,292,0.75
xgboost,external,293,0.7500000000000001
xgboost,external,294,0.736842105263158
xgboost,external,295,0.26315789473684215
xgboost,external,296,0.4736842105263158
xgboost,external,297,0.5789473684210527
xgboost,external,298,0.9210526315789473
xgboost,external,299,0.631578947368421
xgboost,external,300,0.9473684210526316
xgboost,external,301,0.7236842105263158
xgboost,external,302,0.6842105263157895
xgboost,external,303,0.75
xgboost,external,304,0.7894736842105263
xgboost,external,305,0.9736842105263157
xgboost,external,306,0.8026315789473685
xgboost,external,307,0.31578947368421056
xgboost,external,308,0.9473684210526316
xgboost,external,309,0.6315789473684211
xgboost,external,310,0.9210526315789473
xgboost,external,311,0.8947368421052632
xgboost,external,312,0.34210526315789475
xgboost,external,313,0.6447368421052632
xgboost,external,314,1.0
xgboost,external,315,0.868421052631579
xgboost,external,316,0.6973684210526316
xgboost,external,317,0.3684210526315789
xgboost,external,318,0.5526315789473685
xgboost,external,319,0.7631578947368421
xgboost,external,320,0.9210526315789473
xgboost,external,321,0.8157894736842105
xgboost,external,322,0.6447368421052632
xgboost,external,323,0.6973684210526316
xgboost,external,324,0.9210526315789473
xgboost,external,325,0.8421052631578947
xgboost,external,326,0.9736842105263158
xgboost,external,327,0.7763157894736843
xgboost,external,328,0.8157894736842105
xgboost,external,329,0.763157894736842
xgboost,external,330,0.6842105263157895
xgboost,external,331,0.736842105263158
xgboost,external,332,1.0
xgboost,external,333,0.34210526315789475
xgboost,external,334,0.4736842105263158
xgboost,external,335,0.736842105263158
xgboost,external,336,0.868421052631579
xgboost,external,337,0.7236842105263158
xgboost,external,338,0.9210526315789473
xgboost,external,339,0.5789473684210527
xgboost,external,340,0.618421052631579
xgboost,external,341,0.5
xgboost,external,342,0.44736842105263164
xgboost,external,343,0.7236842105263157
xgboost,external,344,0.6710526315789473
xgboost,external,345,0.7236842105263158
xgboost,external,346,0.5263157894736843
xgboost,external,347,0.75
xgboost,external,348,0.4473684210526316
xgboost,external,349,0.7236842105263158
xgboost,external,350,0.894736842105263
xgboost,external,351,0.736842105263158
xgboost,external,352,0.9473684210526316
xgboost,external,353,0.7894736842105263
xgboost,external,354,0.7236842105263158
xgboost,external,355,0.763157894736842
xgboost,external,356,0.8421052631578947
xgboost,external,357,0.4736842105263158
xgboost,external,358,0.7763157894736843
xgboost,external,359,0.5526315789473684
xgboost,external,360,0.9473684210526316
xgboost,external,361,0.6315789473684211
xgboost,external,362,0.7631578947368421
xgboost,external,363,0.9210526315789473
xgboost,external,364,1.0
xgboost,external,365,0.6710526315789473
xgboost,external,366,0.8157894736842105
xgboost,external,367,0.7631578947368421
xgboost,external,368,0.9473684210526316
xgboost,external,369,0.8947368421052632
xgboost,external,370,0.7631578947368421
xgboost,external,371,0.6447368421052632
xgboost,external,372,0.3157894736842105
xgboost,external,373,0.8947368421052633
xgboost,external,374,0.9473684210526316
xgboost,external,375,0.6842105263157895
xgboost,external,376,0.7105263157894737
xgboost,external,377,0.8157894736842105
xgboost,external,378,0.7763157894736842
xgboost,external,379,1.0
xgboost,external,380,0.631578947368421
xgboost,external,381,0.9473684210526316
xgboost,external,382,0.7105263157894737
xgboost,external,383,0.39473684210526316
xgboost,external,384,0.7763157894736842
xgboost,external,385,0.8157894736842105
xgboost,external,386,0.8026315789473684
xgboost,external,387,0.736842105263158
xgboost,external,388,0.894736842105263
xgboost,external,389,0.6973684210526316
xgboost,external,390,0.5526315789473685
xgboost,external,391,0.9473684210526316
xgboost,external,392,0.7894736842105263
xgboost,external,393,0.631578947368421
xgboost,external,394,0.6973684210526316
xgboost,external,395,0.9473684210526316
xgboost,external,396,0.736842105263158
xgboost,external,397,0.5789473684210527
xgboost,external,398,0.5921052631578948
xgboost,external,399,0.7763157894736843
xgboost,external,400,0.736842105263158
xgboost,external,401,0.7236842105263158
xgboost,external,402,0.9473684210526316
xgboost,external,403,0.8947368421052632
xgboost,external,404,0.5789473684210527
xgboost,external,405,0.75
xgboost,external,406,0.8421052631578947
xgboost,external,407,0.7894736842105263
xgboost,external,408,0.8947368421052633
xgboost,external,409,0.9473684210526315
xgboost,external,410,0.75
xgboost,external,411,0.7236842105263158
xgboost,external,412,0.7763157894736843
xgboost,external,413,0.6578947368421053
xgboost,external,414,0.4210526315789474
xgboost,external,415,0.868421052631579
xgboost,external,416,0.7894736842105263
xgboost,external,417,0.6973684210526316
xgboost,external,418,0.42105263157894735
xgboost,external,419,0.736842105263158
xgboost,external,420,0.8026315789473684
xgboost,external,421,0.6447368421052632
xgboost,external,422,0.7763157894736843
xgboost,external,423,0.39473684210526316
xgboost,external,424,0.6842105263157894
xgboost,external,425,0.5131578947368421
xgboost,external,426,0.6447368421052632
xgboost,external,427,0.6447368421052632
xgboost,external,428,0.5263157894736842
xgboost,external,429,0.736842105263158
xgboost,external,430,0.6842105263157895
xgboost,external,431,0.7894736842105263
xgboost,external,432,0.9473684210526316
xgboost,external,433,0.7894736842105263
xgboost,external,434,0.34210526315789475
xgboost,external,435,0.6578947368421053
xgboost,external,436,0.763157894736842
xgboost,external,437,1.0
xgboost,external,438,0.7763157894736843
xgboost,external,439,0.736842105263158
xgboost,external,440,0.4736842105263158
xgboost,external,441,0.6973684210526316
xgboost,external,442,0.75
xgboost,external,443,0.9210526315789475
xgboost,external,444,0.5
xgboost,external,445,0.44736842105263164
xgboost,external,446,0.7105263157894737
xgboost,external,447,0.5263157894736842
xgboost,external,448,0.7236842105263158
xgboost,external,449,0.9473684210526315
xgboost,external,450,0.7763157894736843
xgboost,external,451,0.6842105263157895
xgboost,external,452,0.8026315789473685
xgboost,external,453,0.368421052631579
xgboost,external,454,0.736842105263158
xgboost,external,455,0.631578947368421
xgboost,external,456,0.6842105263157895
xgboost,external,457,0.75
xgboost,external,458,0.5263157894736842
xgboost,external,459,0.7631578947368421
xgboost,external,460,0.736842105263158
xgboost,external,461,0.7894736842105263
xgboost,external,462,0.5
xgboost,external,463,0.9210526315789473
xgboost,external,464,0.868421052631579
xgboost,external,465,0.6710526315789473
xgboost,external,466,0.8026315789473684
xgboost,external,467,0.4736842105263158
xgboost,external,468,0.8421052631578948
xgboost,external,469,0.894736842105263
xgboost,external,470,0.6052631578947368
xgboost,external,471,0.9473684210526316
xgboost,external,472,0.6842105263157895
xgboost,external,473,0.736842105263158
xgboost,external,474,0.8157894736842105
xgboost,external,475,0.6578947368421053
xgboost,external,476,0.7763157894736842
xgboost,external,477,0.5526315789473685
xgboost,external,478,0.7236842105263157
xgboost,external,479,0.34210526315789475
xgboost,external,480,0.736842105263158
xgboost,external,481,0.7236842105263159
xgboost,external,482,0.631578947368421
xgboost,external,483,0.4210526315789474
xgboost,external,484,0.5263157894736843
xgboost,external,485,1.0
xgboost,external,486,0.6973684210526316
xgboost,external,487,0.6710526315789473
xgboost,external,488,0.9473684210526316
xgboost,external,489,0.7894736842105263
xgboost,external,490,0.605263157894737
xgboost,external,491,0.5263157894736842
xgboost,external,492,0.5526315789473685
xgboost,external,493,0.34210526315789475
xgboost,external,494,0.7631578947368421
xgboost,external,495,0.8421052631578947
xgboost,external,496,0.9473684210526316
xgboost,external,497,0.736842105263158
xgboost,external,498,0.7105263157894737
xgboost,external,499,0.736842105263158
xgboost,external,500,0.6578947368421053
xgboost,external,501,0.6973684210526316
xgboost,external,502,0.2894736842105263
xgboost,external,503,0.8026315789473684
xgboost,external,504,0.7105263157894737
xgboost,external,505,0.9210526315789473
xgboost,external,506,0.34210526315789475
xgboost,external,507,0.6052631578947368
xgboost,external,508,0.6973684210526316
xgboost,external,509,0.5526315789473684
xgboost,external,510,0.75
xgboost,external,511,0.5526315789473685
xgboost,external,512,0.6973684210526316
xgboost,external,513,0.7105263157894737
xgboost,external,514,0.6710526315789473
xgboost,external,515,0.75
xgboost,external,516,0.5526315789473685
xgboost,external,517,0.7236842105263158
xgboost,external,518,0.6578947368421053
xgboost,external,519,0.7105263157894737
xgboost,external,520,0.7894736842105263
xgboost,external,521,0.5789473684210527
xgboost,external,522,0.8421052631578947
xgboost,external,523,0.4473684210526316
xgboost,external,524,0.8684210526315789
xgboost,external,525,0.618421052631579
xgboost,external,526,0.31578947368421056
xgboost,external,527,0.6578947368421053
xgboost,external,528,0.6447368421052632
xgboost,external,529,0.9473684210526315
xgboost,external,530,0.9736842105263158
xgboost,external,531,0.8947368421052632
xgboost,external,532,0.5526315789473684
xgboost,external,533,0.605263157894737
xgboost,external,534,0.9473684210526316
xgboost,external,535,0.368421052631579
xgboost,external,536,0.8421052631578947
xgboost,external,537,0.6973684210526316
xgboost,external,538,0.7105263157894737
xgboost,external,539,0.631578947368421
xgboost,external,540,0.7105263157894737
xgboost,external,541,0.8947368421052632
xgboost,external,542,0.7631578947368423
xgboost,external,543,0.6578947368421053
xgboost,external,544,0.9473684210526316
xgboost,external,545,0.7894736842105263
xgboost,external,546,0.5526315789473685
xgboost,external,547,0.6973684210526316
xgboost,external,548,0.6973684210526316
xgboost,external,549,0.6578947368421053
xgboost,external,550,0.7763157894736843
xgboost,external,551,0.631578947368421
xgboost,external,552,0.9473684210526316
xgboost,external,553,0.5921052631578947
xgboost,external,554,1.0
xgboost,external,555,0.6842105263157895
xgboost,external,556,0.5263157894736842
xgboost,external,557,0.9736842105263158
xgboost,external,558,0.5526315789473684
xgboost,external,559,0.6315789473684211
xgboost,external,560,0.6973684210526316
xgboost,external,561,0.736842105263158
xgboost,external,562,0.8026315789473685
xgboost,external,563,0.8026315789473684
xgboost,external,564,0.5921052631578947
xgboost,external,565,0.9736842105263158
xgboost,external,566,0.5789473684210527
xgboost,external,567,0.9473684210526316
xgboost,external,568,0.4736842105263158
xgboost,external,569,0.8157894736842105
xgboost,external,570,0.6052631578947368
xgboost,external,571,0.9473684210526316
xgboost,external,572,0.75
xgboost,external,573,0.618421052631579
xgboost,external,574,0.368421052631579
xgboost,external,575,0.8947368421052632
xgboost,external,576,0.631578947368421
xgboost,external,577,0.8947368421052632
xgboost,external,578,0.7105263157894737
xgboost,external,579,0.8157894736842105
xgboost,external,580,0.6447368421052632
xgboost,external,581,0.6973684210526316
xgboost,external,582,0.6447368421052632
xgboost,external,583,0.8421052631578948
xgboost,external,584,0.34210526315789475
xgboost,external,585,0.7763157894736843
xgboost,external,586,0.6842105263157895
xgboost,external,587,0.6578947368421053
xgboost,external,588,0.736842105263158
xgboost,external,589,0.8289473684210527
xgboost,external,590,0.7763157894736843
xgboost,external,591,0.5921052631578947
xgboost,external,592,0.6710526315789473
xgboost,external,593,0.9736842105263158
xgboost,external,594,0.5657894736842106
xgboost,external,595,0.618421052631579
xgboost,external,596,1.0
xgboost,external,597,0.6842105263157895
xgboost,external,598,0.7631578947368421
xgboost,external,599,0.6710526315789473
xgboost,external,600,0.868421052631579
xgboost,external,601,0.736842105263158
xgboost,external,602,0.736842105263158
xgboost,external,603,0.7894736842105263
xgboost,external,604,0.6710526315789473
xgboost,external,605,0.9210526315789473
xgboost,external,606,0.368421052631579
xgboost,external,607,0.7894736842105263
xgboost,external,608,0.5789473684210527
xgboost,external,609,0.7105263157894737
xgboost,external,610,0.42105263157894735
xgboost,external,611,0.736842105263158
xgboost,external,612,0.9210526315789473
xgboost,external,613,0.4210526315789474
xgboost,external,614,0.8552631578947367
xgboost,external,615,0.6052631578947368
xgboost,external,616,0.6710526315789473
xgboost,external,617,0.5263157894736842
xgboost,external,618,0.9210526315789475
xgboost,external,619,0.75
xgboost,external,620,0.75
xgboost,external,621,0.42105263157894735
xgboost,external,622,0.7105263157894737
xgboost,external,623,0.6315789473684211
xgboost,external,624,0.9473684210526316
xgboost,external,625,0.6973684210526316
xgboost,external,626,0.6842105263157895
xgboost,external,627,0.7763157894736843
xgboost,external,628,0.618421052631579
xgboost,external,629,0.4736842105263158
xgboost,external,630,0.39473684210526316
xgboost,external,631,0.8947368421052632
xgboost,external,632,0.6842105263157896
xgboost,external,633,0.5789473684210527
xgboost,external,634,0.7105263157894737
xgboost,external,635,0.6052631578947368
xgboost,external,636,0.7105263157894737
xgboost,external,637,0.6842105263157895
xgboost,external,638,0.4736842105263158
xgboost,external,639,0.7894736842105263
xgboost,external,640,0.9210526315789473
xgboost,external,641,0.44736842105263164
xgboost,external,642,0.7894736842105263
xgboost,external,643,0.631578947368421
xgboost,external,644,0.75
xgboost,external,645,0.6447368421052632
xgboost,external,646,0.631578947368421
xgboost,external,647,0.9473684210526316
xgboost,external,648,0.6578947368421053
xgboost,external,649,0.736842105263158
xgboost,external,650,0.9736842105263158
xgboost,external,651,0.618421052631579
xgboost,external,652,0.8947368421052632
xgboost,external,653,0.8947368421052632
xgboost,external,654,0.9473684210526316
xgboost,external,655,0.7631578947368421
xgboost,external,656,0.4736842105263158
xgboost,external,657,0.631578947368421
xgboost,external,658,0.4736842105263158
xgboost,external,659,0.5
xgboost,external,660,0.736842105263158
xgboost,external,661,0.5921052631578947
xgboost,external,662,0.6710526315789473
xgboost,external,663,0.9210526315789473
xgboost,external,664,0.5789473684210527
xgboost,external,665,0.7236842105263158
xgboost,external,666,0.736842105263158
xgboost,external,667,0.4736842105263158
xgboost,external,668,0.7894736842105263
xgboost,external,669,0.4736842105263158
xgboost,external,670,0.7105263157894737
xgboost,external,671,0.8421052631578948
xgboost,external,672,0.868421052631579
xgboost,external,673,0.6842105263157895
xgboost,external,674,0.5
xgboost,external,675,0.7763157894736843
xgboost,external,676,0.9210526315789475
xgboost,external,677,0.6973684210526316
xgboost,external,678,0.631578947368421
xgboost,external,679,0.7105263157894737
xgboost,external,680,0.9473684210526316
xgboost,external,681,0.9736842105263157
xgboost,external,682,0.75
xgboost,external,683,0.7894736842105263
xgboost,external,684,0.8157894736842105
xgboost,external,685,0.618421052631579
xgboost,external,686,0.5789473684210527
xgboost,external,687,0.8947368421052632
xgboost,external,688,0.6842105263157895
xgboost,external,689,0.5789473684210527
xgboost,external,690,0.7894736842105263
xgboost,external,691,0.6973684210526316
xgboost,external,692,0.5921052631578947
xgboost,external,693,0.4473684210526316
xgboost,external,694,0.7236842105263159
xgboost,external,695,0.4736842105263158
xgboost,external,696,0.7763157894736843
xgboost,external,697,0.9210526315789473
xgboost,external,698,0.4210526315789474
xgboost,external,699,0.9210526315789473
xgboost,external,700,0.8421052631578947
xgboost,external,701,1.0
xgboost,external,702,0.7631578947368421
xgboost,external,703,0.7631578947368421
xgboost,external,704,0.736842105263158
xgboost,external,705,0.6578947368421053
xgboost,external,706,0.9210526315789473
xgboost,external,707,0.8157894736842105
xgboost,external,708,0.7105263157894737
xgboost,external,709,0.6973684210526316
xgboost,external,710,0.6842105263157895
xgboost,external,711,0.8421052631578947
xgboost,external,712,0.6842105263157895
xgboost,external,713,0.5789473684210527
xgboost,external,714,0.6842105263157895
xgboost,external,715,0.6578947368421053
xgboost,external,716,0.4736842105263158
xgboost,external,717,0.7105263157894737
xgboost,external,718,0.7236842105263158
xgboost,external,719,0.6842105263157895
xgboost,external,720,1.0
xgboost,external,721,0.8157894736842105
xgboost,external,722,0.6447368421052632
xgboost,external,723,0.868421052631579
xgboost,external,724,0.6973684210526316
xgboost,external,725,0.6842105263157895
xgboost,external,726,0.6710526315789473
xgboost,external,727,0.6578947368421053
xgboost,external,728,0.8289473684210527
xgboost,external,729,0.736842105263158
xgboost,external,730,0.44736842105263164
xgboost,external,731,0.8947368421052632
xgboost,external,732,0.7236842105263158
xgboost,external,733,0.8289473684210527
xgboost,external,734,0.9736842105263157
xgboost,external,735,0.4473684210526316
xgboost,external,736,0.6447368421052632
xgboost,external,737,0.4210526315789474
xgboost,external,738,0.5
xgboost,external,739,0.6973684210526316
xgboost,external,740,0.736842105263158
xgboost,external,741,1.0
xgboost,external,742,0.6973684210526316
xgboost,external,743,0.5789473684210527
xgboost,external,744,0.8157894736842106
xgboost,external,745,0.7105263157894738
xgboost,external,746,0.6578947368421053
xgboost,external,747,0.736842105263158
xgboost,external,748,0.736842105263158
xgboost,external,749,0.7894736842105263
xgboost,external,750,0.5
xgboost,external,751,0.75
xgboost,external,752,0.4210526315789474
xgboost,external,753,0.736842105263158
xgboost,external,754,0.2894736842105263
xgboost,external,755,0.631578947368421
xgboost,external,756,0.39473684210526316
xgboost,external,757,0.2894736842105263
xgboost,external,758,0.6973684210526316
xgboost,external,759,0.9473684210526316
xgboost,external,760,0.6578947368421053
xgboost,external,761,0.6578947368421053
xgboost,external,762,0.736842105263158
xgboost,external,763,0.6184210526315789
xgboost,external,764,0.6710526315789473
xgboost,external,765,0.6710526315789473
xgboost,external,766,1.0
xgboost,external,767,0.7631578947368421
xgboost,external,768,0.6973684210526316
xgboost,external,769,0.5
xgboost,external,770,0.9736842105263157
xgboost,external,771,0.3157894736842105
xgboost,external,772,0.7105263157894737
xgboost,external,773,0.9736842105263159
xgboost,external,774,0.39473684210526316
xgboost,external,775,0.7763157894736842
xgboost,external,776,0.6842105263157895
xgboost,external,777,0.7236842105263158
xgboost,external,778,0.631578947368421
xgboost,external,779,0.9210526315789473
xgboost,external,780,0.736842105263158
xgboost,external,781,0.7763157894736843
xgboost,external,782,0.4736842105263158
xgboost,external,783,0.5263157894736843
xgboost,external,784,0.7894736842105263
xgboost,external,785,0.9210526315789475
xgboost,external,786,0.4473684210526316
xgboost,external,787,0.631578947368421
xgboost,external,788,0.6710526315789473
xgboost,external,789,0.6447368421052632
xgboost,external,790,0.5789473684210527
xgboost,external,791,0.75
xgboost,external,792,0.5526315789473685
xgboost,external,793,1.0
xgboost,external,794,0.7763157894736843
xgboost,external,795,0.4736842105263158
xgboost,external,796,0.6052631578947368
xgboost,external,797,0.7105263157894737
xgboost,external,798,0.9473684210526316
xgboost,external,799,1.0
xgboost,external,800,0.5
xgboost,external,801,0.631578947368421
xgboost,external,802,0.868421052631579
xgboost,external,803,0.8157894736842105
xgboost,external,804,1.0
xgboost,external,805,0.7105263157894737
xgboost,external,806,0.631578947368421
xgboost,external,807,0.9210526315789473
xgboost,external,808,0.736842105263158
xgboost,external,809,0.7894736842105263
xgboost,external,810,0.8421052631578947
xgboost,external,811,0.2894736842105263
xgboost,external,812,0.5789473684210527
xgboost,external,813,0.8947368421052632
xgboost,external,814,0.75
xgboost,external,815,0.39473684210526316
xgboost,external,816,0.5921052631578947
xgboost,external,817,0.9473684210526316
xgboost,external,818,0.6842105263157895
xgboost,external,819,0.5
xgboost,external,820,0.5
xgboost,external,821,0.9210526315789473
xgboost,external,822,0.8947368421052632
xgboost,external,823,0.4210526315789474
xgboost,external,824,0.75
xgboost,external,825,0.44736842105263164
xgboost,external,826,0.7631578947368421
xgboost,external,827,0.7631578947368421
xgboost,external,828,0.6052631578947368
xgboost,external,829,0.6842105263157895
xgboost,external,830,0.31578947368421056
xgboost,external,831,0.6710526315789473
xgboost,external,832,0.9473684210526316
xgboost,external,833,0.868421052631579
xgboost,external,834,0.5
xgboost,external,835,0.9473684210526316
xgboost,external,836,0.4473684210526316
xgboost,external,837,0.618421052631579
xgboost,external,838,0.6447368421052632
xgboost,external,839,0.5263157894736843
xgboost,external,840,0.6315789473684211
xgboost,external,841,0.618421052631579
xgboost,external,842,0.5
xgboost,external,843,0.8289473684210527
xgboost,external,844,0.9473684210526316
xgboost,external,845,0.5263157894736843
xgboost,external,846,0.7105263157894737
xgboost,external,847,0.6578947368421053
xgboost,external,848,0.631578947368421
xgboost,external,849,0.8157894736842106
xgboost,external,850,0.9736842105263158
xgboost,external,851,0.5
xgboost,external,852,0.9736842105263158
xgboost,external,853,0.8421052631578948
xgboost,external,854,0.5789473684210527
xgboost,external,855,0.7631578947368421
xgboost,external,856,0.5526315789473685
xgboost,external,857,0.736842105263158
xgboost,external,858,0.9736842105263158
xgboost,external,859,0.7894736842105263
xgboost,external,860,0.5
xgboost,external,861,0.6973684210526316
xgboost,external,862,0.605263157894737
xgboost,external,863,0.6973684210526316
xgboost,external,864,0.736842105263158
xgboost,external,865,0.7105263157894737
xgboost,external,866,0.6842105263157895
xgboost,external,867,0.9473684210526316
xgboost,external,868,0.39473684210526316
xgboost,external,869,0.5263157894736843
xgboost,external,870,0.5263157894736843
xgboost,external,871,0.8026315789473685
xgboost,external,872,0.8421052631578947
xgboost,external,873,1.0
xgboost,external,874,0.9210526315789473
xgboost,external,875,0.9210526315789473
xgboost,external,876,0.75
xgboost,external,877,0.75
xgboost,external,878,0.7631578947368421
xgboost,external,879,0.6052631578947368
xgboost,external,880,0.9736842105263158
xgboost,external,881,0.9210526315789473
xgboost,external,882,0.8421052631578947
xgboost,external,883,0.7236842105263158
xgboost,external,884,0.5526315789473685
xgboost,external,885,0.9210526315789473
xgboost,external,886,0.5263157894736843
xgboost,external,887,0.6973684210526316
xgboost,external,888,0.8421052631578947
xgboost,external,889,0.44736842105263164
xgboost,external,890,0.6447368421052632
xgboost,external,891,0.631578947368421
xgboost,external,892,0.44736842105263164
xgboost,external,893,1.0
xgboost,external,894,0.9210526315789473
xgboost,external,895,0.868421052631579
xgboost,external,896,0.6842105263157895
xgboost,external,897,0.618421052631579
xgboost,external,898,0.9473684210526315
xgboost,external,899,0.7236842105263158
xgboost,external,900,0.39473684210526316
xgboost,external,901,0.6578947368421053
xgboost,external,902,0.6973684210526316
xgboost,external,903,0.6842105263157894
xgboost,external,904,0.8026315789473685
xgboost,external,905,0.6578947368421053
xgboost,external,906,0.44736842105263164
xgboost,external,907,0.9210526315789475
xgboost,external,908,0.9473684210526316
xgboost,external,909,0.9736842105263157
xgboost,external,910,0.7500000000000001
xgboost,external,911,0.7236842105263158
xgboost,external,912,0.9210526315789475
xgboost,external,913,0.42105263157894735
xgboost,external,914,0.5
xgboost,external,915,0.7763157894736843
xgboost,external,916,0.9210526315789473
xgboost,external,917,0.5
xgboost,external,918,0.4210526315789474
xgboost,external,919,0.5263157894736843
xgboost,external,920,0.75
xgboost,external,921,0.75
xgboost,external,922,0.75
xgboost,external,923,0.6578947368421053
xgboost,external,924,1.0
xgboost,external,925,0.9473684210526316
xgboost,external,926,0.7894736842105263
xgboost,external,927,0.7894736842105263
xgboost,external,928,0.5921052631578947
xgboost,external,929,0.7368421052631579
xgboost,external,930,0.6052631578947368
xgboost,external,931,0.7631578947368421
xgboost,external,932,0.5657894736842105
xgboost,external,933,0.618421052631579
xgboost,external,934,0.631578947368421
xgboost,external,935,0.6710526315789473
xgboost,external,936,0.7763157894736843
xgboost,external,937,0.736842105263158
xgboost,external,938,0.39473684210526316
xgboost,external,939,0.5789473684210527
xgboost,external,940,0.8421052631578948
xgboost,external,941,0.6973684210526316
xgboost,external,942,0.868421052631579
xgboost,external,943,0.618421052631579
xgboost,external,944,0.75
xgboost,external,945,0.5789473684210527
xgboost,external,946,0.31578947368421056
xgboost,external,947,0.6052631578947368
xgboost,external,948,0.5789473684210527
xgboost,external,949,0.5921052631578947
xgboost,external,950,0.5526315789473684
xgboost,external,951,0.736842105263158
xgboost,external,952,0.9210526315789473
xgboost,external,953,0.8026315789473685
xgboost,external,954,0.5921052631578947
xgboost,external,955,0.8421052631578948
xgboost,external,956,0.736842105263158
xgboost,external,957,0.8289473684210527
xgboost,external,958,0.7631578947368421
xgboost,external,959,0.6710526315789473
xgboost,external,960,1.0
xgboost,external,961,0.4210526315789474
xgboost,external,962,0.618421052631579
xgboost,external,963,0.4473684210526316
xgboost,external,964,0.631578947368421
xgboost,external,965,0.8289473684210527
xgboost,external,966,0.8289473684210527
xgboost,external,967,0.8026315789473685
xgboost,external,968,0.6842105263157895
xgboost,external,969,0.7105263157894737
xgboost,external,970,0.5
xgboost,external,971,0.9473684210526316
xgboost,external,972,0.631578947368421
xgboost,external,973,0.6184210526315789
xgboost,external,974,0.44736842105263164
xgboost,external,975,0.6052631578947368
xgboost,external,976,0.6973684210526316
xgboost,external,977,0.736842105263158
xgboost,external,978,0.8947368421052632
xgboost,external,979,0.75
xgboost,external,980,0.736842105263158
xgboost,external,981,0.7105263157894737
xgboost,external,982,0.6052631578947368
xgboost,external,983,0.7368421052631579
xgboost,external,984,0.6578947368421053
xgboost,external,985,0.9473684210526316
xgboost,external,986,0.631578947368421
xgboost,external,987,0.42105263157894735
xgboost,external,988,0.9210526315789473
xgboost,external,989,0.9210526315789475
xgboost,external,990,0.42105263157894735
xgboost,external,991,0.8421052631578947
xgboost,external,992,0.6052631578947368
xgboost,external,993,0.9473684210526316
xgboost,external,994,0.5
xgboost,external,995,1.0
xgboost,external,996,0.7631578947368421
xgboost,external,997,0.9210526315789473
xgboost,external,998,0.9473684210526316
xgboost,external,999,1.0
xgboost,external,1000,0.5263157894736843
logistic_regression,external,1,0.6842105263157895
logistic_regression,external,2,0.4736842105263158
logistic_regression,external,3,0.631578947368421
logistic_regression,external,4,0.9473684210526315
logistic_regression,external,5,0.6052631578947368
logistic_regression,external,6,0.8947368421052632
logistic_regression,external,7,0.7631578947368421
logistic_regression,external,8,0.5263157894736843
logistic_regression,external,9,0.6578947368421053
logistic_regression,external,10,0.6842105263157895
logistic_regression,external,11,0.42105263157894735
logistic_regression,external,12,0.736842105263158
logistic_regression,external,13,0.9473684210526316
logistic_regression,external,14,0.736842105263158
logistic_regression,external,15,1.0
logistic_regression,external,16,0.6052631578947368
logistic_regression,external,17,1.0
logistic_regression,external,18,0.9473684210526315
logistic_regression,external,19,0.6578947368421052
logistic_regression,external,20,0.8157894736842106
logistic_regression,external,21,0.4736842105263158
logistic_regression,external,22,0.7894736842105263
logistic_regression,external,23,0.9473684210526316
logistic_regression,external,24,0.8421052631578948
logistic_regression,external,25,0.6842105263157895
logistic_regression,external,26,0.6052631578947368
logistic_regression,external,27,0.631578947368421
logistic_regression,external,28,1.0
logistic_regression,external,29,0.736842105263158
logistic_regression,external,30,0.26315789473684215
logistic_regression,external,31,0.3157894736842105
logistic_regression,external,32,0.42105263157894735
logistic_regression,external,33,0.8947368421052632
logistic_regression,external,34,0.5789473684210527
logistic_regression,external,35,1.0
logistic_regression,external,36,0.5789473684210527
logistic_regression,external,37,0.631578947368421
logistic_regression,external,38,0.7631578947368421
logistic_regression,external,39,0.736842105263158
logistic_regression,external,40,0.42105263157894735
logistic_regression,external,41,0.7105263157894737
logistic_regression,external,42,0.7631578947368421
logistic_regression,external,43,0.5789473684210527
logistic_regression,external,44,0.368421052631579
logistic_regression,external,45,0.9473684210526316
logistic_regression,external,46,0.8947368421052632
logistic_regression,external,47,0.7105263157894737
logistic_regression,external,48,0.6578947368421052
logistic_regression,external,49,0.5263157894736843
logistic_regression,external,50,0.26315789473684215
logistic_regression,external,51,0.7631578947368421
logistic_regression,external,52,1.0
logistic_regression,external,53,1.0
logistic_regression,external,54,1.0
logistic_regression,external,55,0.5789473684210527
logistic_regression,external,56,0.368421052631579
logistic_regression,external,57,0.3157894736842105
logistic_regression,external,58,0.6052631578947368
logistic_regression,external,59,0.5263157894736843
logistic_regression,external,60,0.5263157894736843
logistic_regression,external,61,1.0
logistic_regression,external,62,0.7894736842105263
logistic_regression,external,63,0.9473684210526316
logistic_regression,external,64,0.7894736842105263
logistic_regression,external,65,0.6052631578947368
logistic_regression,external,66,0.8947368421052633
logistic_regression,external,67,0.6052631578947368
logistic_regression,external,68,0.6052631578947368
logistic_regression,external,69,0.3157894736842105
logistic_regression,external,70,0.368421052631579
logistic_regression,external,71,0.42105263157894735
logistic_regression,external,72,0.6315789473684211
logistic_regression,external,73,0.6842105263157895
logistic_regression,external,74,0.7105263157894737
logistic_regression,external,75,0.6052631578947368
logistic_regression,external,76,0.631578947368421
logistic_regression,external,77,0.4736842105263158
logistic_regression,external,78,0.4736842105263158
logistic_regression,external,79,1.0
logistic_regression,external,80,0.9473684210526316
logistic_regression,external,81,0.8157894736842105
logistic_regression,external,82,0.8947368421052632
logistic_regression,external,83,0.4736842105263158
logistic_regression,external,84,0.7105263157894737
logistic_regression,external,85,0.21052631578947367
logistic_regression,external,86,0.736842105263158
logistic_regression,external,87,0.5263157894736843
logistic_regression,external,88,0.631578947368421
logistic_regression,external,89,0.42105263157894735
logistic_regression,external,90,0.631578947368421
logistic_regression,external,91,0.7894736842105263
logistic_regression,external,92,0.7105263157894737
logistic_regression,external,93,0.42105263157894735
logistic_regression,external,94,0.631578947368421
logistic_regression,external,95,0.7105263157894737
logistic_regression,external,96,0.7105263157894737
logistic_regression,external,97,0.631578947368421
logistic_regression,external,98,0.7368421052631579
logistic_regression,external,99,0.9473684210526316
logistic_regression,external,100,0.4736842105263158
logistic_regression,external,101,0.8421052631578947
logistic_regression,external,102,0.7631578947368421
logistic_regression,external,103,0.6842105263157895
logistic_regression,external,104,0.6052631578947368
logistic_regression,external,105,0.7631578947368421
logistic_regression,external,106,0.8947368421052632
logistic_regression,external,107,0.9473684210526316
logistic_regression,external,108,0.7368421052631579
logistic_regression,external,109,0.42105263157894735
logistic_regression,external,110,0.6842105263157895
logistic_regression,external,111,0.368421052631579
logistic_regression,external,112,0.7105263157894737
logistic_regression,external,113,1.0
logistic_regression,external,114,0.763157894736842
logistic_regression,external,115,0.7368421052631579
logistic_regression,external,116,0.6052631578947368
logistic_regression,external,117,0.5789473684210527
logistic_regression,external,118,0.6842105263157895
logistic_regression,external,119,0.631578947368421
logistic_regression,external,120,0.736842105263158
logistic_regression,external,121,0.6315789473684211
logistic_regression,external,122,0.7368421052631579
logistic_regression,external,123,0.42105263157894735
logistic_regression,external,124,0.6842105263157895
logistic_regression,external,125,0.7368421052631579
logistic_regression,external,126,0.7105263157894737
logistic_regression,external,127,0.9473684210526315
logistic_regression,external,128,0.6052631578947368
logistic_regression,external,129,0.7368421052631579
logistic_regression,external,130,0.4736842105263158
logistic_regression,external,131,0.736842105263158
logistic_regression,external,132,0.8157894736842105
logistic_regression,external,133,0.6052631578947368
logistic_regression,external,134,0.6842105263157895
logistic_regression,external,135,0.4736842105263158
logistic_regression,external,136,1.0
logistic_regression,external,137,1.0
logistic_regression,external,138,0.5526315789473685
logistic_regression,external,139,0.6842105263157895
logistic_regression,external,140,1.0
logistic_regression,external,141,0.7105263157894737
logistic_regression,external,142,0.7631578947368421
logistic_regression,external,143,0.8947368421052632
logistic_regression,external,144,0.4736842105263158
logistic_regression,external,145,0.7105263157894737
logistic_regression,external,146,0.5263157894736843
logistic_regression,external,147,0.631578947368421
logistic_regression,external,148,0.7105263157894737
logistic_regression,external,149,0.736842105263158
logistic_regression,external,150,0.5263157894736843
logistic_regression,external,151,0.736842105263158
logistic_regression,external,152,1.0
logistic_regression,external,153,0.5263157894736843
logistic_regression,external,154,0.736842105263158
logistic_regression,external,155,0.8947368421052632
logistic_regression,external,156,0.6842105263157895
logistic_regression,external,157,1.0
logistic_regression,external,158,0.9473684210526316
logistic_regression,external,159,0.6052631578947368
logistic_regression,external,160,0.7105263157894737
logistic_regression,external,161,0.8947368421052632
logistic_regression,external,162,0.4736842105263158
logistic_regression,external,163,0.9473684210526316
logistic_regression,external,164,0.5526315789473685
logistic_regression,external,165,0.9473684210526315
logistic_regression,external,166,1.0
logistic_regression,external,167,0.42105263157894735
logistic_regression,external,168,0.5789473684210527
logistic_regression,external,169,0.7105263157894737
logistic_regression,external,170,0.9473684210526316
logistic_regression,external,171,0.7894736842105263
logistic_regression,external,172,1.0
logistic_regression,external,173,0.9473684210526315
logistic_regression,external,174,0.6842105263157896
logistic_regression,external,175,0.8421052631578947
logistic_regression,external,176,0.6842105263157895
logistic_regression,external,177,0.7631578947368421
logistic_regression,external,178,0.5789473684210527
logistic_regression,external,179,0.7105263157894737
logistic_regression,external,180,0.7368421052631579
logistic_regression,external,181,0.7894736842105263
logistic_regression,external,182,0.7105263157894737
logistic_regression,external,183,0.736842105263158
logistic_regression,external,184,0.7894736842105263
logistic_regression,external,185,0.7105263157894737
logistic_regression,external,186,0.42105263157894735
logistic_regression,external,187,0.7631578947368421
logistic_regression,external,188,0.7631578947368421
logistic_regression,external,189,0.42105263157894735
logistic_regression,external,190,0.5789473684210527
logistic_regression,external,191,0.7105263157894737
logistic_regression,external,192,0.6578947368421053
logistic_regression,external,193,0.3157894736842105
logistic_regression,external,194,0.7894736842105263
logistic_regression,external,195,0.42105263157894735
logistic_regression,external,196,0.6842105263157895
logistic_regression,external,197,0.8947368421052632
logistic_regression,external,198,0.7894736842105263
logistic_regression,external,199,0.4736842105263158
logistic_regression,external,200,0.868421052631579
logistic_regression,external,201,1.0
logistic_regression,external,202,0.7368421052631579
logistic_regression,external,203,0.736842105263158
logistic_regression,external,204,0.4736842105263158
logistic_regression,external,205,0.9473684210526316
logistic_regression,external,206,0.5263157894736843
logistic_regression,external,207,0.7105263157894737
logistic_regression,external,208,0.9473684210526315
logistic_regression,external,209,0.9473684210526316
logistic_regression,external,210,0.3157894736842105
logistic_regression,external,211,0.894736842105263
logistic_regression,external,212,0.6578947368421053
logistic_regression,external,213,0.7368421052631579
logistic_regression,external,214,0.4736842105263158
logistic_regression,external,215,0.7105263157894737
logistic_regression,external,216,0.8421052631578948
logistic_regression,external,217,0.8157894736842105
logistic_regression,external,218,0.6842105263157895
logistic_regression,external,219,0.6052631578947368
logistic_regression,external,220,0.6842105263157895
logistic_regression,external,221,0.6578947368421053
logistic_regression,external,222,0.26315789473684215
logistic_regression,external,223,0.7631578947368421
logistic_regression,external,224,0.9473684210526316
logistic_regression,external,225,0.9473684210526316
logistic_regression,external,226,0.5789473684210527
logistic_regression,external,227,0.5263157894736843
logistic_regression,external,228,1.0
logistic_regression,external,229,0.7368421052631579
logistic_regression,external,230,0.9473684210526316
logistic_regression,external,231,0.4736842105263158
logistic_regression,external,232,0.7631578947368421
logistic_regression,external,233,0.8157894736842105
logistic_regression,external,234,0.4736842105263158
logistic_regression,external,235,0.736842105263158
logistic_regression,external,236,0.9473684210526315
logistic_regression,external,237,0.9473684210526316
logistic_regression,external,238,1.0
logistic_regression,external,239,0.8947368421052632
logistic_regression,external,240,0.3157894736842105
logistic_regression,external,241,0.6315789473684211
logistic_regression,external,242,0.7105263157894737
logistic_regression,external,243,0.9473684210526315
logistic_regression,external,244,0.8947368421052632
logistic_regression,external,245,0.8947368421052632
logistic_regression,external,246,0.736842105263158
logistic_regression,external,247,0.8947368421052632
logistic_regression,external,248,0.736842105263158
logistic_regression,external,249,0.6052631578947368
logistic_regression,external,250,0.6052631578947368
logistic_regression,external,251,0.8947368421052632
logistic_regression,external,252,0.7105263157894737
logistic_regression,external,253,0.6315789473684211
logistic_regression,external,254,0.4736842105263158
logistic_regression,external,255,0.4736842105263158
logistic_regression,external,256,0.8421052631578947
logistic_regression,external,257,0.5263157894736843
logistic_regression,external,258,0.631578947368421
logistic_regression,external,259,0.368421052631579
logistic_regression,external,260,0.7105263157894737
logistic_regression,external,261,0.8421052631578948
logistic_regression,external,262,0.6052631578947368
logistic_regression,external,263,0.631578947368421
logistic_regression,external,264,0.7631578947368421
logistic_regression,external,265,0.6052631578947368
logistic_regression,external,266,0.8947368421052632
logistic_regression,external,267,0.6842105263157895
logistic_regression,external,268,0.7105263157894737
logistic_regression,external,269,0.7631578947368421
logistic_regression,external,270,0.9473684210526316
logistic_regression,external,271,1.0
logistic_regression,external,272,1.0
logistic_regression,external,273,0.7894736842105263
logistic_regression,external,274,0.9473684210526316
logistic_regression,external,275,0.6842105263157895
logistic_regression,external,276,0.631578947368421
logistic_regression,external,277,1.0
logistic_regression,external,278,0.736842105263158
logistic_regression,external,279,0.9473684210526315
logistic_regression,external,280,0.5263157894736843
logistic_regression,external,281,0.7631578947368421
logistic_regression,external,282,0.7105263157894737
logistic_regression,external,283,0.6842105263157896
logistic_regression,external,284,0.5263157894736843
logistic_regression,external,285,0.7631578947368421
logistic_regression,external,286,0.736842105263158
logistic_regression,external,287,0.42105263157894735
logistic_regression,external,288,0.4736842105263158
logistic_regression,external,289,0.8421052631578947
logistic_regression,external,290,0.736842105263158
logistic_regression,external,291,0.7631578947368421
logistic_regression,external,292,0.6842105263157895
logistic_regression,external,293,0.7894736842105263
logistic_regression,external,294,0.763157894736842
logistic_regression,external,295,0.3157894736842105
logistic_regression,external,296,0.368421052631579
logistic_regression,external,297,0.4736842105263158
logistic_regression,external,298,0.9473684210526316
logistic_regression,external,299,0.631578947368421
logistic_regression,external,300,0.9473684210526316
logistic_regression,external,301,0.736842105263158
logistic_regression,external,302,0.8157894736842105
logistic_regression,external,303,0.7368421052631579
logistic_regression,external,304,0.7105263157894737
logistic_regression,external,305,1.0
logistic_regression,external,306,0.7105263157894737
logistic_regression,external,307,0.3157894736842105
logistic_regression,external,308,0.9473684210526316
logistic_regression,external,309,0.7105263157894737
logistic_regression,external,310,0.9473684210526315
logistic_regression,external,311,0.9473684210526316
logistic_regression,external,312,0.26315789473684215
logistic_regression,external,313,0.6578947368421053
logistic_regression,external,314,1.0
logistic_regression,external,315,0.8947368421052632
logistic_regression,external,316,0.7105263157894737
logistic_regression,external,317,0.26315789473684215
logistic_regression,external,318,0.368421052631579
logistic_regression,external,319,0.736842105263158
logistic_regression,external,320,0.9473684210526315
logistic_regression,external,321,0.8947368421052632
logistic_regression,external,322,0.6578947368421052
logistic_regression,external,323,0.763157894736842
logistic_regression,external,324,0.9473684210526316
logistic_regression,external,325,0.8947368421052632
logistic_regression,external,326,1.0
logistic_regression,external,327,0.7105263157894737
logistic_regression,external,328,0.868421052631579
logistic_regression,external,329,0.8157894736842105
logistic_regression,external,330,0.6578947368421052
logistic_regression,external,331,0.7105263157894737
logistic_regression,external,332,1.0
logistic_regression,external,333,0.4736842105263158
logistic_regression,external,334,0.4736842105263158
logistic_regression,external,335,0.6578947368421053
logistic_regression,external,336,0.8947368421052633
logistic_regression,external,337,0.7631578947368421
logistic_regression,external,338,0.9473684210526316
logistic_regression,external,339,0.631578947368421
logistic_regression,external,340,0.631578947368421
logistic_regression,external,341,0.5263157894736843
logistic_regression,external,342,0.5263157894736843
logistic_regression,external,343,0.7631578947368421
logistic_regression,external,344,0.7894736842105263
logistic_regression,external,345,0.7894736842105263
logistic_regression,external,346,0.4736842105263158
logistic_regression,external,347,0.7631578947368421
logistic_regression,external,348,0.42105263157894735
logistic_regression,external,349,0.736842105263158
logistic_regression,external,350,0.9473684210526315
logistic_regression,external,351,0.8157894736842106
logistic_regression,external,352,1.0
logistic_regression,external,353,0.7368421052631579
logistic_regression,external,354,0.6842105263157895
logistic_regression,external,355,0.7105263157894737
logistic_regression,external,356,0.8421052631578947
logistic_regression,external,357,0.4736842105263158
logistic_regression,external,358,0.6842105263157895
logistic_regression,external,359,0.5263157894736843
logistic_regression,external,360,1.0
logistic_regression,external,361,0.6842105263157895
logistic_regression,external,362,0.736842105263158
logistic_regression,external,363,0.9473684210526315
logistic_regression,external,364,1.0
logistic_regression,external,365,0.7631578947368421
logistic_regression,external,366,0.8421052631578947
logistic_regression,external,367,0.6842105263157895
logistic_regression,external,368,1.0
logistic_regression,external,369,0.8947368421052633
logistic_regression,external,370,0.6842105263157894
logistic_regression,external,371,0.7894736842105263
logistic_regression,external,372,0.5789473684210527
logistic_regression,external,373,0.8947368421052632
logistic_regression,external,374,0.9473684210526315
logistic_regression,external,375,0.7105263157894737
logistic_regression,external,376,0.7105263157894737
logistic_regression,external,377,0.7105263157894737
logistic_regression,external,378,0.736842105263158
logistic_regression,external,379,1.0
logistic_regression,external,380,0.26315789473684215
logistic_regression,external,381,1.0
logistic_regression,external,382,0.8157894736842105
logistic_regression,external,383,0.42105263157894735
logistic_regression,external,384,0.7631578947368421
logistic_regression,external,385,0.8421052631578947
logistic_regression,external,386,0.7631578947368421
logistic_regression,external,387,0.6842105263157895
logistic_regression,external,388,0.8947368421052632
logistic_regression,external,389,0.7105263157894737
logistic_regression,external,390,0.6315789473684211
logistic_regression,external,391,1.0
logistic_regression,external,392,0.6052631578947368
logistic_regression,external,393,0.7105263157894737
logistic_regression,external,394,0.7894736842105263
logistic_regression,external,395,1.0
logistic_regression,external,396,0.7631578947368421
logistic_regression,external,397,0.42105263157894735
logistic_regression,external,398,0.631578947368421
logistic_regression,external,399,0.7105263157894737
logistic_regression,external,400,0.6842105263157895
logistic_regression,external,401,0.6578947368421053
logistic_regression,external,402,1.0
logistic_regression,external,403,0.8947368421052632
logistic_regression,external,404,0.42105263157894735
logistic_regression,external,405,0.7894736842105263
logistic_regression,external,406,0.7105263157894737
logistic_regression,external,407,0.8421052631578947
logistic_regression,external,408,0.8947368421052632
logistic_regression,external,409,1.0
logistic_regression,external,410,0.736842105263158
logistic_regression,external,411,0.6842105263157895
logistic_regression,external,412,0.736842105263158
logistic_regression,external,413,0.7894736842105263
logistic_regression,external,414,0.42105263157894735
logistic_regression,external,415,0.8947368421052632
logistic_regression,external,416,0.7105263157894737
logistic_regression,external,417,0.6578947368421053
logistic_regression,external,418,0.5263157894736843
logistic_regression,external,419,0.7894736842105263
logistic_regression,external,420,0.7105263157894737
logistic_regression,external,421,0.7105263157894737
logistic_regression,external,422,0.6052631578947368
logistic_regression,external,423,0.3157894736842105
logistic_regression,external,424,0.42105263157894735
logistic_regression,external,425,0.5789473684210527
logistic_regression,external,426,0.736842105263158
logistic_regression,external,427,0.6315789473684211
logistic_regression,external,428,0.5263157894736843
logistic_regression,external,429,0.736842105263158
logistic_regression,external,430,0.631578947368421
logistic_regression,external,431,0.7631578947368421
logistic_regression,external,432,1.0
logistic_regression,external,433,0.8421052631578948
logistic_regression,external,434,0.6315789473684211
logistic_regression,external,435,0.7631578947368421
logistic_regression,external,436,0.6842105263157895
logistic_regression,external,437,1.0
logistic_regression,external,438,0.7631578947368421
logistic_regression,external,439,0.8157894736842105
logistic_regression,external,440,0.5789473684210527
logistic_regression,external,441,0.5789473684210527
logistic_regression,external,442,0.8157894736842106
logistic_regression,external,443,0.9473684210526316
logistic_regression,external,444,0.4736842105263158
logistic_regression,external,445,0.5263157894736843
logistic_regression,external,446,0.6315789473684211
logistic_regression,external,447,0.5263157894736843
logistic_regression,external,448,0.736842105263158
logistic_regression,external,449,0.9473684210526316
logistic_regression,external,450,0.7894736842105263
logistic_regression,external,451,0.736842105263158
logistic_regression,external,452,0.7631578947368421
logistic_regression,external,453,0.42105263157894735
logistic_regression,external,454,0.7631578947368421
logistic_regression,external,455,0.6315789473684211
logistic_regression,external,456,0.7368421052631579
logistic_regression,external,457,0.8157894736842106
logistic_regression,external,458,0.5789473684210527
logistic_regression,external,459,0.736842105263158
logistic_regression,external,460,0.6842105263157895
logistic_regression,external,461,0.7105263157894737
logistic_regression,external,462,0.6842105263157895
logistic_regression,external,463,0.9473684210526315
logistic_regression,external,464,0.9473684210526316
logistic_regression,external,465,0.6842105263157895
logistic_regression,external,466,0.8157894736842105
logistic_regression,external,467,0.5789473684210527
logistic_regression,external,468,0.9473684210526316
logistic_regression,external,469,0.8947368421052633
logistic_regression,external,470,0.5789473684210527
logistic_regression,external,471,0.9473684210526316
logistic_regression,external,472,0.6578947368421053
logistic_regression,external,473,0.8157894736842105
logistic_regression,external,474,0.7105263157894737
logistic_regression,external,475,0.6578947368421053
logistic_regression,external,476,0.8157894736842105
logistic_regression,external,477,0.5789473684210527
logistic_regression,external,478,0.6578947368421053
logistic_regression,external,479,0.5789473684210527
logistic_regression,external,480,0.868421052631579
logistic_regression,external,481,0.631578947368421
logistic_regression,external,482,0.6315789473684211
logistic_regression,external,483,0.42105263157894735
logistic_regression,external,484,0.21052631578947367
logistic_regression,external,485,1.0
logistic_regression,external,486,0.7631578947368421
logistic_regression,external,487,0.6842105263157895
logistic_regression,external,488,0.9473684210526316
logistic_regression,external,489,0.6842105263157895
logistic_regression,external,490,0.6842105263157895
logistic_regression,external,491,0.5263157894736843
logistic_regression,external,492,0.5789473684210527
logistic_regression,external,493,0.4736842105263158
logistic_regression,external,494,0.736842105263158
logistic_regression,external,495,0.8421052631578948
logistic_regression,external,496,0.9473684210526316
logistic_regression,external,497,0.7894736842105263
logistic_regression,external,498,0.736842105263158
logistic_regression,external,499,0.736842105263158
logistic_regression,external,500,0.7105263157894737
logistic_regression,external,501,0.7368421052631579
logistic_regression,external,502,0.26315789473684215
logistic_regression,external,503,0.7631578947368421
logistic_regression,external,504,0.7894736842105263
logistic_regression,external,505,0.9473684210526316
logistic_regression,external,506,0.26315789473684215
logistic_regression,external,507,0.5789473684210527
logistic_regression,external,508,0.736842105263158
logistic_regression,external,509,0.4736842105263158
logistic_regression,external,510,0.7631578947368421
logistic_regression,external,511,0.5789473684210527
logistic_regression,external,512,0.6842105263157895
logistic_regression,external,513,0.8157894736842105
logistic_regression,external,514,0.7368421052631579
logistic_regression,external,515,0.7631578947368421
logistic_regression,external,516,0.5263157894736843
logistic_regression,external,517,0.631578947368421
logistic_regression,external,518,0.6052631578947368
logistic_regression,external,519,0.6842105263157895
logistic_regression,external,520,0.736842105263158
logistic_regression,external,521,0.631578947368421
logistic_regression,external,522,0.8947368421052632
logistic_regression,external,523,0.3157894736842105
logistic_regression,external,524,0.8947368421052632
logistic_regression,external,525,0.631578947368421
logistic_regression,external,526,0.4736842105263158
logistic_regression,external,527,0.6315789473684211
logistic_regression,external,528,0.6842105263157895
logistic_regression,external,529,1.0
logistic_regression,external,530,1.0
logistic_regression,external,531,0.9473684210526315
logistic_regression,external,532,0.368421052631579
logistic_regression,external,533,0.5789473684210527
logistic_regression,external,534,0.9473684210526316
logistic_regression,external,535,0.4736842105263158
logistic_regression,external,536,0.6578947368421053
logistic_regression,external,537,0.6578947368421053
logistic_regression,external,538,0.7631578947368421
logistic_regression,external,539,0.6842105263157895
logistic_regression,external,540,0.631578947368421
logistic_regression,external,541,0.8947368421052632
logistic_regression,external,542,0.7105263157894737
logistic_regression,external,543,0.7631578947368421
logistic_regression,external,544,1.0
logistic_regression,external,545,0.8157894736842105
logistic_regression,external,546,0.3157894736842105
logistic_regression,external,547,0.5789473684210527
logistic_regression,external,548,0.8157894736842105
logistic_regression,external,549,0.6842105263157895
logistic_regression,external,550,0.7894736842105263
logistic_regression,external,551,0.5789473684210527
logistic_regression,external,552,0.9473684210526316
logistic_regression,external,553,0.6052631578947368
logistic_regression,external,554,1.0
logistic_regression,external,555,0.6052631578947368
logistic_regression,external,556,0.5263157894736843
logistic_regression,external,557,1.0
logistic_regression,external,558,0.42105263157894735
logistic_regression,external,559,0.6842105263157895
logistic_regression,external,560,0.7105263157894737
logistic_regression,external,561,0.736842105263158
logistic_regression,external,562,0.7894736842105263
logistic_regression,external,563,0.7894736842105263
logistic_regression,external,564,0.5526315789473685
logistic_regression,external,565,1.0
logistic_regression,external,566,0.5789473684210527
logistic_regression,external,567,0.9473684210526315
logistic_regression,external,568,0.4736842105263158
logistic_regression,external,569,0.7368421052631579
logistic_regression,external,570,0.6578947368421053
logistic_regression,external,571,0.9473684210526315
logistic_regression,external,572,0.7105263157894737
logistic_regression,external,573,0.6842105263157895
logistic_regression,external,574,0.3157894736842105
logistic_regression,external,575,0.8947368421052632
logistic_regression,external,576,0.7894736842105263
logistic_regression,external,577,0.9473684210526316
logistic_regression,external,578,0.7105263157894737
logistic_regression,external,579,0.763157894736842
logistic_regression,external,580,0.7105263157894737
logistic_regression,external,581,0.7105263157894737
logistic_regression,external,582,0.7105263157894737
logistic_regression,external,583,0.8947368421052632
logistic_regression,external,584,0.42105263157894735
logistic_regression,external,585,0.6842105263157895
logistic_regression,external,586,0.6842105263157895
logistic_regression,external,587,0.5789473684210527
logistic_regression,external,588,0.5263157894736843
logistic_regression,external,589,0.6842105263157895
logistic_regression,external,590,0.7631578947368421
logistic_regression,external,591,0.6052631578947368
logistic_regression,external,592,0.6052631578947368
logistic_regression,external,593,1.0
logistic_regression,external,594,0.5789473684210527
logistic_regression,external,595,0.736842105263158
logistic_regression,external,596,1.0
logistic_regression,external,597,0.736842105263158
logistic_regression,external,598,0.7631578947368421
logistic_regression,external,599,0.6315789473684211
logistic_regression,external,600,0.8947368421052632
logistic_regression,external,601,0.7105263157894737
logistic_regression,external,602,0.7105263157894737
logistic_regression,external,603,0.4736842105263158
logistic_regression,external,604,0.6578947368421053
logistic_regression,external,605,1.0
logistic_regression,external,606,0.42105263157894735
logistic_regression,external,607,0.7368421052631579
logistic_regression,external,608,0.5789473684210527
logistic_regression,external,609,0.736842105263158
logistic_regression,external,610,0.5263157894736843
logistic_regression,external,611,0.8157894736842105
logistic_regression,external,612,1.0
logistic_regression,external,613,0.4736842105263158
logistic_regression,external,614,0.7631578947368421
logistic_regression,external,615,0.6315789473684211
logistic_regression,external,616,0.736842105263158
logistic_regression,external,617,0.6052631578947368
logistic_regression,external,618,0.9473684210526315
logistic_regression,external,619,0.6842105263157894
logistic_regression,external,620,0.7894736842105263
logistic_regression,external,621,0.5263157894736843
logistic_regression,external,622,0.7368421052631579
logistic_regression,external,623,0.6842105263157895
logistic_regression,external,624,0.9473684210526315
logistic_regression,external,625,0.7631578947368421
logistic_regression,external,626,0.6842105263157895
logistic_regression,external,627,0.7105263157894737
logistic_regression,external,628,0.5789473684210527
logistic_regression,external,629,0.3157894736842105
logistic_regression,external,630,0.5263157894736843
logistic_regression,external,631,0.9473684210526315
logistic_regression,external,632,0.6052631578947368
logistic_regression,external,633,0.6842105263157895
logistic_regression,external,634,0.736842105263158
logistic_regression,external,635,0.4736842105263158
logistic_regression,external,636,0.8157894736842105
logistic_regression,external,637,0.7105263157894738
logistic_regression,external,638,0.5263157894736843
logistic_regression,external,639,0.6842105263157895
logistic_regression,external,640,0.9473684210526316
logistic_regression,external,641,0.4736842105263158
logistic_regression,external,642,0.736842105263158
logistic_regression,external,643,0.6052631578947368
logistic_regression,external,644,0.7631578947368421
logistic_regression,external,645,0.5789473684210527
logistic_regression,external,646,0.7105263157894737
logistic_regression,external,647,0.9473684210526316
logistic_regression,external,648,0.7105263157894737
logistic_regression,external,649,0.7894736842105263
logistic_regression,external,650,1.0
logistic_regression,external,651,0.6842105263157895
logistic_regression,external,652,0.8947368421052632
logistic_regression,external,653,0.894736842105263
logistic_regression,external,654,1.0
logistic_regression,external,655,0.6842105263157895
logistic_regression,external,656,0.5789473684210527
logistic_regression,external,657,0.6315789473684211
logistic_regression,external,658,0.368421052631579
logistic_regression,external,659,0.7894736842105263
logistic_regression,external,660,0.7631578947368421
logistic_regression,external,661,0.631578947368421
logistic_regression,external,662,0.6842105263157895
logistic_regression,external,663,0.9473684210526316
logistic_regression,external,664,0.6315789473684211
logistic_regression,external,665,0.8157894736842105
logistic_regression,external,666,0.868421052631579
logistic_regression,external,667,0.42105263157894735
logistic_regression,external,668,0.7105263157894737
logistic_regression,external,669,0.42105263157894735
logistic_regression,external,670,0.7631578947368421
logistic_regression,external,671,0.8947368421052632
logistic_regression,external,672,0.8947368421052633
logistic_regression,external,673,0.6578947368421053
logistic_regression,external,674,0.42105263157894735
logistic_regression,external,675,0.763157894736842
logistic_regression,external,676,0.9473684210526315
logistic_regression,external,677,0.6578947368421052
logistic_regression,external,678,0.368421052631579
logistic_regression,external,679,0.7105263157894738
logistic_regression,external,680,0.9473684210526315
logistic_regression,external,681,1.0
logistic_regression,external,682,0.7894736842105263
logistic_regression,external,683,0.8157894736842105
logistic_regression,external,684,0.8947368421052632
logistic_regression,external,685,0.736842105263158
logistic_regression,external,686,0.4736842105263158
logistic_regression,external,687,1.0
logistic_regression,external,688,0.6842105263157895
logistic_regression,external,689,0.42105263157894735
logistic_regression,external,690,0.6578947368421053
logistic_regression,external,691,0.7894736842105263
logistic_regression,external,692,0.5526315789473684
logistic_regression,external,693,0.42105263157894735
logistic_regression,external,694,0.7105263157894737
logistic_regression,external,695,0.5263157894736843
logistic_regression,external,696,0.7631578947368421
logistic_regression,external,697,0.9473684210526315
logistic_regression,external,698,0.5263157894736843
logistic_regression,external,699,0.9473684210526316
logistic_regression,external,700,0.8947368421052633
logistic_regression,external,701,1.0
logistic_regression,external,702,0.8157894736842105
logistic_regression,external,703,0.7631578947368421
logistic_regression,external,704,0.6578947368421053
logistic_regression,external,705,0.7894736842105263
logistic_regression,external,706,1.0
logistic_regression,external,707,0.8947368421052632
logistic_regression,external,708,0.7894736842105263
logistic_regression,external,709,0.8421052631578948
logistic_regression,external,710,0.6842105263157895
logistic_regression,external,711,0.7894736842105263
logistic_regression,external,712,0.6578947368421052
logistic_regression,external,713,0.5263157894736843
logistic_regression,external,714,0.6842105263157895
logistic_regression,external,715,0.7105263157894737
logistic_regression,external,716,0.5789473684210527
logistic_regression,external,717,0.6578947368421053
logistic_regression,external,718,0.7105263157894737
logistic_regression,external,719,0.736842105263158
logistic_regression,external,720,1.0
logistic_regression,external,721,0.8421052631578947
logistic_regression,external,722,0.7894736842105263
logistic_regression,external,723,0.8947368421052633
logistic_regression,external,724,0.7105263157894737
logistic_regression,external,725,0.763157894736842
logistic_regression,external,726,0.7105263157894737
logistic_regression,external,727,0.6842105263157895
logistic_regression,external,728,0.8947368421052632
logistic_regression,external,729,0.7105263157894737
logistic_regression,external,730,0.42105263157894735
logistic_regression,external,731,0.8947368421052632
logistic_regression,external,732,0.7631578947368421
logistic_regression,external,733,0.7631578947368421
logistic_regression,external,734,1.0
logistic_regression,external,735,0.42105263157894735
logistic_regression,external,736,0.6578947368421053
logistic_regression,external,737,0.4736842105263158
logistic_regression,external,738,0.368421052631579
logistic_regression,external,739,0.7105263157894737
logistic_regression,external,740,0.736842105263158
logistic_regression,external,741,1.0
logistic_regression,external,742,0.8157894736842106
logistic_regression,external,743,0.5263157894736843
logistic_regression,external,744,0.8157894736842105
logistic_regression,external,745,0.6315789473684211
logistic_regression,external,746,0.6052631578947368
logistic_regression,external,747,0.6842105263157895
logistic_regression,external,748,0.7105263157894737
logistic_regression,external,749,0.7631578947368421
logistic_regression,external,750,0.368421052631579
logistic_regression,external,751,0.8157894736842105
logistic_regression,external,752,0.631578947368421
logistic_regression,external,753,0.7105263157894737
logistic_regression,external,754,0.4736842105263158
logistic_regression,external,755,0.6052631578947368
logistic_regression,external,756,0.3157894736842105
logistic_regression,external,757,0.5263157894736843
logistic_regression,external,758,0.6578947368421053
logistic_regression,external,759,0.9473684210526316
logistic_regression,external,760,0.368421052631579
logistic_regression,external,761,0.6578947368421053
logistic_regression,external,762,0.7631578947368421
logistic_regression,external,763,0.6315789473684211
logistic_regression,external,764,0.736842105263158
logistic_regression,external,765,0.605263157894737
logistic_regression,external,766,1.0
logistic_regression,external,767,0.7105263157894737
logistic_regression,external,768,0.6842105263157895
logistic_regression,external,769,0.368421052631579
logistic_regression,external,770,1.0
logistic_regression,external,771,0.26315789473684215
logistic_regression,external,772,0.6578947368421053
logistic_regression,external,773,1.0
logistic_regression,external,774,0.5789473684210527
logistic_regression,external,775,0.8421052631578948
logistic_regression,external,776,0.763157894736842
logistic_regression,external,777,0.7631578947368421
logistic_regression,external,778,0.42105263157894735
logistic_regression,external,779,0.9473684210526315
logistic_regression,external,780,0.6578947368421053
logistic_regression,external,781,0.6842105263157895
logistic_regression,external,782,0.42105263157894735
logistic_regression,external,783,0.4736842105263158
logistic_regression,external,784,0.7631578947368421
logistic_regression,external,785,0.9473684210526316
logistic_regression,external,786,0.4736842105263158
logistic_regression,external,787,0.631578947368421
logistic_regression,external,788,0.7105263157894737
logistic_regression,external,789,0.631578947368421
logistic_regression,external,790,0.6578947368421053
logistic_regression,external,791,0.7105263157894737
logistic_regression,external,792,0.5263157894736843
logistic_regression,external,793,1.0
logistic_regression,external,794,0.6578947368421053
logistic_regression,external,795,0.5263157894736843
logistic_regression,external,796,0.26315789473684215
logistic_regression,external,797,0.7631578947368421
logistic_regression,external,798,0.9473684210526316
logistic_regression,external,799,1.0
logistic_regression,external,800,0.368421052631579
logistic_regression,external,801,0.5263157894736843
logistic_regression,external,802,0.8947368421052633
logistic_regression,external,803,0.7631578947368421
logistic_regression,external,804,1.0
logistic_regression,external,805,0.6842105263157895
logistic_regression,external,806,0.6052631578947368
logistic_regression,external,807,1.0
logistic_regression,external,808,0.6578947368421053
logistic_regression,external,809,0.8421052631578948
logistic_regression,external,810,0.8947368421052632
logistic_regression,external,811,0.3157894736842105
logistic_regression,external,812,0.42105263157894735
logistic_regression,external,813,0.8947368421052633
logistic_regression,external,814,0.7631578947368421
logistic_regression,external,815,0.6842105263157895
logistic_regression,external,816,0.6578947368421053
logistic_regression,external,817,0.9473684210526315
logistic_regression,external,818,0.7368421052631579
logistic_regression,external,819,0.4736842105263158
logistic_regression,external,820,0.5789473684210527
logistic_regression,external,821,0.9473684210526315
logistic_regression,external,822,0.9473684210526316
logistic_regression,external,823,0.5789473684210527
logistic_regression,external,824,0.7894736842105263
logistic_regression,external,825,0.631578947368421
logistic_regression,external,826,0.5263157894736843
logistic_regression,external,827,0.736842105263158
logistic_regression,external,828,0.368421052631579
logistic_regression,external,829,0.8157894736842105
logistic_regression,external,830,0.5263157894736843
logistic_regression,external,831,0.7105263157894737
logistic_regression,external,832,1.0
logistic_regression,external,833,0.8947368421052632
logistic_regression,external,834,0.368421052631579
logistic_regression,external,835,0.9473684210526316
logistic_regression,external,836,0.5263157894736843
logistic_regression,external,837,0.7105263157894737
logistic_regression,external,838,0.6578947368421053
logistic_regression,external,839,0.3157894736842105
logistic_regression,external,840,0.42105263157894735
logistic_regression,external,841,0.6578947368421053
logistic_regression,external,842,0.631578947368421
logistic_regression,external,843,0.736842105263158
logistic_regression,external,844,0.9473684210526315
logistic_regression,external,845,0.3157894736842105
logistic_regression,external,846,0.7105263157894737
logistic_regression,external,847,0.5789473684210527
logistic_regression,external,848,0.736842105263158
logistic_regression,external,849,0.7631578947368421
logistic_regression,external,850,1.0
logistic_regression,external,851,0.5789473684210527
logistic_regression,external,852,1.0
logistic_regression,external,853,0.8947368421052632
logistic_regression,external,854,0.6315789473684211
logistic_regression,external,855,0.7894736842105263
logistic_regression,external,856,0.42105263157894735
logistic_regression,external,857,0.7894736842105263
logistic_regression,external,858,1.0
logistic_regression,external,859,0.7631578947368421
logistic_regression,external,860,0.5263157894736843
logistic_regression,external,861,0.7105263157894737
logistic_regression,external,862,0.5789473684210527
logistic_regression,external,863,0.7894736842105263
logistic_regression,external,864,0.8157894736842105
logistic_regression,external,865,0.7105263157894737
logistic_regression,external,866,0.6842105263157895
logistic_regression,external,867,0.9473684210526315
logistic_regression,external,868,0.631578947368421
logistic_regression,external,869,0.5263157894736843
logistic_regression,external,870,0.42105263157894735
logistic_regression,external,871,0.8421052631578948
logistic_regression,external,872,0.8421052631578947
logistic_regression,external,873,1.0
logistic_regression,external,874,1.0
logistic_regression,external,875,0.9473684210526316
logistic_regression,external,876,0.7631578947368421
logistic_regression,external,877,0.7105263157894737
logistic_regression,external,878,0.8421052631578948
logistic_regression,external,879,0.6842105263157895
logistic_regression,external,880,1.0
logistic_regression,external,881,0.9473684210526316
logistic_regression,external,882,0.6315789473684211
logistic_regression,external,883,0.6842105263157895
logistic_regression,external,884,0.5263157894736843
logistic_regression,external,885,0.9473684210526315
logistic_regression,external,886,0.5789473684210527
logistic_regression,external,887,0.736842105263158
logistic_regression,external,888,0.8421052631578947
logistic_regression,external,889,0.5263157894736843
logistic_regression,external,890,0.6052631578947368
logistic_regression,external,891,0.7631578947368421
logistic_regression,external,892,0.3157894736842105
logistic_regression,external,893,1.0
logistic_regression,external,894,0.9473684210526316
logistic_regression,external,895,0.8947368421052632
logistic_regression,external,896,0.7894736842105263
logistic_regression,external,897,0.6578947368421052
logistic_regression,external,898,0.9473684210526316
logistic_regression,external,899,0.7631578947368421
logistic_regression,external,900,0.5263157894736843
logistic_regression,external,901,0.6842105263157895
logistic_regression,external,902,0.7105263157894737
logistic_regression,external,903,0.8157894736842105
logistic_regression,external,904,0.7105263157894737
logistic_regression,external,905,0.5789473684210527
logistic_regression,external,906,0.368421052631579
logistic_regression,external,907,0.9473684210526315
logistic_regression,external,908,1.0
logistic_regression,external,909,1.0
logistic_regression,external,910,0.6842105263157895
logistic_regression,external,911,0.736842105263158
logistic_regression,external,912,0.9473684210526316
logistic_regression,external,913,0.368421052631579
logistic_regression,external,914,0.5
logistic_regression,external,915,0.736842105263158
logistic_regression,external,916,0.9473684210526316
logistic_regression,external,917,0.42105263157894735
logistic_regression,external,918,0.3157894736842105
logistic_regression,external,919,0.5789473684210527
logistic_regression,external,920,0.7105263157894737
logistic_regression,external,921,0.7894736842105263
logistic_regression,external,922,0.7105263157894737
logistic_regression,external,923,0.6842105263157895
logistic_regression,external,924,1.0
logistic_regression,external,925,0.9473684210526315
logistic_regression,external,926,0.736842105263158
logistic_regression,external,927,0.7368421052631579
logistic_regression,external,928,0.7105263157894737
logistic_regression,external,929,0.7631578947368421
logistic_regression,external,930,0.6578947368421053
logistic_regression,external,931,0.7631578947368421
logistic_regression,external,932,0.6052631578947368
logistic_regression,external,933,0.7105263157894737
logistic_regression,external,934,0.7105263157894737
logistic_regression,external,935,0.6842105263157895
logistic_regression,external,936,0.7631578947368421
logistic_regression,external,937,0.7631578947368421
logistic_regression,external,938,0.26315789473684215
logistic_regression,external,939,0.5789473684210527
logistic_regression,external,940,0.8947368421052632
logistic_regression,external,941,0.7631578947368421
logistic_regression,external,942,0.8947368421052632
logistic_regression,external,943,0.6578947368421053
logistic_regression,external,944,0.7894736842105263
logistic_regression,external,945,0.42105263157894735
logistic_regression,external,946,0.26315789473684215
logistic_regression,external,947,0.5789473684210527
logistic_regression,external,948,0.42105263157894735
logistic_regression,external,949,0.631578947368421
logistic_regression,external,950,0.4736842105263158
logistic_regression,external,951,0.736842105263158
logistic_regression,external,952,0.9473684210526316
logistic_regression,external,953,0.6842105263157895
logistic_regression,external,954,0.6578947368421053
logistic_regression,external,955,0.8947368421052632
logistic_regression,external,956,0.7631578947368421
logistic_regression,external,957,0.8157894736842105
logistic_regression,external,958,0.7368421052631579
logistic_regression,external,959,0.6052631578947368
logistic_regression,external,960,1.0
logistic_regression,external,961,0.631578947368421
logistic_regression,external,962,0.6315789473684211
logistic_regression,external,963,0.368421052631579
logistic_regression,external,964,0.631578947368421
logistic_regression,external,965,0.7631578947368421
logistic_regression,external,966,0.8157894736842105
logistic_regression,external,967,0.7105263157894737
logistic_regression,external,968,0.7631578947368421
logistic_regression,external,969,0.7105263157894737
logistic_regression,external,970,0.42105263157894735
logistic_regression,external,971,0.9473684210526315
logistic_regression,external,972,0.7894736842105263
logistic_regression,external,973,0.6578947368421053
logistic_regression,external,974,0.368421052631579
logistic_regression,external,975,0.368421052631579
logistic_regression,external,976,0.7105263157894737
logistic_regression,external,977,0.6578947368421053
logistic_regression,external,978,0.9473684210526315
logistic_regression,external,979,0.8157894736842105
logistic_regression,external,980,0.6578947368421053
logistic_regression,external,981,0.631578947368421
logistic_regression,external,982,0.368421052631579
logistic_regression,external,983,0.736842105263158
logistic_regression,external,984,0.8157894736842105
logistic_regression,external,985,1.0
logistic_regression,external,986,0.42105263157894735
logistic_regression,external,987,0.42105263157894735
logistic_regression,external,988,0.9473684210526315
logistic_regression,external,989,0.9473684210526316
logistic_regression,external,990,0.42105263157894735
logistic_regression,external,991,0.8421052631578948
logistic_regression,external,992,0.6842105263157895
logistic_regression,external,993,1.0
logistic_regression,external,994,0.5789473684210527
logistic_regression,external,995,1.0
logistic_regression,external,996,0.6842105263157895
logistic_regression,external,997,0.9473684210526316
logistic_regression,external,998,1.0
logistic_regression,external,999,1.0
logistic_regression,external,1000,0.368421052631579
upstream_fusion,external,1,0.6842105263157895
upstream_fusion,external,2,0.4736842105263158
upstream_fusion,external,3,0.631578947368421
upstream_fusion,external,4,0.9473684210526316
upstream_fusion,external,5,0.6052631578947368
upstream_fusion,external,6,0.8947368421052632
upstream_fusion,external,7,0.7631578947368421
upstream_fusion,external,8,0.5263157894736843
upstream_fusion,external,9,0.6578947368421052
upstream_fusion,external,10,0.6842105263157895
upstream_fusion,external,11,0.42105263157894735
upstream_fusion,external,12,0.736842105263158
upstream_fusion,external,13,0.9473684210526316
upstream_fusion,external,14,0.736842105263158
upstream_fusion,external,15,1.0
upstream_fusion,external,16,0.6052631578947368
upstream_fusion,external,17,1.0
upstream_fusion,external,18,0.9473684210526316
upstream_fusion,external,19,0.6578947368421052
upstream_fusion,external,20,0.8157894736842106
upstream_fusion,external,21,0.4736842105263158
upstream_fusion,external,22,0.7894736842105263
upstream_fusion,external,23,0.9473684210526315
upstream_fusion,external,24,0.8421052631578948
upstream_fusion,external,25,0.6842105263157895
upstream_fusion,external,26,0.6052631578947368
upstream_fusion,external,27,0.631578947368421
upstream_fusion,external,28,1.0
upstream_fusion,external,29,0.736842105263158
upstream_fusion,external,30,0.26315789473684215
upstream_fusion,external,31,0.3157894736842105
upstream_fusion,external,32,0.42105263157894735
upstream_fusion,external,33,0.8947368421052632
upstream_fusion,external,34,0.5789473684210527
upstream_fusion,external,35,0.9999999999999999
upstream_fusion,external,36,0.5789473684210527
upstream_fusion,external,37,0.6315789473684211
upstream_fusion,external,38,0.7631578947368421
upstream_fusion,external,39,0.736842105263158
upstream_fusion,external,40,0.42105263157894735
upstream_fusion,external,41,0.7105263157894737
upstream_fusion,external,42,0.7631578947368421
upstream_fusion,external,43,0.5789473684210527
upstream_fusion,external,44,0.368421052631579
upstream_fusion,external,45,0.9473684210526316
upstream_fusion,external,46,0.8947368421052632
upstream_fusion,external,47,0.7105263157894737
upstream_fusion,external,48,0.6578947368421053
upstream_fusion,external,49,0.5263157894736843
upstream_fusion,external,50,0.26315789473684215
upstream_fusion,external,51,0.7631578947368421
upstream_fusion,external,52,1.0
upstream_fusion,external,53,1.0
upstream_fusion,external,54,1.0
upstream_fusion,external,55,0.5789473684210527
upstream_fusion,external,56,0.368421052631579
upstream_fusion,external,57,0.3157894736842105
upstream_fusion,external,58,0.6052631578947368
upstream_fusion,external,59,0.5263157894736843
upstream_fusion,external,60,0.5263157894736843
upstream_fusion,external,61,1.0
upstream_fusion,external,62,0.7894736842105263
upstream_fusion,external,63,0.9473684210526315
upstream_fusion,external,64,0.7894736842105263
upstream_fusion,external,65,0.6052631578947368
upstream_fusion,external,66,0.8947368421052632
upstream_fusion,external,67,0.6052631578947368
upstream_fusion,external,68,0.6052631578947368
upstream_fusion,external,69,0.3157894736842105
upstream_fusion,external,70,0.368421052631579
upstream_fusion,external,71,0.42105263157894735
upstream_fusion,external,72,0.6315789473684211
upstream_fusion,external,73,0.6842105263157895
upstream_fusion,external,74,0.7105263157894737
upstream_fusion,external,75,0.6052631578947368
upstream_fusion,external,76,0.631578947368421
upstream_fusion,external,77,0.4736842105263158
upstream_fusion,external,78,0.4736842105263158
upstream_fusion,external,79,1.0
upstream_fusion,external,80,0.9473684210526315
upstream_fusion,external,81,0.8157894736842105
upstream_fusion,external,82,0.8947368421052632
upstream_fusion,external,83,0.4736842105263158
upstream_fusion,external,84,0.7105263157894737
upstream_fusion,external,85,0.21052631578947367
upstream_fusion,external,86,0.736842105263158
upstream_fusion,external,87,0.5263157894736843
upstream_fusion,external,88,0.631578947368421
upstream_fusion,external,89,0.42105263157894735
upstream_fusion,external,90,0.631578947368421
upstream_fusion,external,91,0.7894736842105263
upstream_fusion,external,92,0.7105263157894737
upstream_fusion,external,93,0.42105263157894735
upstream_fusion,external,94,0.631578947368421
upstream_fusion,external,95,0.7105263157894737
upstream_fusion,external,96,0.7105263157894737
upstream_fusion,external,97,0.631578947368421
upstream_fusion,external,98,0.7368421052631579
upstream_fusion,external,99,0.9473684210526316
upstream_fusion,external,100,0.4736842105263158
upstream_fusion,external,101,0.8421052631578948
upstream_fusion,external,102,0.7631578947368421
upstream_fusion,external,103,0.6842105263157895
upstream_fusion,external,104,0.6052631578947368
upstream_fusion,external,105,0.7631578947368421
upstream_fusion,external,106,0.8947368421052632
upstream_fusion,external,107,0.9473684210526316
upstream_fusion,external,108,0.7368421052631579
upstream_fusion,external,109,0.42105263157894735
upstream_fusion,external,110,0.6842105263157895
upstream_fusion,external,111,0.368421052631579
upstream_fusion,external,112,0.7105263157894737
upstream_fusion,external,113,1.0
upstream_fusion,external,114,0.7631578947368421
upstream_fusion,external,115,0.7368421052631579
upstream_fusion,external,116,0.6052631578947368
upstream_fusion,external,117,0.5789473684210527
upstream_fusion,external,118,0.6842105263157895
upstream_fusion,external,119,0.631578947368421
upstream_fusion,external,120,0.736842105263158
upstream_fusion,external,121,0.6315789473684211
upstream_fusion,external,122,0.736842105263158
upstream_fusion,external,123,0.42105263157894735
upstream_fusion,external,124,0.6842105263157895
upstream_fusion,external,125,0.736842105263158
upstream_fusion,external,126,0.7105263157894737
upstream_fusion,external,127,0.9473684210526316
upstream_fusion,external,128,0.6052631578947368
upstream_fusion,external,129,0.736842105263158
upstream_fusion,external,130,0.4736842105263158
upstream_fusion,external,131,0.736842105263158
upstream_fusion,external,132,0.8157894736842106
upstream_fusion,external,133,0.6052631578947368
upstream_fusion,external,134,0.6842105263157895
upstream_fusion,external,135,0.4736842105263158
upstream_fusion,external,136,1.0
upstream_fusion,external,137,1.0
upstream_fusion,external,138,0.5526315789473684
upstream_fusion,external,139,0.6842105263157895
upstream_fusion,external,140,1.0
upstream_fusion,external,141,0.7105263157894737
upstream_fusion,external,142,0.7631578947368421
upstream_fusion,external,143,0.8947368421052632
upstream_fusion,external,144,0.4736842105263158
upstream_fusion,external,145,0.7105263157894737
upstream_fusion,external,146,0.5263157894736843
upstream_fusion,external,147,0.631578947368421
upstream_fusion,external,148,0.7105263157894737
upstream_fusion,external,149,0.736842105263158
upstream_fusion,external,150,0.5263157894736843
upstream_fusion,external,151,0.736842105263158
upstream_fusion,external,152,1.0
upstream_fusion,external,153,0.5263157894736843
upstream_fusion,external,154,0.736842105263158
upstream_fusion,external,155,0.8947368421052632
upstream_fusion,external,156,0.6842105263157895
upstream_fusion,external,157,1.0
upstream_fusion,external,158,0.9473684210526316
upstream_fusion,external,159,0.6052631578947368
upstream_fusion,external,160,0.7105263157894737
upstream_fusion,external,161,0.8947368421052632
upstream_fusion,external,162,0.4736842105263158
upstream_fusion,external,163,0.9473684210526316
upstream_fusion,external,164,0.5526315789473685
upstream_fusion,external,165,0.9473684210526315
upstream_fusion,external,166,1.0
upstream_fusion,external,167,0.42105263157894735
upstream_fusion,external,168,0.5789473684210527
upstream_fusion,external,169,0.7105263157894737
upstream_fusion,external,170,0.9473684210526316
upstream_fusion,external,171,0.7894736842105263
upstream_fusion,external,172,1.0
upstream_fusion,external,173,0.9473684210526316
upstream_fusion,external,174,0.6842105263157895
upstream_fusion,external,175,0.8421052631578947
upstream_fusion,external,176,0.6842105263157895
upstream_fusion,external,177,0.7631578947368421
upstream_fusion,external,178,0.5789473684210527
upstream_fusion,external,179,0.7105263157894737
upstream_fusion,external,180,0.7368421052631579
upstream_fusion,external,181,0.7894736842105263
upstream_fusion,external,182,0.7105263157894737
upstream_fusion,external,183,0.736842105263158
upstream_fusion,external,184,0.7894736842105263
upstream_fusion,external,185,0.7105263157894737
upstream_fusion,external,186,0.42105263157894735
upstream_fusion,external,187,0.7631578947368421
upstream_fusion,external,188,0.7631578947368421
upstream_fusion,external,189,0.42105263157894735
upstream_fusion,external,190,0.5789473684210527
upstream_fusion,external,191,0.7105263157894737
upstream_fusion,external,192,0.6578947368421053
upstream_fusion,external,193,0.3157894736842105
upstream_fusion,external,194,0.7894736842105263
upstream_fusion,external,195,0.42105263157894735
upstream_fusion,external,196,0.6842105263157895
upstream_fusion,external,197,0.8947368421052633
upstream_fusion,external,198,0.7894736842105263
upstream_fusion,external,199,0.4736842105263158
upstream_fusion,external,200,0.868421052631579
upstream_fusion,external,201,1.0
upstream_fusion,external,202,0.7368421052631579
upstream_fusion,external,203,0.736842105263158
upstream_fusion,external,204,0.4736842105263158
upstream_fusion,external,205,0.9473684210526316
upstream_fusion,external,206,0.5263157894736843
upstream_fusion,external,207,0.7105263157894737
upstream_fusion,external,208,0.9473684210526316
upstream_fusion,external,209,0.9473684210526316
upstream_fusion,external,210,0.3157894736842105
upstream_fusion,external,211,0.894736842105263
upstream_fusion,external,212,0.6578947368421053
upstream_fusion,external,213,0.736842105263158
upstream_fusion,external,214,0.4736842105263158
upstream_fusion,external,215,0.7105263157894737
upstream_fusion,external,216,0.8421052631578948
upstream_fusion,external,217,0.8157894736842105
upstream_fusion,external,218,0.6842105263157895
upstream_fusion,external,219,0.6052631578947368
upstream_fusion,external,220,0.6842105263157895
upstream_fusion,external,221,0.6578947368421053
upstream_fusion,external,222,0.26315789473684215
upstream_fusion,external,223,0.7631578947368421
upstream_fusion,external,224,0.9473684210526316
upstream_fusion,external,225,0.9473684210526316
upstream_fusion,external,226,0.5789473684210527
upstream_fusion,external,227,0.5263157894736843
upstream_fusion,external,228,1.0
upstream_fusion,external,229,0.7368421052631579
upstream_fusion,external,230,0.9473684210526316
upstream_fusion,external,231,0.4736842105263158
upstream_fusion,external,232,0.7631578947368421
upstream_fusion,external,233,0.8157894736842106
upstream_fusion,external,234,0.4736842105263158
upstream_fusion,external,235,0.7368421052631579
upstream_fusion,external,236,0.9473684210526316
upstream_fusion,external,237,0.9473684210526316
upstream_fusion,external,238,1.0
upstream_fusion,external,239,0.8947368421052632
upstream_fusion,external,240,0.3157894736842105
upstream_fusion,external,241,0.6315789473684211
upstream_fusion,external,242,0.7105263157894737
upstream_fusion,external,243,0.9473684210526316
upstream_fusion,external,244,0.8947368421052632
upstream_fusion,external,245,0.8947368421052632
upstream_fusion,external,246,0.736842105263158
upstream_fusion,external,247,0.8947368421052632
upstream_fusion,external,248,0.736842105263158
upstream_fusion,external,249,0.6052631578947368
upstream_fusion,external,250,0.6052631578947368
upstream_fusion,external,251,0.8947368421052632
upstream_fusion,external,252,0.7105263157894737
upstream_fusion,external,253,0.6315789473684211
upstream_fusion,external,254,0.4736842105263158
upstream_fusion,external,255,0.4736842105263158
upstream_fusion,external,256,0.8421052631578947
upstream_fusion,external,257,0.5263157894736843
upstream_fusion,external,258,0.631578947368421
upstream_fusion,external,259,0.368421052631579
upstream_fusion,external,260,0.7105263157894737
upstream_fusion,external,261,0.8421052631578947
upstream_fusion,external,262,0.6052631578947368
upstream_fusion,external,263,0.631578947368421
upstream_fusion,external,264,0.7631578947368421
upstream_fusion,external,265,0.6052631578947368
upstream_fusion,external,266,0.8947368421052632
upstream_fusion,external,267,0.6842105263157895
upstream_fusion,external,268,0.7105263157894738
upstream_fusion,external,269,0.7631578947368421
upstream_fusion,external,270,0.9473684210526315
upstream_fusion,external,271,1.0
upstream_fusion,external,272,1.0
upstream_fusion,external,273,0.7894736842105263
upstream_fusion,external,274,0.9473684210526315
upstream_fusion,external,275,0.6842105263157895
upstream_fusion,external,276,0.6315789473684211
upstream_fusion,external,277,1.0
upstream_fusion,external,278,0.736842105263158
upstream_fusion,external,279,0.9473684210526315
upstream_fusion,external,280,0.5263157894736843
upstream_fusion,external,281,0.7631578947368421
upstream_fusion,external,282,0.7105263157894737
upstream_fusion,external,283,0.6842105263157895
upstream_fusion,external,284,0.5263157894736843
upstream_fusion,external,285,0.7631578947368421
upstream_fusion,external,286,0.736842105263158
upstream_fusion,external,287,0.42105263157894735
upstream_fusion,external,288,0.4736842105263158
upstream_fusion,external,289,0.8421052631578947
upstream_fusion,external,290,0.736842105263158
upstream_fusion,external,291,0.7631578947368421
upstream_fusion,external,292,0.6842105263157895
upstream_fusion,external,293,0.7894736842105263
upstream_fusion,external,294,0.763157894736842
upstream_fusion,external,295,0.3157894736842105
upstream_fusion,external,296,0.368421052631579
upstream_fusion,external,297,0.4736842105263158
upstream_fusion,external,298,0.9473684210526316
upstream_fusion,external,299,0.6315789473684211
upstream_fusion,external,300,0.9473684210526316
upstream_fusion,external,301,0.736842105263158
upstream_fusion,external,302,0.8157894736842105
upstream_fusion,external,303,0.7368421052631579
upstream_fusion,external,304,0.7105263157894737
upstream_fusion,external,305,1.0
upstream_fusion,external,306,0.7105263157894737
upstream_fusion,external,307,0.3157894736842105
upstream_fusion,external,308,0.9473684210526316
upstream_fusion,external,309,0.7105263157894737
upstream_fusion,external,310,0.9473684210526316
upstream_fusion,external,311,0.9473684210526316
upstream_fusion,external,312,0.26315789473684215
upstream_fusion,external,313,0.6578947368421053
upstream_fusion,external,314,1.0
upstream_fusion,external,315,0.894736842105263
upstream_fusion,external,316,0.7105263157894737
upstream_fusion,external,317,0.26315789473684215
upstream_fusion,external,318,0.368421052631579
upstream_fusion,external,319,0.736842105263158
upstream_fusion,external,320,0.9473684210526316
upstream_fusion,external,321,0.8947368421052632
upstream_fusion,external,322,0.6578947368421052
upstream_fusion,external,323,0.7631578947368421
upstream_fusion,external,324,0.9473684210526316
upstream_fusion,external,325,0.8947368421052632
upstream_fusion,external,326,1.0
upstream_fusion,external,327,0.7105263157894737
upstream_fusion,external,328,0.868421052631579
upstream_fusion,external,329,0.8157894736842105
upstream_fusion,external,330,0.6578947368421052
upstream_fusion,external,331,0.7105263157894737
upstream_fusion,external,332,1.0
upstream_fusion,external,333,0.4736842105263158
upstream_fusion,external,334,0.4736842105263158
upstream_fusion,external,335,0.6578947368421053
upstream_fusion,external,336,0.8947368421052632
upstream_fusion,external,337,0.7631578947368421
upstream_fusion,external,338,0.9473684210526316
upstream_fusion,external,339,0.631578947368421
upstream_fusion,external,340,0.631578947368421
upstream_fusion,external,341,0.5263157894736843
upstream_fusion,external,342,0.5263157894736843
upstream_fusion,external,343,0.7631578947368421
upstream_fusion,external,344,0.7894736842105263
upstream_fusion,external,345,0.7894736842105263
upstream_fusion,external,346,0.4736842105263158
upstream_fusion,external,347,0.7631578947368421
upstream_fusion,external,348,0.42105263157894735
upstream_fusion,external,349,0.736842105263158
upstream_fusion,external,350,0.9473684210526315
upstream_fusion,external,351,0.8157894736842105
upstream_fusion,external,352,1.0
upstream_fusion,external,353,0.736842105263158
upstream_fusion,external,354,0.6842105263157895
upstream_fusion,external,355,0.7105263157894737
upstream_fusion,external,356,0.8421052631578948
upstream_fusion,external,357,0.4736842105263158
upstream_fusion,external,358,0.6842105263157895
upstream_fusion,external,359,0.5263157894736843
upstream_fusion,external,360,1.0
upstream_fusion,external,361,0.6842105263157895
upstream_fusion,external,362,0.736842105263158
upstream_fusion,external,363,0.9473684210526316
upstream_fusion,external,364,1.0
upstream_fusion,external,365,0.7631578947368421
upstream_fusion,external,366,0.8421052631578947
upstream_fusion,external,367,0.6842105263157895
upstream_fusion,external,368,0.9999999999999999
upstream_fusion,external,369,0.8947368421052632
upstream_fusion,external,370,0.6842105263157894
upstream_fusion,external,371,0.7894736842105263
upstream_fusion,external,372,0.5789473684210527
upstream_fusion,external,373,0.8947368421052632
upstream_fusion,external,374,0.9473684210526315
upstream_fusion,external,375,0.7105263157894737
upstream_fusion,external,376,0.7105263157894737
upstream_fusion,external,377,0.7105263157894737
upstream_fusion,external,378,0.736842105263158
upstream_fusion,external,379,1.0
upstream_fusion,external,380,0.26315789473684215
upstream_fusion,external,381,1.0
upstream_fusion,external,382,0.8157894736842105
upstream_fusion,external,383,0.42105263157894735
upstream_fusion,external,384,0.7631578947368421
upstream_fusion,external,385,0.8421052631578947
upstream_fusion,external,386,0.7631578947368421
upstream_fusion,external,387,0.6842105263157895
upstream_fusion,external,388,0.8947368421052632
upstream_fusion,external,389,0.7105263157894737
upstream_fusion,external,390,0.6315789473684211
upstream_fusion,external,391,1.0
upstream_fusion,external,392,0.6052631578947368
upstream_fusion,external,393,0.7105263157894737
upstream_fusion,external,394,0.7894736842105263
upstream_fusion,external,395,1.0
upstream_fusion,external,396,0.7631578947368421
upstream_fusion,external,397,0.42105263157894735
upstream_fusion,external,398,0.631578947368421
upstream_fusion,external,399,0.7105263157894737
upstream_fusion,external,400,0.6842105263157895
upstream_fusion,external,401,0.6578947368421053
upstream_fusion,external,402,1.0
upstream_fusion,external,403,0.8947368421052632
upstream_fusion,external,404,0.42105263157894735
upstream_fusion,external,405,0.7894736842105263
upstream_fusion,external,406,0.7105263157894737
upstream_fusion,external,407,0.8421052631578947
upstream_fusion,external,408,0.8947368421052632
upstream_fusion,external,409,1.0
upstream_fusion,external,410,0.736842105263158
upstream_fusion,external,411,0.6842105263157895
upstream_fusion,external,412,0.7368421052631579
upstream_fusion,external,413,0.7894736842105263
upstream_fusion,external,414,0.42105263157894735
upstream_fusion,external,415,0.8947368421052632
upstream_fusion,external,416,0.7105263157894737
upstream_fusion,external,417,0.6578947368421053
upstream_fusion,external,418,0.5263157894736843
upstream_fusion,external,419,0.7894736842105263
upstream_fusion,external,420,0.7105263157894737
upstream_fusion,external,421,0.7105263157894738
upstream_fusion,external,422,0.6052631578947368
upstream_fusion,external,423,0.3157894736842105
upstream_fusion,external,424,0.42105263157894735
upstream_fusion,external,425,0.5789473684210527
upstream_fusion,external,426,0.736842105263158
upstream_fusion,external,427,0.6315789473684211
upstream_fusion,external,428,0.5263157894736843
upstream_fusion,external,429,0.736842105263158
upstream_fusion,external,430,0.631578947368421
upstream_fusion,external,431,0.7631578947368421
upstream_fusion,external,432,1.0
upstream_fusion,external,433,0.8421052631578947
upstream_fusion,external,434,0.6315789473684211
upstream_fusion,external,435,0.7631578947368421
upstream_fusion,external,436,0.6842105263157895
upstream_fusion,external,437,1.0
upstream_fusion,external,438,0.7631578947368421
upstream_fusion,external,439,0.8157894736842105
upstream_fusion,external,440,0.5789473684210527
upstream_fusion,external,441,0.5789473684210527
upstream_fusion,external,442,0.8157894736842105
upstream_fusion,external,443,0.9473684210526316
upstream_fusion,external,444,0.4736842105263158
upstream_fusion,external,445,0.5263157894736843
upstream_fusion,external,446,0.6315789473684211
upstream_fusion,external,447,0.5263157894736843
upstream_fusion,external,448,0.736842105263158
upstream_fusion,external,449,0.9473684210526316
upstream_fusion,external,450,0.7894736842105263
upstream_fusion,external,451,0.736842105263158
upstream_fusion,external,452,0.7631578947368421
upstream_fusion,external,453,0.42105263157894735
upstream_fusion,external,454,0.7631578947368421
upstream_fusion,external,455,0.6315789473684211
upstream_fusion,external,456,0.736842105263158
upstream_fusion,external,457,0.8157894736842105
upstream_fusion,external,458,0.5789473684210527
upstream_fusion,external,459,0.736842105263158
upstream_fusion,external,460,0.6842105263157895
upstream_fusion,external,461,0.7105263157894737
upstream_fusion,external,462,0.6842105263157895
upstream_fusion,external,463,0.9473684210526316
upstream_fusion,external,464,0.9473684210526315
upstream_fusion,external,465,0.6842105263157895
upstream_fusion,external,466,0.8157894736842105
upstream_fusion,external,467,0.5789473684210527
upstream_fusion,external,468,0.9473684210526316
upstream_fusion,external,469,0.8947368421052632
upstream_fusion,external,470,0.5789473684210527
upstream_fusion,external,471,0.9473684210526316
upstream_fusion,external,472,0.6578947368421053
upstream_fusion,external,473,0.8157894736842105
upstream_fusion,external,474,0.7105263157894737
upstream_fusion,external,475,0.6578947368421053
upstream_fusion,external,476,0.8157894736842105
upstream_fusion,external,477,0.5789473684210527
upstream_fusion,external,478,0.6578947368421052
upstream_fusion,external,479,0.5789473684210527
upstream_fusion,external,480,0.868421052631579
upstream_fusion,external,481,0.631578947368421
upstream_fusion,external,482,0.6315789473684211
upstream_fusion,external,483,0.42105263157894735
upstream_fusion,external,484,0.21052631578947367
upstream_fusion,external,485,1.0
upstream_fusion,external,486,0.7631578947368421
upstream_fusion,external,487,0.6842105263157895
upstream_fusion,external,488,0.9473684210526316
upstream_fusion,external,489,0.6842105263157895
upstream_fusion,external,490,0.6842105263157895
upstream_fusion,external,491,0.5263157894736843
upstream_fusion,external,492,0.5789473684210527
upstream_fusion,external,493,0.4736842105263158
upstream_fusion,external,494,0.736842105263158
upstream_fusion,external,495,0.8421052631578948
upstream_fusion,external,496,0.9473684210526316
upstream_fusion,external,497,0.7894736842105263
upstream_fusion,external,498,0.736842105263158
upstream_fusion,external,499,0.736842105263158
upstream_fusion,external,500,0.7105263157894737
upstream_fusion,external,501,0.7368421052631579
upstream_fusion,external,502,0.26315789473684215
upstream_fusion,external,503,0.763157894736842
upstream_fusion,external,504,0.7894736842105263
upstream_fusion,external,505,0.9473684210526315
upstream_fusion,external,506,0.26315789473684215
upstream_fusion,external,507,0.5789473684210527
upstream_fusion,external,508,0.736842105263158
upstream_fusion,external,509,0.4736842105263158
upstream_fusion,external,510,0.7631578947368421
upstream_fusion,external,511,0.5789473684210527
upstream_fusion,external,512,0.6842105263157895
upstream_fusion,external,513,0.8157894736842105
upstream_fusion,external,514,0.7368421052631579
upstream_fusion,external,515,0.7631578947368421
upstream_fusion,external,516,0.5263157894736843
upstream_fusion,external,517,0.631578947368421
upstream_fusion,external,518,0.6052631578947368
upstream_fusion,external,519,0.6842105263157895
upstream_fusion,external,520,0.736842105263158
upstream_fusion,external,521,0.6315789473684211
upstream_fusion,external,522,0.894736842105263
upstream_fusion,external,523,0.3157894736842105
upstream_fusion,external,524,0.8947368421052632
upstream_fusion,external,525,0.631578947368421
upstream_fusion,external,526,0.4736842105263158
upstream_fusion,external,527,0.6315789473684211
upstream_fusion,external,528,0.6842105263157895
upstream_fusion,external,529,1.0
upstream_fusion,external,530,1.0
upstream_fusion,external,531,0.9473684210526316
upstream_fusion,external,532,0.368421052631579
upstream_fusion,external,533,0.5789473684210527
upstream_fusion,external,534,0.9473684210526316
upstream_fusion,external,535,0.4736842105263158
upstream_fusion,external,536,0.6578947368421053
upstream_fusion,external,537,0.6578947368421053
upstream_fusion,external,538,0.763157894736842
upstream_fusion,external,539,0.6842105263157895
upstream_fusion,external,540,0.631578947368421
upstream_fusion,external,541,0.8947368421052632
upstream_fusion,external,542,0.7105263157894737
upstream_fusion,external,543,0.7631578947368421
upstream_fusion,external,544,1.0
upstream_fusion,external,545,0.8157894736842105
upstream_fusion,external,546,0.3157894736842105
upstream_fusion,external,547,0.5789473684210527
upstream_fusion,external,548,0.8157894736842105
upstream_fusion,external,549,0.6842105263157895
upstream_fusion,external,550,0.7894736842105263
upstream_fusion,external,551,0.5789473684210527
upstream_fusion,external,552,0.9473684210526316
upstream_fusion,external,553,0.6052631578947368
upstream_fusion,external,554,1.0
upstream_fusion,external,555,0.6052631578947368
upstream_fusion,external,556,0.5263157894736843
upstream_fusion,external,557,1.0
upstream_fusion,external,558,0.42105263157894735
upstream_fusion,external,559,0.6842105263157894
upstream_fusion,external,560,0.7105263157894737
upstream_fusion,external,561,0.736842105263158
upstream_fusion,external,562,0.7894736842105263
upstream_fusion,external,563,0.7894736842105263
upstream_fusion,external,564,0.5526315789473685
upstream_fusion,external,565,1.0
upstream_fusion,external,566,0.5789473684210527
upstream_fusion,external,567,0.9473684210526316
upstream_fusion,external,568,0.4736842105263158
upstream_fusion,external,569,0.7368421052631579
upstream_fusion,external,570,0.6578947368421053
upstream_fusion,external,571,0.9473684210526315
upstream_fusion,external,572,0.7105263157894737
upstream_fusion,external,573,0.6842105263157895
upstream_fusion,external,574,0.3157894736842105
upstream_fusion,external,575,0.8947368421052633
upstream_fusion,external,576,0.7894736842105263
upstream_fusion,external,577,0.9473684210526316
upstream_fusion,external,578,0.7105263157894737
upstream_fusion,external,579,0.763157894736842
upstream_fusion,external,580,0.7105263157894737
upstream_fusion,external,581,0.7105263157894737
upstream_fusion,external,582,0.7105263157894737
upstream_fusion,external,583,0.8947368421052632
upstream_fusion,external,584,0.42105263157894735
upstream_fusion,external,585,0.6842105263157895
upstream_fusion,external,586,0.6842105263157895
upstream_fusion,external,587,0.5789473684210527
upstream_fusion,external,588,0.5263157894736843
upstream_fusion,external,589,0.6842105263157895
upstream_fusion,external,590,0.7631578947368421
upstream_fusion,external,591,0.6052631578947368
upstream_fusion,external,592,0.6052631578947368
upstream_fusion,external,593,1.0
upstream_fusion,external,594,0.5789473684210527
upstream_fusion,external,595,0.736842105263158
upstream_fusion,external,596,1.0
upstream_fusion,external,597,0.736842105263158
upstream_fusion,external,598,0.7631578947368421
upstream_fusion,external,599,0.6315789473684211
upstream_fusion,external,600,0.8947368421052632
upstream_fusion,external,601,0.7105263157894737
upstream_fusion,external,602,0.7105263157894737
upstream_fusion,external,603,0.4736842105263158
upstream_fusion,external,604,0.6578947368421053
upstream_fusion,external,605,1.0
upstream_fusion,external,606,0.42105263157894735
upstream_fusion,external,607,0.736842105263158
upstream_fusion,external,608,0.5789473684210527
upstream_fusion,external,609,0.7368421052631579
upstream_fusion,external,610,0.5263157894736843
upstream_fusion,external,611,0.8157894736842105
upstream_fusion,external,612,1.0
upstream_fusion,external,613,0.4736842105263158
upstream_fusion,external,614,0.7631578947368421
upstream_fusion,external,615,0.6315789473684211
upstream_fusion,external,616,0.736842105263158
upstream_fusion,external,617,0.6052631578947368
upstream_fusion,external,618,0.9473684210526316
upstream_fusion,external,619,0.6842105263157895
upstream_fusion,external,620,0.7894736842105263
upstream_fusion,external,621,0.5263157894736843
upstream_fusion,external,622,0.7368421052631579
upstream_fusion,external,623,0.6842105263157895
upstream_fusion,external,624,0.9473684210526316
upstream_fusion,external,625,0.7631578947368421
upstream_fusion,external,626,0.6842105263157895
upstream_fusion,external,627,0.7105263157894737
upstream_fusion,external,628,0.5789473684210527
upstream_fusion,external,629,0.3157894736842105
upstream_fusion,external,630,0.5263157894736843
upstream_fusion,external,631,0.9473684210526315
upstream_fusion,external,632,0.6052631578947368
upstream_fusion,external,633,0.6842105263157895
upstream_fusion,external,634,0.736842105263158
upstream_fusion,external,635,0.4736842105263158
upstream_fusion,external,636,0.8157894736842105
upstream_fusion,external,637,0.7105263157894737
upstream_fusion,external,638,0.5263157894736843
upstream_fusion,external,639,0.6842105263157895
upstream_fusion,external,640,0.9473684210526316
upstream_fusion,external,641,0.4736842105263158
upstream_fusion,external,642,0.736842105263158
upstream_fusion,external,643,0.6052631578947368
upstream_fusion,external,644,0.7631578947368421
upstream_fusion,external,645,0.5789473684210527
upstream_fusion,external,646,0.7105263157894737
upstream_fusion,external,647,0.9473684210526316
upstream_fusion,external,648,0.7105263157894737
upstream_fusion,external,649,0.7894736842105263
upstream_fusion,external,650,1.0
upstream_fusion,external,651,0.6842105263157895
upstream_fusion,external,652,0.8947368421052633
upstream_fusion,external,653,0.8947368421052632
upstream_fusion,external,654,1.0
upstream_fusion,external,655,0.6842105263157895
upstream_fusion,external,656,0.5789473684210527
upstream_fusion,external,657,0.631578947368421
upstream_fusion,external,658,0.368421052631579
upstream_fusion,external,659,0.7894736842105263
upstream_fusion,external,660,0.7631578947368421
upstream_fusion,external,661,0.631578947368421
upstream_fusion,external,662,0.6842105263157895
upstream_fusion,external,663,0.9473684210526316
upstream_fusion,external,664,0.6315789473684211
upstream_fusion,external,665,0.8157894736842106
upstream_fusion,external,666,0.868421052631579
upstream_fusion,external,667,0.42105263157894735
upstream_fusion,external,668,0.7105263157894737
upstream_fusion,external,669,0.42105263157894735
upstream_fusion,external,670,0.7631578947368421
upstream_fusion,external,671,0.8947368421052632
upstream_fusion,external,672,0.8947368421052632
upstream_fusion,external,673,0.6578947368421053
upstream_fusion,external,674,0.42105263157894735
upstream_fusion,external,675,0.763157894736842
upstream_fusion,external,676,0.9473684210526316
upstream_fusion,external,677,0.6578947368421052
upstream_fusion,external,678,0.368421052631579
upstream_fusion,external,679,0.7105263157894737
upstream_fusion,external,680,0.9473684210526316
upstream_fusion,external,681,1.0
upstream_fusion,external,682,0.7894736842105263
upstream_fusion,external,683,0.8157894736842105
upstream_fusion,external,684,0.8947368421052632
upstream_fusion,external,685,0.7368421052631579
upstream_fusion,external,686,0.4736842105263158
upstream_fusion,external,687,1.0
upstream_fusion,external,688,0.6842105263157895
upstream_fusion,external,689,0.42105263157894735
upstream_fusion,external,690,0.6578947368421053
upstream_fusion,external,691,0.7894736842105263
upstream_fusion,external,692,0.5526315789473684
upstream_fusion,external,693,0.42105263157894735
upstream_fusion,external,694,0.7105263157894737
upstream_fusion,external,695,0.5263157894736843
upstream_fusion,external,696,0.7631578947368421
upstream_fusion,external,697,0.9473684210526316
upstream_fusion,external,698,0.5263157894736843
upstream_fusion,external,699,0.9473684210526315
upstream_fusion,external,700,0.8947368421052632
upstream_fusion,external,701,1.0
upstream_fusion,external,702,0.8157894736842106
upstream_fusion,external,703,0.7631578947368421
upstream_fusion,external,704,0.6578947368421053
upstream_fusion,external,705,0.7894736842105263
upstream_fusion,external,706,0.9999999999999999
upstream_fusion,external,707,0.8947368421052632
upstream_fusion,external,708,0.7894736842105263
upstream_fusion,external,709,0.8421052631578948
upstream_fusion,external,710,0.6842105263157895
upstream_fusion,external,711,0.7894736842105263
upstream_fusion,external,712,0.6578947368421053
upstream_fusion,external,713,0.5263157894736843
upstream_fusion,external,714,0.6842105263157895
upstream_fusion,external,715,0.7105263157894737
upstream_fusion,external,716,0.5789473684210527
upstream_fusion,external,717,0.6578947368421053
upstream_fusion,external,718,0.7105263157894737
upstream_fusion,external,719,0.736842105263158
upstream_fusion,external,720,1.0
upstream_fusion,external,721,0.8421052631578947
upstream_fusion,external,722,0.7894736842105263
upstream_fusion,external,723,0.8947368421052632
upstream_fusion,external,724,0.7105263157894737
upstream_fusion,external,725,0.763157894736842
upstream_fusion,external,726,0.7105263157894737
upstream_fusion,external,727,0.6842105263157895
upstream_fusion,external,728,0.8947368421052632
upstream_fusion,external,729,0.7105263157894737
upstream_fusion,external,730,0.42105263157894735
upstream_fusion,external,731,0.8947368421052632
upstream_fusion,external,732,0.7631578947368421
upstream_fusion,external,733,0.7631578947368421
upstream_fusion,external,734,1.0
upstream_fusion,external,735,0.42105263157894735
upstream_fusion,external,736,0.6578947368421053
upstream_fusion,external,737,0.4736842105263158
upstream_fusion,external,738,0.368421052631579
upstream_fusion,external,739,0.7105263157894737
upstream_fusion,external,740,0.736842105263158
upstream_fusion,external,741,1.0
upstream_fusion,external,742,0.8157894736842105
upstream_fusion,external,743,0.5263157894736843
upstream_fusion,external,744,0.8157894736842105
upstream_fusion,external,745,0.631578947368421
upstream_fusion,external,746,0.6052631578947368
upstream_fusion,external,747,0.6842105263157895
upstream_fusion,external,748,0.7105263157894737
upstream_fusion,external,749,0.7631578947368421
upstream_fusion,external,750,0.368421052631579
upstream_fusion,external,751,0.8157894736842105
upstream_fusion,external,752,0.631578947368421
upstream_fusion,external,753,0.7105263157894737
upstream_fusion,external,754,0.4736842105263158
upstream_fusion,external,755,0.6052631578947368
upstream_fusion,external,756,0.3157894736842105
upstream_fusion,external,757,0.5263157894736843
upstream_fusion,external,758,0.6578947368421053
upstream_fusion,external,759,0.9473684210526316
upstream_fusion,external,760,0.368421052631579
upstream_fusion,external,761,0.6578947368421053
upstream_fusion,external,762,0.7631578947368421
upstream_fusion,external,763,0.6315789473684211
upstream_fusion,external,764,0.7368421052631579
upstream_fusion,external,765,0.605263157894737
upstream_fusion,external,766,1.0
upstream_fusion,external,767,0.7105263157894737
upstream_fusion,external,768,0.6842105263157895
upstream_fusion,external,769,0.368421052631579
upstream_fusion,external,770,1.0
upstream_fusion,external,771,0.26315789473684215
upstream_fusion,external,772,0.6578947368421053
upstream_fusion,external,773,1.0
upstream_fusion,external,774,0.5789473684210527
upstream_fusion,external,775,0.8421052631578947
upstream_fusion,external,776,0.7631578947368421
upstream_fusion,external,777,0.7631578947368421
upstream_fusion,external,778,0.42105263157894735
upstream_fusion,external,779,0.9473684210526315
upstream_fusion,external,780,0.6578947368421053
upstream_fusion,external,781,0.6842105263157895
upstream_fusion,external,782,0.42105263157894735
upstream_fusion,external,783,0.4736842105263158
upstream_fusion,external,784,0.763157894736842
upstream_fusion,external,785,0.9473684210526316
upstream_fusion,external,786,0.4736842105263158
upstream_fusion,external,787,0.631578947368421
upstream_fusion,external,788,0.7105263157894737
upstream_fusion,external,789,0.6315789473684211
upstream_fusion,external,790,0.6578947368421053
upstream_fusion,external,791,0.7105263157894737
upstream_fusion,external,792,0.5263157894736843
upstream_fusion,external,793,1.0
upstream_fusion,external,794,0.6578947368421053
upstream_fusion,external,795,0.5263157894736843
upstream_fusion,external,796,0.26315789473684215
upstream_fusion,external,797,0.7631578947368421
upstream_fusion,external,798,0.9473684210526316
upstream_fusion,external,799,1.0
upstream_fusion,external,800,0.368421052631579
upstream_fusion,external,801,0.5263157894736843
upstream_fusion,external,802,0.8947368421052632
upstream_fusion,external,803,0.7631578947368421
upstream_fusion,external,804,1.0
upstream_fusion,external,805,0.6842105263157895
upstream_fusion,external,806,0.6052631578947368
upstream_fusion,external,807,1.0
upstream_fusion,external,808,0.6578947368421053
upstream_fusion,external,809,0.8421052631578948
upstream_fusion,external,810,0.8947368421052632
upstream_fusion,external,811,0.3157894736842105
upstream_fusion,external,812,0.42105263157894735
upstream_fusion,external,813,0.894736842105263
upstream_fusion,external,814,0.7631578947368421
upstream_fusion,external,815,0.6842105263157895
upstream_fusion,external,816,0.6578947368421053
upstream_fusion,external,817,0.9473684210526315
upstream_fusion,external,818,0.736842105263158
upstream_fusion,external,819,0.4736842105263158
upstream_fusion,external,820,0.5789473684210527
upstream_fusion,external,821,0.9473684210526316
upstream_fusion,external,822,0.9473684210526315
upstream_fusion,external,823,0.5789473684210527
upstream_fusion,external,824,0.7894736842105263
upstream_fusion,external,825,0.631578947368421
upstream_fusion,external,826,0.5263157894736843
upstream_fusion,external,827,0.736842105263158
upstream_fusion,external,828,0.368421052631579
upstream_fusion,external,829,0.8157894736842105
upstream_fusion,external,830,0.5263157894736843
upstream_fusion,external,831,0.7105263157894737
upstream_fusion,external,832,1.0
upstream_fusion,external,833,0.8947368421052632
upstream_fusion,external,834,0.368421052631579
upstream_fusion,external,835,0.9473684210526316
upstream_fusion,external,836,0.5263157894736843
upstream_fusion,external,837,0.7105263157894737
upstream_fusion,external,838,0.6578947368421053
upstream_fusion,external,839,0.3157894736842105
upstream_fusion,external,840,0.42105263157894735
upstream_fusion,external,841,0.6578947368421053
upstream_fusion,external,842,0.631578947368421
upstream_fusion,external,843,0.736842105263158
upstream_fusion,external,844,0.9473684210526315
upstream_fusion,external,845,0.3157894736842105
upstream_fusion,external,846,0.7105263157894737
upstream_fusion,external,847,0.5789473684210527
upstream_fusion,external,848,0.736842105263158
upstream_fusion,external,849,0.7631578947368421
upstream_fusion,external,850,1.0
upstream_fusion,external,851,0.5789473684210527
upstream_fusion,external,852,1.0
upstream_fusion,external,853,0.8947368421052632
upstream_fusion,external,854,0.6315789473684211
upstream_fusion,external,855,0.7894736842105263
upstream_fusion,external,856,0.42105263157894735
upstream_fusion,external,857,0.7894736842105263
upstream_fusion,external,858,1.0
upstream_fusion,external,859,0.7631578947368421
upstream_fusion,external,860,0.5263157894736843
upstream_fusion,external,861,0.7105263157894737
upstream_fusion,external,862,0.5789473684210527
upstream_fusion,external,863,0.7894736842105263
upstream_fusion,external,864,0.8157894736842105
upstream_fusion,external,865,0.7105263157894737
upstream_fusion,external,866,0.6842105263157895
upstream_fusion,external,867,0.9473684210526316
upstream_fusion,external,868,0.631578947368421
upstream_fusion,external,869,0.5263157894736843
upstream_fusion,external,870,0.42105263157894735
upstream_fusion,external,871,0.8421052631578947
upstream_fusion,external,872,0.8421052631578947
upstream_fusion,external,873,1.0
upstream_fusion,external,874,1.0
upstream_fusion,external,875,0.9473684210526315
upstream_fusion,external,876,0.7631578947368421
upstream_fusion,external,877,0.7105263157894737
upstream_fusion,external,878,0.8421052631578948
upstream_fusion,external,879,0.6842105263157895
upstream_fusion,external,880,1.0
upstream_fusion,external,881,0.9473684210526316
upstream_fusion,external,882,0.6315789473684211
upstream_fusion,external,883,0.6842105263157895
upstream_fusion,external,884,0.5263157894736843
upstream_fusion,external,885,0.9473684210526316
upstream_fusion,external,886,0.5789473684210527
upstream_fusion,external,887,0.736842105263158
upstream_fusion,external,888,0.8421052631578947
upstream_fusion,external,889,0.5263157894736843
upstream_fusion,external,890,0.6052631578947368
upstream_fusion,external,891,0.7631578947368421
upstream_fusion,external,892,0.3157894736842105
upstream_fusion,external,893,1.0
upstream_fusion,external,894,0.9473684210526316
upstream_fusion,external,895,0.8947368421052632
upstream_fusion,external,896,0.7894736842105263
upstream_fusion,external,897,0.6578947368421052
upstream_fusion,external,898,0.9473684210526315
upstream_fusion,external,899,0.7631578947368421
upstream_fusion,external,900,0.5263157894736843
upstream_fusion,external,901,0.6842105263157895
upstream_fusion,external,902,0.7105263157894737
upstream_fusion,external,903,0.8157894736842105
upstream_fusion,external,904,0.7105263157894737
upstream_fusion,external,905,0.5789473684210527
upstream_fusion,external,906,0.368421052631579
upstream_fusion,external,907,0.9473684210526315
upstream_fusion,external,908,1.0
upstream_fusion,external,909,1.0
upstream_fusion,external,910,0.6842105263157895
upstream_fusion,external,911,0.736842105263158
upstream_fusion,external,912,0.9473684210526316
upstream_fusion,external,913,0.368421052631579
upstream_fusion,external,914,0.5
upstream_fusion,external,915,0.736842105263158
upstream_fusion,external,916,0.9473684210526315
upstream_fusion,external,917,0.42105263157894735
upstream_fusion,external,918,0.3157894736842105
upstream_fusion,external,919,0.5789473684210527
upstream_fusion,external,920,0.7105263157894737
upstream_fusion,external,921,0.7894736842105263
upstream_fusion,external,922,0.7105263157894737
upstream_fusion,external,923,0.6842105263157895
upstream_fusion,external,924,1.0
upstream_fusion,external,925,0.9473684210526316
upstream_fusion,external,926,0.736842105263158
upstream_fusion,external,927,0.7368421052631579
upstream_fusion,external,928,0.7105263157894737
upstream_fusion,external,929,0.7631578947368421
upstream_fusion,external,930,0.6578947368421053
upstream_fusion,external,931,0.7631578947368421
upstream_fusion,external,932,0.6052631578947368
upstream_fusion,external,933,0.7105263157894737
upstream_fusion,external,934,0.7105263157894737
upstream_fusion,external,935,0.6842105263157895
upstream_fusion,external,936,0.7631578947368421
upstream_fusion,external,937,0.7631578947368421
upstream_fusion,external,938,0.26315789473684215
upstream_fusion,external,939,0.5789473684210527
upstream_fusion,external,940,0.8947368421052632
upstream_fusion,external,941,0.7631578947368421
upstream_fusion,external,942,0.8947368421052632
upstream_fusion,external,943,0.6578947368421053
upstream_fusion,external,944,0.7894736842105263
upstream_fusion,external,945,0.42105263157894735
upstream_fusion,external,946,0.26315789473684215
upstream_fusion,external,947,0.5789473684210527
upstream_fusion,external,948,0.42105263157894735
upstream_fusion,external,949,0.631578947368421
upstream_fusion,external,950,0.4736842105263158
upstream_fusion,external,951,0.736842105263158
upstream_fusion,external,952,0.9473684210526316
upstream_fusion,external,953,0.6842105263157895
upstream_fusion,external,954,0.6578947368421053
upstream_fusion,external,955,0.8947368421052633
upstream_fusion,external,956,0.763157894736842
upstream_fusion,external,957,0.8157894736842105
upstream_fusion,external,958,0.736842105263158
upstream_fusion,external,959,0.6052631578947368
upstream_fusion,external,960,1.0
upstream_fusion,external,961,0.631578947368421
upstream_fusion,external,962,0.6315789473684211
upstream_fusion,external,963,0.368421052631579
upstream_fusion,external,964,0.631578947368421
upstream_fusion,external,965,0.7631578947368421
upstream_fusion,external,966,0.8157894736842105
upstream_fusion,external,967,0.7105263157894737
upstream_fusion,external,968,0.7631578947368421
upstream_fusion,external,969,0.7105263157894737
upstream_fusion,external,970,0.42105263157894735
upstream_fusion,external,971,0.9473684210526315
upstream_fusion,external,972,0.7894736842105263
upstream_fusion,external,973,0.6578947368421053
upstream_fusion,external,974,0.368421052631579
upstream_fusion,external,975,0.368421052631579
upstream_fusion,external,976,0.7105263157894737
upstream_fusion,external,977,0.6578947368421052
upstream_fusion,external,978,0.9473684210526315
upstream_fusion,external,979,0.8157894736842105
upstream_fusion,external,980,0.6578947368421053
upstream_fusion,external,981,0.631578947368421
upstream_fusion,external,982,0.368421052631579
upstream_fusion,external,983,0.736842105263158
upstream_fusion,external,984,0.8157894736842105
upstream_fusion,external,985,1.0
upstream_fusion,external,986,0.42105263157894735
upstream_fusion,external,987,0.42105263157894735
upstream_fusion,external,988,0.9473684210526315
upstream_fusion,external,989,0.9473684210526316
upstream_fusion,external,990,0.42105263157894735
upstream_fusion,external,991,0.8421052631578948
upstream_fusion,external,992,0.6842105263157895
upstream_fusion,external,993,1.0
upstream_fusion,external,994,0.5789473684210527
upstream_fusion,external,995,1.0
upstream_fusion,external,996,0.6842105263157895
upstream_fusion,external,997,0.9473684210526316
upstream_fusion,external,998,1.0
upstream_fusion,external,999,1.0
upstream_fusion,external,1000,0.368421052631579
platt_scaling,external,1,0.6842105263157895
platt_scaling,external,2,0.4736842105263158
platt_scaling,external,3,0.631578947368421
platt_scaling,external,4,0.9473684210526316
platt_scaling,external,5,0.6052631578947368
platt_scaling,external,6,0.8947368421052632
platt_scaling,external,7,0.7631578947368421
platt_scaling,external,8,0.5263157894736843
platt_scaling,external,9,0.6578947368421052
platt_scaling,external,10,0.6842105263157895
platt_scaling,external,11,0.42105263157894735
platt_scaling,external,12,0.736842105263158
platt_scaling,external,13,0.9473684210526316
platt_scaling,external,14,0.736842105263158
platt_scaling,external,15,1.0
platt_scaling,external,16,0.6052631578947368
platt_scaling,external,17,1.0
platt_scaling,external,18,0.9473684210526316
platt_scaling,external,19,0.6578947368421052
platt_scaling,external,20,0.8157894736842106
platt_scaling,external,21,0.4736842105263158
platt_scaling,external,22,0.7894736842105263
platt_scaling,external,23,0.9473684210526315
platt_scaling,external,24,0.8421052631578948
platt_scaling,external,25,0.6842105263157895
platt_scaling,external,26,0.6052631578947368
platt_scaling,external,27,0.631578947368421
platt_scaling,external,28,1.0
platt_scaling,external,29,0.736842105263158
platt_scaling,external,30,0.26315789473684215
platt_scaling,external,31,0.3157894736842105
platt_scaling,external,32,0.42105263157894735
platt_scaling,external,33,0.8947368421052632
platt_scaling,external,34,0.5789473684210527
platt_scaling,external,35,0.9999999999999999
platt_scaling,external,36,0.5789473684210527
platt_scaling,external,37,0.6315789473684211
platt_scaling,external,38,0.7631578947368421
platt_scaling,external,39,0.736842105263158
platt_scaling,external,40,0.42105263157894735
platt_scaling,external,41,0.7105263157894737
platt_scaling,external,42,0.7631578947368421
platt_scaling,external,43,0.5789473684210527
platt_scaling,external,44,0.368421052631579
platt_scaling,external,45,0.9473684210526316
platt_scaling,external,46,0.8947368421052632
platt_scaling,external,47,0.7105263157894737
platt_scaling,external,48,0.6578947368421053
platt_scaling,external,49,0.5263157894736843
platt_scaling,external,50,0.26315789473684215
platt_scaling,external,51,0.7631578947368421
platt_scaling,external,52,1.0
platt_scaling,external,53,1.0
platt_scaling,external,54,1.0
platt_scaling,external,55,0.5789473684210527
platt_scaling,external,56,0.368421052631579
platt_scaling,external,57,0.3157894736842105
platt_scaling,external,58,0.6052631578947368
platt_scaling,external,59,0.5263157894736843
platt_scaling,external,60,0.5263157894736843
platt_scaling,external,61,1.0
platt_scaling,external,62,0.7894736842105263
platt_scaling,external,63,0.9473684210526315
platt_scaling,external,64,0.7894736842105263
platt_scaling,external,65,0.6052631578947368
platt_scaling,external,66,0.8947368421052632
platt_scaling,external,67,0.6052631578947368
platt_scaling,external,68,0.6052631578947368
platt_scaling,external,69,0.3157894736842105
platt_scaling,external,70,0.368421052631579
platt_scaling,external,71,0.42105263157894735
platt_scaling,external,72,0.6315789473684211
platt_scaling,external,73,0.6842105263157895
platt_scaling,external,74,0.7105263157894737
platt_scaling,external,75,0.6052631578947368
platt_scaling,external,76,0.631578947368421
platt_scaling,external,77,0.4736842105263158
platt_scaling,external,78,0.4736842105263158
platt_scaling,external,79,1.0
platt_scaling,external,80,0.9473684210526315
platt_scaling,external,81,0.8157894736842105
platt_scaling,external,82,0.8947368421052632
platt_scaling,external,83,0.4736842105263158
platt_scaling,external,84,0.7105263157894737
platt_scaling,external,85,0.21052631578947367
platt_scaling,external,86,0.736842105263158
platt_scaling,external,87,0.5263157894736843
platt_scaling,external,88,0.631578947368421
platt_scaling,external,89,0.42105263157894735
platt_scaling,external,90,0.631578947368421
platt_scaling,external,91,0.7894736842105263
platt_scaling,external,92,0.7105263157894737
platt_scaling,external,93,0.42105263157894735
platt_scaling,external,94,0.631578947368421
platt_scaling,external,95,0.7105263157894737
platt_scaling,external,96,0.7105263157894737
platt_scaling,external,97,0.631578947368421
platt_scaling,external,98,0.7368421052631579
platt_scaling,external,99,0.9473684210526316
platt_scaling,external,100,0.4736842105263158
platt_scaling,external,101,0.8421052631578948
platt_scaling,external,102,0.7631578947368421
platt_scaling,external,103,0.6842105263157895
platt_scaling,external,104,0.6052631578947368
platt_scaling,external,105,0.7631578947368421
platt_scaling,external,106,0.8947368421052632
platt_scaling,external,107,0.9473684210526316
platt_scaling,external,108,0.7368421052631579
platt_scaling,external,109,0.42105263157894735
platt_scaling,external,110,0.6842105263157895
platt_scaling,external,111,0.368421052631579
platt_scaling,external,112,0.7105263157894737
platt_scaling,external,113,1.0
platt_scaling,external,114,0.7631578947368421
platt_scaling,external,115,0.7368421052631579
platt_scaling,external,116,0.6052631578947368
platt_scaling,external,117,0.5789473684210527
platt_scaling,external,118,0.6842105263157895
platt_scaling,external,119,0.631578947368421
platt_scaling,external,120,0.736842105263158
platt_scaling,external,121,0.6315789473684211
platt_scaling,external,122,0.736842105263158
platt_scaling,external,123,0.42105263157894735
platt_scaling,external,124,0.6842105263157895
platt_scaling,external,125,0.736842105263158
platt_scaling,external,126,0.7105263157894737
platt_scaling,external,127,0.9473684210526316
platt_scaling,external,128,0.6052631578947368
platt_scaling,external,129,0.736842105263158
platt_scaling,external,130,0.4736842105263158
platt_scaling,external,131,0.736842105263158
platt_scaling,external,132,0.8157894736842106
platt_scaling,external,133,0.6052631578947368
platt_scaling,external,134,0.6842105263157895
platt_scaling,external,135,0.4736842105263158
platt_scaling,external,136,1.0
platt_scaling,external,137,1.0
platt_scaling,external,138,0.5526315789473684
platt_scaling,external,139,0.6842105263157895
platt_scaling,external,140,1.0
platt_scaling,external,141,0.7105263157894737
platt_scaling,external,142,0.7631578947368421
platt_scaling,external,143,0.8947368421052632
platt_scaling,external,144,0.4736842105263158
platt_scaling,external,145,0.7105263157894737
platt_scaling,external,146,0.5263157894736843
platt_scaling,external,147,0.631578947368421
platt_scaling,external,148,0.7105263157894737
platt_scaling,external,149,0.736842105263158
platt_scaling,external,150,0.5263157894736843
platt_scaling,external,151,0.736842105263158
platt_scaling,external,152,1.0
platt_scaling,external,153,0.5263157894736843
platt_scaling,external,154,0.736842105263158
platt_scaling,external,155,0.8947368421052632
platt_scaling,external,156,0.6842105263157895
platt_scaling,external,157,1.0
platt_scaling,external,158,0.9473684210526316
platt_scaling,external,159,0.6052631578947368
platt_scaling,external,160,0.7105263157894737
platt_scaling,external,161,0.8947368421052632
platt_scaling,external,162,0.4736842105263158
platt_scaling,external,163,0.9473684210526316
platt_scaling,external,164,0.5526315789473685
platt_scaling,external,165,0.9473684210526315
platt_scaling,external,166,1.0
platt_scaling,external,167,0.42105263157894735
platt_scaling,external,168,0.5789473684210527
platt_scaling,external,169,0.7105263157894737
platt_scaling,external,170,0.9473684210526316
platt_scaling,external,171,0.7894736842105263
platt_scaling,external,172,1.0
platt_scaling,external,173,0.9473684210526316
platt_scaling,external,174,0.6842105263157895
platt_scaling,external,175,0.8421052631578947
platt_scaling,external,176,0.6842105263157895
platt_scaling,external,177,0.7631578947368421
platt_scaling,external,178,0.5789473684210527
platt_scaling,external,179,0.7105263157894737
platt_scaling,external,180,0.7368421052631579
platt_scaling,external,181,0.7894736842105263
platt_scaling,external,182,0.7105263157894737
platt_scaling,external,183,0.736842105263158
platt_scaling,external,184,0.7894736842105263
platt_scaling,external,185,0.7105263157894737
platt_scaling,external,186,0.42105263157894735
platt_scaling,external,187,0.7631578947368421
platt_scaling,external,188,0.7631578947368421
platt_scaling,external,189,0.42105263157894735
platt_scaling,external,190,0.5789473684210527
platt_scaling,external,191,0.7105263157894737
platt_scaling,external,192,0.6578947368421053
platt_scaling,external,193,0.3157894736842105
platt_scaling,external,194,0.7894736842105263
platt_scaling,external,195,0.42105263157894735
platt_scaling,external,196,0.6842105263157895
platt_scaling,external,197,0.8947368421052633
platt_scaling,external,198,0.7894736842105263
platt_scaling,external,199,0.4736842105263158
platt_scaling,external,200,0.868421052631579
platt_scaling,external,201,1.0
platt_scaling,external,202,0.7368421052631579
platt_scaling,external,203,0.736842105263158
platt_scaling,external,204,0.4736842105263158
platt_scaling,external,205,0.9473684210526316
platt_scaling,external,206,0.5263157894736843
platt_scaling,external,207,0.7105263157894737
platt_scaling,external,208,0.9473684210526316
platt_scaling,external,209,0.9473684210526316
platt_scaling,external,210,0.3157894736842105
platt_scaling,external,211,0.894736842105263
platt_scaling,external,212,0.6578947368421053
platt_scaling,external,213,0.736842105263158
platt_scaling,external,214,0.4736842105263158
platt_scaling,external,215,0.7105263157894737
platt_scaling,external,216,0.8421052631578948
platt_scaling,external,217,0.8157894736842105
platt_scaling,external,218,0.6842105263157895
platt_scaling,external,219,0.6052631578947368
platt_scaling,external,220,0.6842105263157895
platt_scaling,external,221,0.6578947368421053
platt_scaling,external,222,0.26315789473684215
platt_scaling,external,223,0.7631578947368421
platt_scaling,external,224,0.9473684210526316
platt_scaling,external,225,0.9473684210526316
platt_scaling,external,226,0.5789473684210527
platt_scaling,external,227,0.5263157894736843
platt_scaling,external,228,1.0
platt_scaling,external,229,0.7368421052631579
platt_scaling,external,230,0.9473684210526316
platt_scaling,external,231,0.4736842105263158
platt_scaling,external,232,0.7631578947368421
platt_scaling,external,233,0.8157894736842106
platt_scaling,external,234,0.4736842105263158
platt_scaling,external,235,0.7368421052631579
platt_scaling,external,236,0.9473684210526316
platt_scaling,external,237,0.9473684210526316
platt_scaling,external,238,1.0
platt_scaling,external,239,0.8947368421052632
platt_scaling,external,240,0.3157894736842105
platt_scaling,external,241,0.6315789473684211
platt_scaling,external,242,0.7105263157894737
platt_scaling,external,243,0.9473684210526316
platt_scaling,external,244,0.8947368421052632
platt_scaling,external,245,0.8947368421052632
platt_scaling,external,246,0.736842105263158
platt_scaling,external,247,0.8947368421052632
platt_scaling,external,248,0.736842105263158
platt_scaling,external,249,0.6052631578947368
platt_scaling,external,250,0.6052631578947368
platt_scaling,external,251,0.8947368421052632
platt_scaling,external,252,0.7105263157894737
platt_scaling,external,253,0.6315789473684211
platt_scaling,external,254,0.4736842105263158
platt_scaling,external,255,0.4736842105263158
platt_scaling,external,256,0.8421052631578947
platt_scaling,external,257,0.5263157894736843
platt_scaling,external,258,0.631578947368421
platt_scaling,external,259,0.368421052631579
platt_scaling,external,260,0.7105263157894737
platt_scaling,external,261,0.8421052631578947
platt_scaling,external,262,0.6052631578947368
platt_scaling,external,263,0.631578947368421
platt_scaling,external,264,0.7631578947368421
platt_scaling,external,265,0.6052631578947368
platt_scaling,external,266,0.8947368421052632
platt_scaling,external,267,0.6842105263157895
platt_scaling,external,268,0.7105263157894738
platt_scaling,external,269,0.7631578947368421
platt_scaling,external,270,0.9473684210526315
platt_scaling,external,271,1.0
platt_scaling,external,272,1.0
platt_scaling,external,273,0.7894736842105263
platt_scaling,external,274,0.9473684210526315
platt_scaling,external,275,0.6842105263157895
platt_scaling,external,276,0.6315789473684211
platt_scaling,external,277,1.0
platt_scaling,external,278,0.736842105263158
platt_scaling,external,279,0.9473684210526315
platt_scaling,external,280,0.5263157894736843
platt_scaling,external,281,0.7631578947368421
platt_scaling,external,282,0.7105263157894737
platt_scaling,external,283,0.6842105263157895
platt_scaling,external,284,0.5263157894736843
platt_scaling,external,285,0.7631578947368421
platt_scaling,external,286,0.736842105263158
platt_scaling,external,287,0.42105263157894735
platt_scaling,external,288,0.4736842105263158
platt_scaling,external,289,0.8421052631578947
platt_scaling,external,290,0.736842105263158
platt_scaling,external,291,0.7631578947368421
platt_scaling,external,292,0.6842105263157895
platt_scaling,external,293,0.7894736842105263
platt_scaling,external,294,0.763157894736842
platt_scaling,external,295,0.3157894736842105
platt_scaling,external,296,0.368421052631579
platt_scaling,external,297,0.4736842105263158
platt_scaling,external,298,0.9473684210526316
platt_scaling,external,299,0.6315789473684211
platt_scaling,external,300,0.9473684210526316
platt_scaling,external,301,0.736842105263158
platt_scaling,external,302,0.8157894736842105
platt_scaling,external,303,0.7368421052631579
platt_scaling,external,304,0.7105263157894737
platt_scaling,external,305,1.0
platt_scaling,external,306,0.7105263157894737
platt_scaling,external,307,0.3157894736842105
platt_scaling,external,308,0.9473684210526316
platt_scaling,external,309,0.7105263157894737
platt_scaling,external,310,0.9473684210526316
platt_scaling,external,311,0.9473684210526316
platt_scaling,external,312,0.26315789473684215
platt_scaling,external,313,0.6578947368421053
platt_scaling,external,314,1.0
platt_scaling,external,315,0.894736842105263
platt_scaling,external,316,0.7105263157894737
platt_scaling,external,317,0.26315789473684215
platt_scaling,external,318,0.368421052631579
platt_scaling,external,319,0.736842105263158
platt_scaling,external,320,0.9473684210526316
platt_scaling,external,321,0.8947368421052632
platt_scaling,external,322,0.6578947368421052
platt_scaling,external,323,0.7631578947368421
platt_scaling,external,324,0.9473684210526316
platt_scaling,external,325,0.8947368421052632
platt_scaling,external,326,1.0
platt_scaling,external,327,0.7105263157894737
platt_scaling,external,328,0.868421052631579
platt_scaling,external,329,0.8157894736842105
platt_scaling,external,330,0.6578947368421052
platt_scaling,external,331,0.7105263157894737
platt_scaling,external,332,1.0
platt_scaling,external,333,0.4736842105263158
platt_scaling,external,334,0.4736842105263158
platt_scaling,external,335,0.6578947368421053
platt_scaling,external,336,0.8947368421052632
platt_scaling,external,337,0.7631578947368421
platt_scaling,external,338,0.9473684210526316
platt_scaling,external,339,0.631578947368421
platt_scaling,external,340,0.631578947368421
platt_scaling,external,341,0.5263157894736843
platt_scaling,external,342,0.5263157894736843
platt_scaling,external,343,0.7631578947368421
platt_scaling,external,344,0.7894736842105263
platt_scaling,external,345,0.7894736842105263
platt_scaling,external,346,0.4736842105263158
platt_scaling,external,347,0.7631578947368421
platt_scaling,external,348,0.42105263157894735
platt_scaling,external,349,0.736842105263158
platt_scaling,external,350,0.9473684210526315
platt_scaling,external,351,0.8157894736842105
platt_scaling,external,352,1.0
platt_scaling,external,353,0.736842105263158
platt_scaling,external,354,0.6842105263157895
platt_scaling,external,355,0.7105263157894737
platt_scaling,external,356,0.8421052631578948
platt_scaling,external,357,0.4736842105263158
platt_scaling,external,358,0.6842105263157895
platt_scaling,external,359,0.5263157894736843
platt_scaling,external,360,1.0
platt_scaling,external,361,0.6842105263157895
platt_scaling,external,362,0.736842105263158
platt_scaling,external,363,0.9473684210526316
platt_scaling,external,364,1.0
platt_scaling,external,365,0.7631578947368421
platt_scaling,external,366,0.8421052631578947
platt_scaling,external,367,0.6842105263157895
platt_scaling,external,368,0.9999999999999999
platt_scaling,external,369,0.8947368421052632
platt_scaling,external,370,0.6842105263157894
platt_scaling,external,371,0.7894736842105263
platt_scaling,external,372,0.5789473684210527
platt_scaling,external,373,0.8947368421052632
platt_scaling,external,374,0.9473684210526315
platt_scaling,external,375,0.7105263157894737
platt_scaling,external,376,0.7105263157894737
platt_scaling,external,377,0.7105263157894737
platt_scaling,external,378,0.736842105263158
platt_scaling,external,379,1.0
platt_scaling,external,380,0.26315789473684215
platt_scaling,external,381,1.0
platt_scaling,external,382,0.8157894736842105
platt_scaling,external,383,0.42105263157894735
platt_scaling,external,384,0.7631578947368421
platt_scaling,external,385,0.8421052631578947
platt_scaling,external,386,0.7631578947368421
platt_scaling,external,387,0.6842105263157895
platt_scaling,external,388,0.8947368421052632
platt_scaling,external,389,0.7105263157894737
platt_scaling,external,390,0.6315789473684211
platt_scaling,external,391,1.0
platt_scaling,external,392,0.6052631578947368
platt_scaling,external,393,0.7105263157894737
platt_scaling,external,394,0.7894736842105263
platt_scaling,external,395,1.0
platt_scaling,external,396,0.7631578947368421
platt_scaling,external,397,0.42105263157894735
platt_scaling,external,398,0.631578947368421
platt_scaling,external,399,0.7105263157894737
platt_scaling,external,400,0.6842105263157895
platt_scaling,external,401,0.6578947368421053
platt_scaling,external,402,1.0
platt_scaling,external,403,0.8947368421052632
platt_scaling,external,404,0.42105263157894735
platt_scaling,external,405,0.7894736842105263
platt_scaling,external,406,0.7105263157894737
platt_scaling,external,407,0.8421052631578947
platt_scaling,external,408,0.8947368421052632
platt_scaling,external,409,1.0
platt_scaling,external,410,0.736842105263158
platt_scaling,external,411,0.6842105263157895
platt_scaling,external,412,0.7368421052631579
platt_scaling,external,413,0.7894736842105263
platt_scaling,external,414,0.42105263157894735
platt_scaling,external,415,0.8947368421052632
platt_scaling,external,416,0.7105263157894737
platt_scaling,external,417,0.6578947368421053
platt_scaling,external,418,0.5263157894736843
platt_scaling,external,419,0.7894736842105263
platt_scaling,external,420,0.7105263157894737
platt_scaling,external,421,0.7105263157894738
platt_scaling,external,422,0.6052631578947368
platt_scaling,external,423,0.3157894736842105
platt_scaling,external,424,0.42105263157894735
platt_scaling,external,425,0.5789473684210527
platt_scaling,external,426,0.736842105263158
platt_scaling,external,427,0.6315789473684211
platt_scaling,external,428,0.5263157894736843
platt_scaling,external,429,0.736842105263158
platt_scaling,external,430,0.631578947368421
platt_scaling,external,431,0.7631578947368421
platt_scaling,external,432,1.0
platt_scaling,external,433,0.8421052631578947
platt_scaling,external,434,0.6315789473684211
platt_scaling,external,435,0.7631578947368421
platt_scaling,external,436,0.6842105263157895
platt_scaling,external,437,1.0
platt_scaling,external,438,0.7631578947368421
platt_scaling,external,439,0.8157894736842105
platt_scaling,external,440,0.5789473684210527
platt_scaling,external,441,0.5789473684210527
platt_scaling,external,442,0.8157894736842105
platt_scaling,external,443,0.9473684210526316
platt_scaling,external,444,0.4736842105263158
platt_scaling,external,445,0.5263157894736843
platt_scaling,external,446,0.6315789473684211
platt_scaling,external,447,0.5263157894736843
platt_scaling,external,448,0.736842105263158
platt_scaling,external,449,0.9473684210526316
platt_scaling,external,450,0.7894736842105263
platt_scaling,external,451,0.736842105263158
platt_scaling,external,452,0.7631578947368421
platt_scaling,external,453,0.42105263157894735
platt_scaling,external,454,0.7631578947368421
platt_scaling,external,455,0.6315789473684211
platt_scaling,external,456,0.736842105263158
platt_scaling,external,457,0.8157894736842105
platt_scaling,external,458,0.5789473684210527
platt_scaling,external,459,0.736842105263158
platt_scaling,external,460,0.6842105263157895
platt_scaling,external,461,0.7105263157894737
platt_scaling,external,462,0.6842105263157895
platt_scaling,external,463,0.9473684210526316
platt_scaling,external,464,0.9473684210526315
platt_scaling,external,465,0.6842105263157895
platt_scaling,external,466,0.8157894736842105
platt_scaling,external,467,0.5789473684210527
platt_scaling,external,468,0.9473684210526316
platt_scaling,external,469,0.8947368421052632
platt_scaling,external,470,0.5789473684210527
platt_scaling,external,471,0.9473684210526316
platt_scaling,external,472,0.6578947368421053
platt_scaling,external,473,0.8157894736842105
platt_scaling,external,474,0.7105263157894737
platt_scaling,external,475,0.6578947368421053
platt_scaling,external,476,0.8157894736842105
platt_scaling,external,477,0.5789473684210527
platt_scaling,external,478,0.6578947368421052
platt_scaling,external,479,0.5789473684210527
platt_scaling,external,480,0.868421052631579
platt_scaling,external,481,0.631578947368421
platt_scaling,external,482,0.6315789473684211
platt_scaling,external,483,0.42105263157894735
platt_scaling,external,484,0.21052631578947367
platt_scaling,external,485,1.0
platt_scaling,external,486,0.7631578947368421
platt_scaling,external,487,0.6842105263157895
platt_scaling,external,488,0.9473684210526316
platt_scaling,external,489,0.6842105263157895
platt_scaling,external,490,0.6842105263157895
platt_scaling,external,491,0.5263157894736843
platt_scaling,external,492,0.5789473684210527
platt_scaling,external,493,0.4736842105263158
platt_scaling,external,494,0.736842105263158
platt_scaling,external,495,0.8421052631578948
platt_scaling,external,496,0.9473684210526316
platt_scaling,external,497,0.7894736842105263
platt_scaling,external,498,0.736842105263158
platt_scaling,external,499,0.736842105263158
platt_scaling,external,500,0.7105263157894737
platt_scaling,external,501,0.7368421052631579
platt_scaling,external,502,0.26315789473684215
platt_scaling,external,503,0.763157894736842
platt_scaling,external,504,0.7894736842105263
platt_scaling,external,505,0.9473684210526315
platt_scaling,external,506,0.26315789473684215
platt_scaling,external,507,0.5789473684210527
platt_scaling,external,508,0.736842105263158
platt_scaling,external,509,0.4736842105263158
platt_scaling,external,510,0.7631578947368421
platt_scaling,external,511,0.5789473684210527
platt_scaling,external,512,0.6842105263157895
platt_scaling,external,513,0.8157894736842105
platt_scaling,external,514,0.7368421052631579
platt_scaling,external,515,0.7631578947368421
platt_scaling,external,516,0.5263157894736843
platt_scaling,external,517,0.631578947368421
platt_scaling,external,518,0.6052631578947368
platt_scaling,external,519,0.6842105263157895
platt_scaling,external,520,0.736842105263158
platt_scaling,external,521,0.6315789473684211
platt_scaling,external,522,0.894736842105263
platt_scaling,external,523,0.3157894736842105
platt_scaling,external,524,0.8947368421052632
platt_scaling,external,525,0.631578947368421
platt_scaling,external,526,0.4736842105263158
platt_scaling,external,527,0.6315789473684211
platt_scaling,external,528,0.6842105263157895
platt_scaling,external,529,1.0
platt_scaling,external,530,1.0
platt_scaling,external,531,0.9473684210526316
platt_scaling,external,532,0.368421052631579
platt_scaling,external,533,0.5789473684210527
platt_scaling,external,534,0.9473684210526316
platt_scaling,external,535,0.4736842105263158
platt_scaling,external,536,0.6578947368421053
platt_scaling,external,537,0.6578947368421053
platt_scaling,external,538,0.763157894736842
platt_scaling,external,539,0.6842105263157895
platt_scaling,external,540,0.631578947368421
platt_scaling,external,541,0.8947368421052632
platt_scaling,external,542,0.7105263157894737
platt_scaling,external,543,0.7631578947368421
platt_scaling,external,544,1.0
platt_scaling,external,545,0.8157894736842105
platt_scaling,external,546,0.3157894736842105
platt_scaling,external,547,0.5789473684210527
platt_scaling,external,548,0.8157894736842105
platt_scaling,external,549,0.6842105263157895
platt_scaling,external,550,0.7894736842105263
platt_scaling,external,551,0.5789473684210527
platt_scaling,external,552,0.9473684210526316
platt_scaling,external,553,0.6052631578947368
platt_scaling,external,554,1.0
platt_scaling,external,555,0.6052631578947368
platt_scaling,external,556,0.5263157894736843
platt_scaling,external,557,1.0
platt_scaling,external,558,0.42105263157894735
platt_scaling,external,559,0.6842105263157894
platt_scaling,external,560,0.7105263157894737
platt_scaling,external,561,0.736842105263158
platt_scaling,external,562,0.7894736842105263
platt_scaling,external,563,0.7894736842105263
platt_scaling,external,564,0.5526315789473685
platt_scaling,external,565,1.0
platt_scaling,external,566,0.5789473684210527
platt_scaling,external,567,0.9473684210526316
platt_scaling,external,568,0.4736842105263158
platt_scaling,external,569,0.7368421052631579
platt_scaling,external,570,0.6578947368421053
platt_scaling,external,571,0.9473684210526315
platt_scaling,external,572,0.7105263157894737
platt_scaling,external,573,0.6842105263157895
platt_scaling,external,574,0.3157894736842105
platt_scaling,external,575,0.8947368421052633
platt_scaling,external,576,0.7894736842105263
platt_scaling,external,577,0.9473684210526316
platt_scaling,external,578,0.7105263157894737
platt_scaling,external,579,0.763157894736842
platt_scaling,external,580,0.7105263157894737
platt_scaling,external,581,0.7105263157894737
platt_scaling,external,582,0.7105263157894737
platt_scaling,external,583,0.8947368421052632
platt_scaling,external,584,0.42105263157894735
platt_scaling,external,585,0.6842105263157895
platt_scaling,external,586,0.6842105263157895
platt_scaling,external,587,0.5789473684210527
platt_scaling,external,588,0.5263157894736843
platt_scaling,external,589,0.6842105263157895
platt_scaling,external,590,0.7631578947368421
platt_scaling,external,591,0.6052631578947368
platt_scaling,external,592,0.6052631578947368
platt_scaling,external,593,1.0
platt_scaling,external,594,0.5789473684210527
platt_scaling,external,595,0.736842105263158
platt_scaling,external,596,1.0
platt_scaling,external,597,0.736842105263158
platt_scaling,external,598,0.7631578947368421
platt_scaling,external,599,0.6315789473684211
platt_scaling,external,600,0.8947368421052632
platt_scaling,external,601,0.7105263157894737
platt_scaling,external,602,0.7105263157894737
platt_scaling,external,603,0.4736842105263158
platt_scaling,external,604,0.6578947368421053
platt_scaling,external,605,1.0
platt_scaling,external,606,0.42105263157894735
platt_scaling,external,607,0.736842105263158
platt_scaling,external,608,0.5789473684210527
platt_scaling,external,609,0.7368421052631579
platt_scaling,external,610,0.5263157894736843
platt_scaling,external,611,0.8157894736842105
platt_scaling,external,612,1.0
platt_scaling,external,613,0.4736842105263158
platt_scaling,external,614,0.7631578947368421
platt_scaling,external,615,0.6315789473684211
platt_scaling,external,616,0.736842105263158
platt_scaling,external,617,0.6052631578947368
platt_scaling,external,618,0.9473684210526316
platt_scaling,external,619,0.6842105263157895
platt_scaling,external,620,0.7894736842105263
platt_scaling,external,621,0.5263157894736843
platt_scaling,external,622,0.7368421052631579
platt_scaling,external,623,0.6842105263157895
platt_scaling,external,624,0.9473684210526316
platt_scaling,external,625,0.7631578947368421
platt_scaling,external,626,0.6842105263157895
platt_scaling,external,627,0.7105263157894737
platt_scaling,external,628,0.5789473684210527
platt_scaling,external,629,0.3157894736842105
platt_scaling,external,630,0.5263157894736843
platt_scaling,external,631,0.9473684210526315
platt_scaling,external,632,0.6052631578947368
platt_scaling,external,633,0.6842105263157895
platt_scaling,external,634,0.736842105263158
platt_scaling,external,635,0.4736842105263158
platt_scaling,external,636,0.8157894736842105
platt_scaling,external,637,0.7105263157894737
platt_scaling,external,638,0.5263157894736843
platt_scaling,external,639,0.6842105263157895
platt_scaling,external,640,0.9473684210526316
platt_scaling,external,641,0.4736842105263158
platt_scaling,external,642,0.736842105263158
platt_scaling,external,643,0.6052631578947368
platt_scaling,external,644,0.7631578947368421
platt_scaling,external,645,0.5789473684210527
platt_scaling,external,646,0.7105263157894737
platt_scaling,external,647,0.9473684210526316
platt_scaling,external,648,0.7105263157894737
platt_scaling,external,649,0.7894736842105263
platt_scaling,external,650,1.0
platt_scaling,external,651,0.6842105263157895
platt_scaling,external,652,0.8947368421052633
platt_scaling,external,653,0.8947368421052632
platt_scaling,external,654,1.0
platt_scaling,external,655,0.6842105263157895
platt_scaling,external,656,0.5789473684210527
platt_scaling,external,657,0.631578947368421
platt_scaling,external,658,0.368421052631579
platt_scaling,external,659,0.7894736842105263
platt_scaling,external,660,0.7631578947368421
platt_scaling,external,661,0.631578947368421
platt_scaling,external,662,0.6842105263157895
platt_scaling,external,663,0.9473684210526316
platt_scaling,external,664,0.6315789473684211
platt_scaling,external,665,0.8157894736842106
platt_scaling,external,666,0.868421052631579
platt_scaling,external,667,0.42105263157894735
platt_scaling,external,668,0.7105263157894737
platt_scaling,external,669,0.42105263157894735
platt_scaling,external,670,0.7631578947368421
platt_scaling,external,671,0.8947368421052632
platt_scaling,external,672,0.8947368421052632
platt_scaling,external,673,0.6578947368421053
platt_scaling,external,674,0.42105263157894735
platt_scaling,external,675,0.763157894736842
platt_scaling,external,676,0.9473684210526316
platt_scaling,external,677,0.6578947368421052
platt_scaling,external,678,0.368421052631579
platt_scaling,external,679,0.7105263157894737
platt_scaling,external,680,0.9473684210526316
platt_scaling,external,681,1.0
platt_scaling,external,682,0.7894736842105263
platt_scaling,external,683,0.8157894736842105
platt_scaling,external,684,0.8947368421052632
platt_scaling,external,685,0.7368421052631579
platt_scaling,external,686,0.4736842105263158
platt_scaling,external,687,1.0
platt_scaling,external,688,0.6842105263157895
platt_scaling,external,689,0.42105263157894735
platt_scaling,external,690,0.6578947368421053
platt_scaling,external,691,0.7894736842105263
platt_scaling,external,692,0.5526315789473684
platt_scaling,external,693,0.42105263157894735
platt_scaling,external,694,0.7105263157894737
platt_scaling,external,695,0.5263157894736843
platt_scaling,external,696,0.7631578947368421
platt_scaling,external,697,0.9473684210526316
platt_scaling,external,698,0.5263157894736843
platt_scaling,external,699,0.9473684210526315
platt_scaling,external,700,0.8947368421052632
platt_scaling,external,701,1.0
platt_scaling,external,702,0.8157894736842106
platt_scaling,external,703,0.7631578947368421
platt_scaling,external,704,0.6578947368421053
platt_scaling,external,705,0.7894736842105263
platt_scaling,external,706,0.9999999999999999
platt_scaling,external,707,0.8947368421052632
platt_scaling,external,708,0.7894736842105263
platt_scaling,external,709,0.8421052631578948
platt_scaling,external,710,0.6842105263157895
platt_scaling,external,711,0.7894736842105263
platt_scaling,external,712,0.6578947368421053
platt_scaling,external,713,0.5263157894736843
platt_scaling,external,714,0.6842105263157895
platt_scaling,external,715,0.7105263157894737
platt_scaling,external,716,0.5789473684210527
platt_scaling,external,717,0.6578947368421053
platt_scaling,external,718,0.7105263157894737
platt_scaling,external,719,0.736842105263158
platt_scaling,external,720,1.0
platt_scaling,external,721,0.8421052631578947
platt_scaling,external,722,0.7894736842105263
platt_scaling,external,723,0.8947368421052632
platt_scaling,external,724,0.7105263157894737
platt_scaling,external,725,0.763157894736842
platt_scaling,external,726,0.7105263157894737
platt_scaling,external,727,0.6842105263157895
platt_scaling,external,728,0.8947368421052632
platt_scaling,external,729,0.7105263157894737
platt_scaling,external,730,0.42105263157894735
platt_scaling,external,731,0.8947368421052632
platt_scaling,external,732,0.7631578947368421
platt_scaling,external,733,0.7631578947368421
platt_scaling,external,734,1.0
platt_scaling,external,735,0.42105263157894735
platt_scaling,external,736,0.6578947368421053
platt_scaling,external,737,0.4736842105263158
platt_scaling,external,738,0.368421052631579
platt_scaling,external,739,0.7105263157894737
platt_scaling,external,740,0.736842105263158
platt_scaling,external,741,1.0
platt_scaling,external,742,0.8157894736842105
platt_scaling,external,743,0.5263157894736843
platt_scaling,external,744,0.8157894736842105
platt_scaling,external,745,0.631578947368421
platt_scaling,external,746,0.6052631578947368
platt_scaling,external,747,0.6842105263157895
platt_scaling,external,748,0.7105263157894737
platt_scaling,external,749,0.7631578947368421
platt_scaling,external,750,0.368421052631579
platt_scaling,external,751,0.8157894736842105
platt_scaling,external,752,0.631578947368421
platt_scaling,external,753,0.7105263157894737
platt_scaling,external,754,0.4736842105263158
platt_scaling,external,755,0.6052631578947368
platt_scaling,external,756,0.3157894736842105
platt_scaling,external,757,0.5263157894736843
platt_scaling,external,758,0.6578947368421053
platt_scaling,external,759,0.9473684210526316
platt_scaling,external,760,0.368421052631579
platt_scaling,external,761,0.6578947368421053
platt_scaling,external,762,0.7631578947368421
platt_scaling,external,763,0.6315789473684211
platt_scaling,external,764,0.7368421052631579
platt_scaling,external,765,0.605263157894737
platt_scaling,external,766,1.0
platt_scaling,external,767,0.7105263157894737
platt_scaling,external,768,0.6842105263157895
platt_scaling,external,769,0.368421052631579
platt_scaling,external,770,1.0
platt_scaling,external,771,0.26315789473684215
platt_scaling,external,772,0.6578947368421053
platt_scaling,external,773,1.0
platt_scaling,external,774,0.5789473684210527
platt_scaling,external,775,0.8421052631578947
platt_scaling,external,776,0.7631578947368421
platt_scaling,external,777,0.7631578947368421
platt_scaling,external,778,0.42105263157894735
platt_scaling,external,779,0.9473684210526315
platt_scaling,external,780,0.6578947368421053
platt_scaling,external,781,0.6842105263157895
platt_scaling,external,782,0.42105263157894735
platt_scaling,external,783,0.4736842105263158
platt_scaling,external,784,0.763157894736842
platt_scaling,external,785,0.9473684210526316
platt_scaling,external,786,0.4736842105263158
platt_scaling,external,787,0.631578947368421
platt_scaling,external,788,0.7105263157894737
platt_scaling,external,789,0.6315789473684211
platt_scaling,external,790,0.6578947368421053
platt_scaling,external,791,0.7105263157894737
platt_scaling,external,792,0.5263157894736843
platt_scaling,external,793,1.0
platt_scaling,external,794,0.6578947368421053
platt_scaling,external,795,0.5263157894736843
platt_scaling,external,796,0.26315789473684215
platt_scaling,external,797,0.7631578947368421
platt_scaling,external,798,0.9473684210526316
platt_scaling,external,799,1.0
platt_scaling,external,800,0.368421052631579
platt_scaling,external,801,0.5263157894736843
platt_scaling,external,802,0.8947368421052632
platt_scaling,external,803,0.7631578947368421
platt_scaling,external,804,1.0
platt_scaling,external,805,0.6842105263157895
platt_scaling,external,806,0.6052631578947368
platt_scaling,external,807,1.0
platt_scaling,external,808,0.6578947368421053
platt_scaling,external,809,0.8421052631578948
platt_scaling,external,810,0.8947368421052632
platt_scaling,external,811,0.3157894736842105
platt_scaling,external,812,0.42105263157894735
platt_scaling,external,813,0.894736842105263
platt_scaling,external,814,0.7631578947368421
platt_scaling,external,815,0.6842105263157895
platt_scaling,external,816,0.6578947368421053
platt_scaling,external,817,0.9473684210526315
platt_scaling,external,818,0.736842105263158
platt_scaling,external,819,0.4736842105263158
platt_scaling,external,820,0.5789473684210527
platt_scaling,external,821,0.9473684210526316
platt_scaling,external,822,0.9473684210526315
platt_scaling,external,823,0.5789473684210527
platt_scaling,external,824,0.7894736842105263
platt_scaling,external,825,0.631578947368421
platt_scaling,external,826,0.5263157894736843
platt_scaling,external,827,0.736842105263158
platt_scaling,external,828,0.368421052631579
platt_scaling,external,829,0.8157894736842105
platt_scaling,external,830,0.5263157894736843
platt_scaling,external,831,0.7105263157894737
platt_scaling,external,832,1.0
platt_scaling,external,833,0.8947368421052632
platt_scaling,external,834,0.368421052631579
platt_scaling,external,835,0.9473684210526316
platt_scaling,external,836,0.5263157894736843
platt_scaling,external,837,0.7105263157894737
platt_scaling,external,838,0.6578947368421053
platt_scaling,external,839,0.3157894736842105
platt_scaling,external,840,0.42105263157894735
platt_scaling,external,841,0.6578947368421053
platt_scaling,external,842,0.631578947368421
platt_scaling,external,843,0.736842105263158
platt_scaling,external,844,0.9473684210526315
platt_scaling,external,845,0.3157894736842105
platt_scaling,external,846,0.7105263157894737
platt_scaling,external,847,0.5789473684210527
platt_scaling,external,848,0.736842105263158
platt_scaling,external,849,0.7631578947368421
platt_scaling,external,850,1.0
platt_scaling,external,851,0.5789473684210527
platt_scaling,external,852,1.0
platt_scaling,external,853,0.8947368421052632
platt_scaling,external,854,0.6315789473684211
platt_scaling,external,855,0.7894736842105263
platt_scaling,external,856,0.42105263157894735
platt_scaling,external,857,0.7894736842105263
platt_scaling,external,858,1.0
platt_scaling,external,859,0.7631578947368421
platt_scaling,external,860,0.5263157894736843
platt_scaling,external,861,0.7105263157894737
platt_scaling,external,862,0.5789473684210527
platt_scaling,external,863,0.7894736842105263
platt_scaling,external,864,0.8157894736842105
platt_scaling,external,865,0.7105263157894737
platt_scaling,external,866,0.6842105263157895
platt_scaling,external,867,0.9473684210526316
platt_scaling,external,868,0.631578947368421
platt_scaling,external,869,0.5263157894736843
platt_scaling,external,870,0.42105263157894735
platt_scaling,external,871,0.8421052631578947
platt_scaling,external,872,0.8421052631578947
platt_scaling,external,873,1.0
platt_scaling,external,874,1.0
platt_scaling,external,875,0.9473684210526315
platt_scaling,external,876,0.7631578947368421
platt_scaling,external,877,0.7105263157894737
platt_scaling,external,878,0.8421052631578948
platt_scaling,external,879,0.6842105263157895
platt_scaling,external,880,1.0
platt_scaling,external,881,0.9473684210526316
platt_scaling,external,882,0.6315789473684211
platt_scaling,external,883,0.6842105263157895
platt_scaling,external,884,0.5263157894736843
platt_scaling,external,885,0.9473684210526316
platt_scaling,external,886,0.5789473684210527
platt_scaling,external,887,0.736842105263158
platt_scaling,external,888,0.8421052631578947
platt_scaling,external,889,0.5263157894736843
platt_scaling,external,890,0.6052631578947368
platt_scaling,external,891,0.7631578947368421
platt_scaling,external,892,0.3157894736842105
platt_scaling,external,893,1.0
platt_scaling,external,894,0.9473684210526316
platt_scaling,external,895,0.8947368421052632
platt_scaling,external,896,0.7894736842105263
platt_scaling,external,897,0.6578947368421052
platt_scaling,external,898,0.9473684210526315
platt_scaling,external,899,0.7631578947368421
platt_scaling,external,900,0.5263157894736843
platt_scaling,external,901,0.6842105263157895
platt_scaling,external,902,0.7105263157894737
platt_scaling,external,903,0.8157894736842105
platt_scaling,external,904,0.7105263157894737
platt_scaling,external,905,0.5789473684210527
platt_scaling,external,906,0.368421052631579
platt_scaling,external,907,0.9473684210526315
platt_scaling,external,908,1.0
platt_scaling,external,909,1.0
platt_scaling,external,910,0.6842105263157895
platt_scaling,external,911,0.736842105263158
platt_scaling,external,912,0.9473684210526316
platt_scaling,external,913,0.368421052631579
platt_scaling,external,914,0.5
platt_scaling,external,915,0.736842105263158
platt_scaling,external,916,0.9473684210526315
platt_scaling,external,917,0.42105263157894735
platt_scaling,external,918,0.3157894736842105
platt_scaling,external,919,0.5789473684210527
platt_scaling,external,920,0.7105263157894737
platt_scaling,external,921,0.7894736842105263
platt_scaling,external,922,0.7105263157894737
platt_scaling,external,923,0.6842105263157895
platt_scaling,external,924,1.0
platt_scaling,external,925,0.9473684210526316
platt_scaling,external,926,0.736842105263158
platt_scaling,external,927,0.7368421052631579
platt_scaling,external,928,0.7105263157894737
platt_scaling,external,929,0.7631578947368421
platt_scaling,external,930,0.6578947368421053
platt_scaling,external,931,0.7631578947368421
platt_scaling,external,932,0.6052631578947368
platt_scaling,external,933,0.7105263157894737
platt_scaling,external,934,0.7105263157894737
platt_scaling,external,935,0.6842105263157895
platt_scaling,external,936,0.7631578947368421
platt_scaling,external,937,0.7631578947368421
platt_scaling,external,938,0.26315789473684215
platt_scaling,external,939,0.5789473684210527
platt_scaling,external,940,0.8947368421052632
platt_scaling,external,941,0.7631578947368421
platt_scaling,external,942,0.8947368421052632
platt_scaling,external,943,0.6578947368421053
platt_scaling,external,944,0.7894736842105263
platt_scaling,external,945,0.42105263157894735
platt_scaling,external,946,0.26315789473684215
platt_scaling,external,947,0.5789473684210527
platt_scaling,external,948,0.42105263157894735
platt_scaling,external,949,0.631578947368421
platt_scaling,external,950,0.4736842105263158
platt_scaling,external,951,0.736842105263158
platt_scaling,external,952,0.9473684210526316
platt_scaling,external,953,0.6842105263157895
platt_scaling,external,954,0.6578947368421053
platt_scaling,external,955,0.8947368421052633
platt_scaling,external,956,0.763157894736842
platt_scaling,external,957,0.8157894736842105
platt_scaling,external,958,0.736842105263158
platt_scaling,external,959,0.6052631578947368
platt_scaling,external,960,1.0
platt_scaling,external,961,0.631578947368421
platt_scaling,external,962,0.6315789473684211
platt_scaling,external,963,0.368421052631579
platt_scaling,external,964,0.631578947368421
platt_scaling,external,965,0.7631578947368421
platt_scaling,external,966,0.8157894736842105
platt_scaling,external,967,0.7105263157894737
platt_scaling,external,968,0.7631578947368421
platt_scaling,external,969,0.7105263157894737
platt_scaling,external,970,0.42105263157894735
platt_scaling,external,971,0.9473684210526315
platt_scaling,external,972,0.7894736842105263
platt_scaling,external,973,0.6578947368421053
platt_scaling,external,974,0.368421052631579
platt_scaling,external,975,0.368421052631579
platt_scaling,external,976,0.7105263157894737
platt_scaling,external,977,0.6578947368421052
platt_scaling,external,978,0.9473684210526315
platt_scaling,external,979,0.8157894736842105
platt_scaling,external,980,0.6578947368421053
platt_scaling,external,981,0.631578947368421
platt_scaling,external,982,0.368421052631579
platt_scaling,external,983,0.736842105263158
platt_scaling,external,984,0.8157894736842105
platt_scaling,external,985,1.0
platt_scaling,external,986,0.42105263157894735
platt_scaling,external,987,0.42105263157894735
platt_scaling,external,988,0.9473684210526315
platt_scaling,external,989,0.9473684210526316
platt_scaling,external,990,0.42105263157894735
platt_scaling,external,991,0.8421052631578948
platt_scaling,external,992,0.6842105263157895
platt_scaling,external,993,1.0
platt_scaling,external,994,0.5789473684210527
platt_scaling,external,995,1.0
platt_scaling,external,996,0.6842105263157895
platt_scaling,external,997,0.9473684210526316
platt_scaling,external,998,1.0
platt_scaling,external,999,1.0
platt_scaling,external,1000,0.368421052631579
isotonic_regression,external,1,0.5921052631578948
isotonic_regression,external,2,0.2368421052631579
isotonic_regression,external,3,0.5394736842105263
isotonic_regression,external,4,0.9473684210526316
isotonic_regression,external,5,0.48684210526315796
isotonic_regression,external,6,0.7894736842105263
isotonic_regression,external,7,0.605263157894737
isotonic_regression,external,8,0.2894736842105263
isotonic_regression,external,9,0.5263157894736842
isotonic_regression,external,10,0.5789473684210527
isotonic_regression,external,11,0.21052631578947367
isotonic_regression,external,12,0.5789473684210527
isotonic_regression,external,13,0.8157894736842105
isotonic_regression,external,14,0.5657894736842105
isotonic_regression,external,15,0.9210526315789475
isotonic_regression,external,16,0.5
isotonic_regression,external,17,0.9473684210526316
isotonic_regression,external,18,0.9210526315789475
isotonic_regression,external,19,0.5657894736842105
isotonic_regression,external,20,0.6710526315789475
isotonic_regression,external,21,0.31578947368421056
isotonic_regression,external,22,0.6578947368421053
isotonic_regression,external,23,0.8947368421052632
isotonic_regression,external,24,0.6842105263157895
isotonic_regression,external,25,0.5394736842105263
isotonic_regression,external,26,0.5263157894736842
isotonic_regression,external,27,0.5131578947368421
isotonic_regression,external,28,0.9736842105263158
isotonic_regression,external,29,0.631578947368421
isotonic_regression,external,30,0.13157894736842107
isotonic_regression,external,31,0.15789473684210525
isotonic_regression,external,32,0.2368421052631579
isotonic_regression,external,33,0.8157894736842105
isotonic_regression,external,34,0.5
isotonic_regression,external,35,0.9210526315789473
isotonic_regression,external,36,0.2894736842105263
isotonic_regression,external,37,0.5263157894736842
isotonic_regression,external,38,0.6052631578947368
isotonic_regression,external,39,0.6052631578947368
isotonic_regression,external,40,0.2368421052631579
isotonic_regression,external,41,0.5657894736842105
isotonic_regression,external,42,0.631578947368421
isotonic_regression,external,43,0.2894736842105263
isotonic_regression,external,44,0.1842105263157895
isotonic_regression,external,45,0.8684210526315789
isotonic_regression,external,46,0.7631578947368421
isotonic_regression,external,47,0.5921052631578947
isotonic_regression,external,48,0.5394736842105263
isotonic_regression,external,49,0.3157894736842105
isotonic_regression,external,50,0.13157894736842107
isotonic_regression,external,51,0.618421052631579
isotonic_regression,external,52,0.9210526315789473
isotonic_regression,external,53,0.9210526315789473
isotonic_regression,external,54,0.9736842105263158
isotonic_regression,external,55,0.2894736842105263
isotonic_regression,external,56,0.1842105263157895
isotonic_regression,external,57,0.15789473684210525
isotonic_regression,external,58,0.5263157894736842
isotonic_regression,external,59,0.26315789473684215
isotonic_regression,external,60,0.3157894736842105
isotonic_regression,external,61,0.9736842105263158
isotonic_regression,external,62,0.6578947368421053
isotonic_regression,external,63,0.9210526315789473
isotonic_regression,external,64,0.631578947368421
isotonic_regression,external,65,0.5263157894736843
isotonic_regression,external,66,0.8157894736842105
isotonic_regression,external,67,0.4736842105263158
isotonic_regression,external,68,0.5
isotonic_regression,external,69,0.2368421052631579
isotonic_regression,external,70,0.21052631578947373
isotonic_regression,external,71,0.21052631578947367
isotonic_regression,external,72,0.368421052631579
isotonic_regression,external,73,0.5526315789473684
isotonic_regression,external,74,0.618421052631579
isotonic_regression,external,75,0.5
isotonic_regression,external,76,0.5263157894736842
isotonic_regression,external,77,0.31578947368421056
isotonic_regression,external,78,0.26315789473684215
isotonic_regression,external,79,0.9473684210526316
isotonic_regression,external,80,0.9210526315789473
isotonic_regression,external,81,0.6973684210526315
isotonic_regression,external,82,0.7631578947368421
isotonic_regression,external,83,0.26315789473684215
isotonic_regression,external,84,0.5921052631578948
isotonic_regression,external,85,0.10526315789473684
isotonic_regression,external,86,0.6052631578947368
isotonic_regression,external,87,0.2894736842105263
isotonic_regression,external,88,0.5263157894736842
isotonic_regression,external,89,0.2368421052631579
isotonic_regression,external,90,0.39473684210526316
isotonic_regression,external,91,0.5789473684210527
isotonic_regression,external,92,0.5526315789473684
isotonic_regression,external,93,0.21052631578947367
isotonic_regression,external,94,0.5394736842105263
isotonic_regression,external,95,0.5789473684210527
isotonic_regression,external,96,0.5789473684210527
isotonic_regression,external,97,0.5263157894736842
isotonic_regression,external,98,0.5921052631578948
isotonic_regression,external,99,0.9210526315789473
isotonic_regression,external,100,0.34210526315789475
isotonic_regression,external,101,0.6315789473684211
isotonic_regression,external,102,0.618421052631579
isotonic_regression,external,103,0.5526315789473685
isotonic_regression,external,104,0.4868421052631579
isotonic_regression,external,105,0.6578947368421053
isotonic_regression,external,106,0.868421052631579
isotonic_regression,external,107,0.8421052631578948
isotonic_regression,external,108,0.5657894736842106
isotonic_regression,external,109,0.21052631578947367
isotonic_regression,external,110,0.5921052631578947
isotonic_regression,external,111,0.21052631578947373
isotonic_regression,external,112,0.5526315789473685
isotonic_regression,external,113,0.9736842105263158
isotonic_regression,external,114,0.6315789473684211
isotonic_regression,external,115,0.5921052631578947
isotonic_regression,external,116,0.4868421052631579
isotonic_regression,external,117,0.46052631578947373
isotonic_regression,external,118,0.618421052631579
isotonic_regression,external,119,0.3157894736842105
isotonic_regression,external,120,0.6052631578947368
isotonic_regression,external,121,0.5789473684210527
isotonic_regression,external,122,0.6052631578947368
isotonic_regression,external,123,0.2368421052631579
isotonic_regression,external,124,0.5657894736842105
isotonic_regression,external,125,0.6052631578947368
isotonic_regression,external,126,0.5921052631578948
isotonic_regression,external,127,0.868421052631579
isotonic_regression,external,128,0.5263157894736843
isotonic_regression,external,129,0.618421052631579
isotonic_regression,external,130,0.2368421052631579
isotonic_regression,external,131,0.5921052631578948
isotonic_regression,external,132,0.631578947368421
isotonic_regression,external,133,0.4868421052631579
isotonic_regression,external,134,0.5526315789473685
isotonic_regression,external,135,0.2368421052631579
isotonic_regression,external,136,0.9210526315789475
isotonic_regression,external,137,0.9473684210526315
isotonic_regression,external,138,0.4473684210526316
isotonic_regression,external,139,0.6052631578947368
isotonic_regression,external,140,1.0
isotonic_regression,external,141,0.5921052631578948
isotonic_regression,external,142,0.605263157894737
isotonic_regression,external,143,0.8947368421052632
isotonic_regression,external,144,0.2894736842105263
isotonic_regression,external,145,0.5789473684210527
isotonic_regression,external,146,0.2894736842105263
isotonic_regression,external,147,0.368421052631579
isotonic_regression,external,148,0.6052631578947368
isotonic_regression,external,149,0.6052631578947368
isotonic_regression,external,150,0.2894736842105263
isotonic_regression,external,151,0.5921052631578947
isotonic_regression,external,152,0.9736842105263158
isotonic_regression,external,153,0.3157894736842105
isotonic_regression,external,154,0.5263157894736842
isotonic_regression,external,155,0.8157894736842106
isotonic_regression,external,156,0.5526315789473684
isotonic_regression,external,157,0.9473684210526315
isotonic_regression,external,158,0.868421052631579
isotonic_regression,external,159,0.5
isotonic_regression,external,160,0.5921052631578948
isotonic_regression,external,161,0.8684210526315789
isotonic_regression,external,162,0.31578947368421056
isotonic_regression,external,163,0.9210526315789473
isotonic_regression,external,164,0.4736842105263158
isotonic_regression,external,165,0.9210526315789473
isotonic_regression,external,166,0.9210526315789473
isotonic_regression,external,167,0.21052631578947367
isotonic_regression,external,168,0.4473684210526316
isotonic_regression,external,169,0.5526315789473684
isotonic_regression,external,170,0.9210526315789473
isotonic_regression,external,171,0.618421052631579
isotonic_regression,external,172,0.9210526315789473
isotonic_regression,external,173,0.868421052631579
isotonic_regression,external,174,0.368421052631579
isotonic_regression,external,175,0.7631578947368421
isotonic_regression,external,176,0.5526315789473685
isotonic_regression,external,177,0.6052631578947368
isotonic_regression,external,178,0.34210526315789475
isotonic_regression,external,179,0.5526315789473685
isotonic_regression,external,180,0.6052631578947368
isotonic_regression,external,181,0.5921052631578948
isotonic_regression,external,182,0.5921052631578948
isotonic_regression,external,183,0.6052631578947368
isotonic_regression,external,184,0.6315789473684211
isotonic_regression,external,185,0.5526315789473684
isotonic_regression,external,186,0.2368421052631579
isotonic_regression,external,187,0.618421052631579
isotonic_regression,external,188,0.5789473684210527
isotonic_regression,external,189,0.2368421052631579
isotonic_regression,external,190,0.31578947368421056
isotonic_regression,external,191,0.5789473684210527
isotonic_regression,external,192,0.5263157894736842
isotonic_regression,external,193,0.1842105263157895
isotonic_regression,external,194,0.618421052631579
isotonic_regression,external,195,0.21052631578947367
isotonic_regression,external,196,0.5921052631578948
isotonic_regression,external,197,0.868421052631579
isotonic_regression,external,198,0.618421052631579
isotonic_regression,external,199,0.2368421052631579
isotonic_regression,external,200,0.6973684210526315
isotonic_regression,external,201,0.868421052631579
isotonic_regression,external,202,0.618421052631579
isotonic_regression,external,203,0.5921052631578948
isotonic_regression,external,204,0.2368421052631579
isotonic_regression,external,205,0.8421052631578947
isotonic_regression,external,206,0.26315789473684215
isotonic_regression,external,207,0.5921052631578947
isotonic_regression,external,208,0.868421052631579
isotonic_regression,external,209,0.9473684210526315
isotonic_regression,external,210,0.21052631578947367
isotonic_regression,external,211,0.8421052631578947
isotonic_regression,external,212,0.5657894736842105
isotonic_regression,external,213,0.6315789473684211
isotonic_regression,external,214,0.2894736842105263
isotonic_regression,external,215,0.5921052631578948
isotonic_regression,external,216,0.7894736842105263
isotonic_regression,external,217,0.6710526315789475
isotonic_regression,external,218,0.5526315789473685
isotonic_regression,external,219,0.48684210526315796
isotonic_regression,external,220,0.5394736842105263
isotonic_regression,external,221,0.513157894736842
isotonic_regression,external,222,0.1842105263157895
isotonic_regression,external,223,0.6578947368421053
isotonic_regression,external,224,0.868421052631579
isotonic_regression,external,225,0.868421052631579
isotonic_regression,external,226,0.34210526315789475
isotonic_regression,external,227,0.2894736842105263
isotonic_regression,external,228,0.9210526315789473
isotonic_regression,external,229,0.5789473684210527
isotonic_regression,external,230,0.9210526315789475
isotonic_regression,external,231,0.26315789473684215
isotonic_regression,external,232,0.618421052631579
isotonic_regression,external,233,0.6447368421052632
isotonic_regression,external,234,0.31578947368421056
isotonic_regression,external,235,0.5657894736842105
isotonic_regression,external,236,0.8947368421052632
isotonic_regression,external,237,0.9210526315789473
isotonic_regression,external,238,0.9736842105263158
isotonic_regression,external,239,0.868421052631579
isotonic_regression,external,240,0.15789473684210525
isotonic_regression,external,241,0.368421052631579
isotonic_regression,external,242,0.6052631578947368
isotonic_regression,external,243,0.8421052631578947
isotonic_regression,external,244,0.7894736842105263
isotonic_regression,external,245,0.8947368421052633
isotonic_regression,external,246,0.5526315789473684
isotonic_regression,external,247,0.868421052631579
isotonic_regression,external,248,0.5921052631578947
isotonic_regression,external,249,0.5
isotonic_regression,external,250,0.5131578947368421
isotonic_regression,external,251,0.8157894736842105
isotonic_regression,external,252,0.5394736842105263
isotonic_regression,external,253,0.3421052631578948
isotonic_regression,external,254,0.2368421052631579
isotonic_regression,external,255,0.2368421052631579
isotonic_regression,external,256,0.7631578947368421
isotonic_regression,external,257,0.2894736842105263
isotonic_regression,external,258,0.5263157894736843
isotonic_regression,external,259,0.21052631578947373
isotonic_regression,external,260,0.5657894736842105
isotonic_regression,external,261,0.6315789473684211
isotonic_regression,external,262,0.48684210526315785
isotonic_regression,external,263,0.5131578947368421
isotonic_regression,external,264,0.6052631578947368
isotonic_regression,external,265,0.5263157894736843
isotonic_regression,external,266,0.8947368421052632
isotonic_regression,external,267,0.5789473684210527
isotonic_regression,external,268,0.5657894736842106
isotonic_regression,external,269,0.6315789473684211
isotonic_regression,external,270,0.8947368421052632
isotonic_regression,external,271,0.9473684210526316
isotonic_regression,external,272,0.9210526315789473
isotonic_regression,external,273,0.6315789473684211
isotonic_regression,external,274,0.8947368421052632
isotonic_regression,external,275,0.5526315789473685
isotonic_regression,external,276,0.5263157894736842
isotonic_regression,external,277,0.9473684210526315
isotonic_regression,external,278,0.618421052631579
isotonic_regression,external,279,0.8157894736842105
isotonic_regression,external,280,0.2894736842105263
isotonic_regression,external,281,0.6447368421052632
isotonic_regression,external,282,0.5657894736842105
isotonic_regression,external,283,0.5263157894736843
isotonic_regression,external,284,0.26315789473684215
isotonic_regression,external,285,0.618421052631579
isotonic_regression,external,286,0.618421052631579
isotonic_regression,external,287,0.2631578947368421
isotonic_regression,external,288,0.2894736842105263
isotonic_regression,external,289,0.6973684210526315
isotonic_regression,external,290,0.618421052631579
isotonic_regression,external,291,0.6315789473684211
isotonic_regression,external,292,0.5789473684210527
isotonic_regression,external,293,0.6447368421052632
isotonic_regression,external,294,0.618421052631579
isotonic_regression,external,295,0.1842105263157895
isotonic_regression,external,296,0.2368421052631579
isotonic_regression,external,297,0.26315789473684215
isotonic_regression,external,298,0.868421052631579
isotonic_regression,external,299,0.368421052631579
isotonic_regression,external,300,0.9210526315789473
isotonic_regression,external,301,0.5526315789473684
isotonic_regression,external,302,0.618421052631579
isotonic_regression,external,303,0.5921052631578948
isotonic_regression,external,304,0.5789473684210527
isotonic_regression,external,305,0.9736842105263158
isotonic_regression,external,306,0.6052631578947368
isotonic_regression,external,307,0.15789473684210525
isotonic_regression,external,308,0.9473684210526316
isotonic_regression,external,309,0.5263157894736842
isotonic_regression,external,310,0.8684210526315789
isotonic_regression,external,311,0.8947368421052632
isotonic_regression,external,312,0.13157894736842107
isotonic_regression,external,313,0.5394736842105263
isotonic_regression,external,314,0.9736842105263158
isotonic_regression,external,315,0.7894736842105263
isotonic_regression,external,316,0.5657894736842105
isotonic_regression,external,317,0.1578947368421053
isotonic_regression,external,318,0.1842105263157895
isotonic_regression,external,319,0.5789473684210527
isotonic_regression,external,320,0.868421052631579
isotonic_regression,external,321,0.7631578947368421
isotonic_regression,external,322,0.5263157894736843
isotonic_regression,external,323,0.6447368421052632
isotonic_regression,external,324,0.9210526315789475
isotonic_regression,external,325,0.8421052631578948
isotonic_regression,external,326,0.9210526315789473
isotonic_regression,external,327,0.631578947368421
isotonic_regression,external,328,0.7236842105263158
isotonic_regression,external,329,0.6578947368421053
isotonic_regression,external,330,0.5657894736842105
isotonic_regression,external,331,0.5921052631578948
isotonic_regression,external,332,0.9736842105263158
isotonic_regression,external,333,0.2894736842105263
isotonic_regression,external,334,0.2368421052631579
isotonic_regression,external,335,0.5526315789473685
isotonic_regression,external,336,0.868421052631579
isotonic_regression,external,337,0.5657894736842105
isotonic_regression,external,338,0.8421052631578948
isotonic_regression,external,339,0.39473684210526316
isotonic_regression,external,340,0.5263157894736842
isotonic_regression,external,341,0.26315789473684215
isotonic_regression,external,342,0.3421052631578948
isotonic_regression,external,343,0.618421052631579
isotonic_regression,external,344,0.6447368421052632
isotonic_regression,external,345,0.6578947368421053
isotonic_regression,external,346,0.31578947368421056
isotonic_regression,external,347,0.618421052631579
isotonic_regression,external,348,0.2368421052631579
isotonic_regression,external,349,0.6447368421052632
isotonic_regression,external,350,0.8421052631578948
isotonic_regression,external,351,0.6578947368421053
isotonic_regression,external,352,0.9210526315789473
isotonic_regression,external,353,0.618421052631579
isotonic_regression,external,354,0.5394736842105263
isotonic_regression,external,355,0.5789473684210527
isotonic_regression,external,356,0.7894736842105263
isotonic_regression,external,357,0.2368421052631579
isotonic_regression,external,358,0.6052631578947368
isotonic_regression,external,359,0.3421052631578948
isotonic_regression,external,360,0.9210526315789473
isotonic_regression,external,361,0.368421052631579
isotonic_regression,external,362,0.5921052631578948
isotonic_regression,external,363,0.8947368421052632
isotonic_regression,external,364,0.9210526315789473
isotonic_regression,external,365,0.6052631578947368
isotonic_regression,external,366,0.7631578947368421
isotonic_regression,external,367,0.6052631578947368
isotonic_regression,external,368,0.9210526315789473
isotonic_regression,external,369,0.8684210526315789
isotonic_regression,external,370,0.5657894736842105
isotonic_regression,external,371,0.6447368421052632
isotonic_regression,external,372,0.31578947368421056
isotonic_regression,external,373,0.868421052631579
isotonic_regression,external,374,0.9210526315789473
isotonic_regression,external,375,0.5789473684210527
isotonic_regression,external,376,0.5789473684210527
isotonic_regression,external,377,0.618421052631579
isotonic_regression,external,378,0.6052631578947368
isotonic_regression,external,379,0.9736842105263158
isotonic_regression,external,380,0.13157894736842107
isotonic_regression,external,381,0.9210526315789473
isotonic_regression,external,382,0.618421052631579
isotonic_regression,external,383,0.21052631578947367
isotonic_regression,external,384,0.6315789473684211
isotonic_regression,external,385,0.6710526315789473
isotonic_regression,external,386,0.618421052631579
isotonic_regression,external,387,0.5657894736842105
isotonic_regression,external,388,0.8947368421052632
isotonic_regression,external,389,0.5789473684210527
isotonic_regression,external,390,0.368421052631579
isotonic_regression,external,391,0.9473684210526316
isotonic_regression,external,392,0.5131578947368421
isotonic_regression,external,393,0.5394736842105263
isotonic_regression,external,394,0.618421052631579
isotonic_regression,external,395,0.9473684210526316
isotonic_regression,external,396,0.6052631578947368
isotonic_regression,external,397,0.2368421052631579
isotonic_regression,external,398,0.5131578947368421
isotonic_regression,external,399,0.618421052631579
isotonic_regression,external,400,0.6052631578947368
isotonic_regression,external,401,0.5263157894736843
isotonic_regression,external,402,0.9210526315789473
isotonic_regression,external,403,0.8947368421052632
isotonic_regression,external,404,0.2631578947368421
isotonic_regression,external,405,0.6447368421052632
isotonic_regression,external,406,0.6052631578947368
isotonic_regression,external,407,0.6447368421052632
isotonic_regression,external,408,0.868421052631579
isotonic_regression,external,409,0.9473684210526316
isotonic_regression,external,410,0.6052631578947368
isotonic_regression,external,411,0.5789473684210527
isotonic_regression,external,412,0.5921052631578947
isotonic_regression,external,413,0.5921052631578947
isotonic_regression,external,414,0.21052631578947367
isotonic_regression,external,415,0.8421052631578948
isotonic_regression,external,416,0.6052631578947368
isotonic_regression,external,417,0.5657894736842105
isotonic_regression,external,418,0.2894736842105263
isotonic_regression,external,419,0.6447368421052632
isotonic_regression,external,420,0.6052631578947368
isotonic_regression,external,421,0.5657894736842105
isotonic_regression,external,422,0.5131578947368421
isotonic_regression,external,423,0.15789473684210525
isotonic_regression,external,424,0.2368421052631579
isotonic_regression,external,425,0.4605263157894737
isotonic_regression,external,426,0.5789473684210527
isotonic_regression,external,427,0.5394736842105263
isotonic_regression,external,428,0.2894736842105263
isotonic_regression,external,429,0.5921052631578947
isotonic_regression,external,430,0.368421052631579
isotonic_regression,external,431,0.631578947368421
isotonic_regression,external,432,0.8947368421052632
isotonic_regression,external,433,0.7894736842105263
isotonic_regression,external,434,0.3421052631578948
isotonic_regression,external,435,0.605263157894737
isotonic_regression,external,436,0.5657894736842106
isotonic_regression,external,437,0.9473684210526315
isotonic_regression,external,438,0.618421052631579
isotonic_regression,external,439,0.6578947368421053
isotonic_regression,external,440,0.4736842105263158
isotonic_regression,external,441,0.5
isotonic_regression,external,442,0.6447368421052632
isotonic_regression,external,443,0.9210526315789473
isotonic_regression,external,444,0.2894736842105263
isotonic_regression,external,445,0.26315789473684215
isotonic_regression,external,446,0.368421052631579
isotonic_regression,external,447,0.3157894736842105
isotonic_regression,external,448,0.5921052631578948
isotonic_regression,external,449,0.8947368421052632
isotonic_regression,external,450,0.6710526315789473
isotonic_regression,external,451,0.5921052631578947
isotonic_regression,external,452,0.6315789473684211
isotonic_regression,external,453,0.21052631578947367
isotonic_regression,external,454,0.6578947368421053
isotonic_regression,external,455,0.5263157894736843
isotonic_regression,external,456,0.5921052631578947
isotonic_regression,external,457,0.6447368421052632
isotonic_regression,external,458,0.2894736842105263
isotonic_regression,external,459,0.618421052631579
isotonic_regression,external,460,0.5789473684210527
isotonic_regression,external,461,0.5789473684210527
isotonic_regression,external,462,0.39473684210526316
isotonic_regression,external,463,0.9210526315789475
isotonic_regression,external,464,0.8157894736842105
isotonic_regression,external,465,0.5526315789473684
isotonic_regression,external,466,0.631578947368421
isotonic_regression,external,467,0.2894736842105263
isotonic_regression,external,468,0.8421052631578948
isotonic_regression,external,469,0.8421052631578947
isotonic_regression,external,470,0.34210526315789475
isotonic_regression,external,471,0.868421052631579
isotonic_regression,external,472,0.5131578947368421
isotonic_regression,external,473,0.6710526315789473
isotonic_regression,external,474,0.5921052631578948
isotonic_regression,external,475,0.5263157894736842
isotonic_regression,external,476,0.6578947368421053
isotonic_regression,external,477,0.368421052631579
isotonic_regression,external,478,0.5657894736842105
isotonic_regression,external,479,0.31578947368421056
isotonic_regression,external,480,0.6842105263157895
isotonic_regression,external,481,0.5394736842105263
isotonic_regression,external,482,0.5
isotonic_regression,external,483,0.21052631578947367
isotonic_regression,external,484,0.13157894736842107
isotonic_regression,external,485,0.9210526315789473
isotonic_regression,external,486,0.605263157894737
isotonic_regression,external,487,0.5526315789473685
isotonic_regression,external,488,0.9473684210526316
isotonic_regression,external,489,0.5657894736842105
isotonic_regression,external,490,0.5657894736842105
isotonic_regression,external,491,0.3157894736842105
isotonic_regression,external,492,0.368421052631579
isotonic_regression,external,493,0.26315789473684215
isotonic_regression,external,494,0.618421052631579
isotonic_regression,external,495,0.8421052631578948
isotonic_regression,external,496,0.8947368421052632
isotonic_regression,external,497,0.736842105263158
isotonic_regression,external,498,0.5921052631578948
isotonic_regression,external,499,0.5657894736842105
isotonic_regression,external,500,0.5789473684210527
isotonic_regression,external,501,0.6052631578947368
isotonic_regression,external,502,0.13157894736842107
isotonic_regression,external,503,0.618421052631579
isotonic_regression,external,504,0.618421052631579
isotonic_regression,external,505,0.9210526315789473
isotonic_regression,external,506,0.1578947368421053
isotonic_regression,external,507,0.4605263157894737
isotonic_regression,external,508,0.5789473684210527
isotonic_regression,external,509,0.26315789473684215
isotonic_regression,external,510,0.6052631578947368
isotonic_regression,external,511,0.31578947368421056
isotonic_regression,external,512,0.6052631578947368
isotonic_regression,external,513,0.618421052631579
isotonic_regression,external,514,0.6052631578947368
isotonic_regression,external,515,0.618421052631579
isotonic_regression,external,516,0.2894736842105263
isotonic_regression,external,517,0.5394736842105263
isotonic_regression,external,518,0.5
isotonic_regression,external,519,0.5657894736842106
isotonic_regression,external,520,0.6447368421052632
isotonic_regression,external,521,0.39473684210526316
isotonic_regression,external,522,0.8421052631578948
isotonic_regression,external,523,0.1842105263157895
isotonic_regression,external,524,0.868421052631579
isotonic_regression,external,525,0.5263157894736843
isotonic_regression,external,526,0.2368421052631579
isotonic_regression,external,527,0.5263157894736843
isotonic_regression,external,528,0.5526315789473685
isotonic_regression,external,529,0.9473684210526316
isotonic_regression,external,530,0.9210526315789473
isotonic_regression,external,531,0.8421052631578948
isotonic_regression,external,532,0.1842105263157895
isotonic_regression,external,533,0.2894736842105263
isotonic_regression,external,534,0.9210526315789473
isotonic_regression,external,535,0.2368421052631579
isotonic_regression,external,536,0.5789473684210527
isotonic_regression,external,537,0.5263157894736843
isotonic_regression,external,538,0.6447368421052632
isotonic_regression,external,539,0.368421052631579
isotonic_regression,external,540,0.3157894736842105
isotonic_regression,external,541,0.7894736842105263
isotonic_regression,external,542,0.5789473684210527
isotonic_regression,external,543,0.605263157894737
isotonic_regression,external,544,0.9210526315789475
isotonic_regression,external,545,0.6710526315789475
isotonic_regression,external,546,0.1842105263157895
isotonic_regression,external,547,0.4868421052631579
isotonic_regression,external,548,0.6447368421052632
isotonic_regression,external,549,0.5263157894736843
isotonic_regression,external,550,0.6578947368421052
isotonic_regression,external,551,0.4605263157894737
isotonic_regression,external,552,0.8947368421052632
isotonic_regression,external,553,0.5
isotonic_regression,external,554,1.0
isotonic_regression,external,555,0.5263157894736842
isotonic_regression,external,556,0.2894736842105263
isotonic_regression,external,557,0.9473684210526316
isotonic_regression,external,558,0.21052631578947367
isotonic_regression,external,559,0.4210526315789474
isotonic_regression,external,560,0.5789473684210527
isotonic_regression,external,561,0.6052631578947368
isotonic_regression,external,562,0.6052631578947368
isotonic_regression,external,563,0.6447368421052632
isotonic_regression,external,564,0.44736842105263164
isotonic_regression,external,565,0.9473684210526316
isotonic_regression,external,566,0.34210526315789475
isotonic_regression,external,567,0.9210526315789473
isotonic_regression,external,568,0.26315789473684215
isotonic_regression,external,569,0.618421052631579
isotonic_regression,external,570,0.5526315789473685
isotonic_regression,external,571,0.9473684210526316
isotonic_regression,external,572,0.5921052631578947
isotonic_regression,external,573,0.5
isotonic_regression,external,574,0.15789473684210525
isotonic_regression,external,575,0.868421052631579
isotonic_regression,external,576,0.4736842105263158
isotonic_regression,external,577,0.8947368421052632
isotonic_regression,external,578,0.5657894736842105
isotonic_regression,external,579,0.6447368421052632
isotonic_regression,external,580,0.5657894736842105
isotonic_regression,external,581,0.5789473684210527
isotonic_regression,external,582,0.5657894736842105
isotonic_regression,external,583,0.7894736842105263
isotonic_regression,external,584,0.21052631578947367
isotonic_regression,external,585,0.5789473684210527
isotonic_regression,external,586,0.5394736842105263
isotonic_regression,external,587,0.4736842105263158
isotonic_regression,external,588,0.26315789473684215
isotonic_regression,external,589,0.6052631578947368
isotonic_regression,external,590,0.6578947368421053
isotonic_regression,external,591,0.48684210526315785
isotonic_regression,external,592,0.5
isotonic_regression,external,593,0.9473684210526316
isotonic_regression,external,594,0.47368421052631576
isotonic_regression,external,595,0.5789473684210527
isotonic_regression,external,596,0.9473684210526315
isotonic_regression,external,597,0.6052631578947368
isotonic_regression,external,598,0.5921052631578948
isotonic_regression,external,599,0.5131578947368421
isotonic_regression,external,600,0.8421052631578947
isotonic_regression,external,601,0.5921052631578948
isotonic_regression,external,602,0.5789473684210527
isotonic_regression,external,603,0.26315789473684215
isotonic_regression,external,604,0.5394736842105263
isotonic_regression,external,605,0.868421052631579
isotonic_regression,external,606,0.2368421052631579
isotonic_regression,external,607,0.618421052631579
isotonic_regression,external,608,0.2894736842105263
isotonic_regression,external,609,0.5789473684210527
isotonic_regression,external,610,0.2894736842105263
isotonic_regression,external,611,0.6447368421052632
isotonic_regression,external,612,0.9210526315789473
isotonic_regression,external,613,0.26315789473684215
isotonic_regression,external,614,0.6447368421052632
isotonic_regression,external,615,0.5
isotonic_regression,external,616,0.6052631578947368
isotonic_regression,external,617,0.4473684210526316
isotonic_regression,external,618,0.8947368421052633
isotonic_regression,external,619,0.5789473684210527
isotonic_regression,external,620,0.6578947368421052
isotonic_regression,external,621,0.26315789473684215
isotonic_regression,external,622,0.5789473684210527
isotonic_regression,external,623,0.5394736842105263
isotonic_regression,external,624,0.8947368421052632
isotonic_regression,external,625,0.5921052631578948
isotonic_regression,external,626,0.368421052631579
isotonic_regression,external,627,0.5789473684210527
isotonic_regression,external,628,0.4868421052631579
isotonic_regression,external,629,0.2368421052631579
isotonic_regression,external,630,0.26315789473684215
isotonic_regression,external,631,0.868421052631579
isotonic_regression,external,632,0.5
isotonic_regression,external,633,0.5131578947368421
isotonic_regression,external,634,0.7105263157894737
isotonic_regression,external,635,0.31578947368421056
isotonic_regression,external,636,0.6578947368421053
isotonic_regression,external,637,0.5789473684210527
isotonic_regression,external,638,0.2894736842105263
isotonic_regression,external,639,0.5789473684210527
isotonic_regression,external,640,0.9210526315789473
isotonic_regression,external,641,0.26315789473684215
isotonic_regression,external,642,0.6447368421052632
isotonic_regression,external,643,0.4736842105263158
isotonic_regression,external,644,0.631578947368421
isotonic_regression,external,645,0.5
isotonic_regression,external,646,0.5657894736842105
isotonic_regression,external,647,0.8684210526315789
isotonic_regression,external,648,0.5394736842105263
isotonic_regression,external,649,0.5921052631578947
isotonic_regression,external,650,0.9736842105263158
isotonic_regression,external,651,0.5526315789473685
isotonic_regression,external,652,0.8947368421052632
isotonic_regression,external,653,0.8421052631578948
isotonic_regression,external,654,0.9473684210526316
isotonic_regression,external,655,0.5394736842105263
isotonic_regression,external,656,0.31578947368421056
isotonic_regression,external,657,0.3421052631578948
isotonic_regression,external,658,0.2368421052631579
isotonic_regression,external,659,0.4736842105263158
isotonic_regression,external,660,0.618421052631579
isotonic_regression,external,661,0.5
isotonic_regression,external,662,0.5657894736842105
isotonic_regression,external,663,0.8947368421052632
isotonic_regression,external,664,0.3421052631578948
isotonic_regression,external,665,0.631578947368421
isotonic_regression,external,666,0.6973684210526315
isotonic_regression,external,667,0.21052631578947367
isotonic_regression,external,668,0.5789473684210527
isotonic_regression,external,669,0.2368421052631579
isotonic_regression,external,670,0.631578947368421
isotonic_regression,external,671,0.7894736842105263
isotonic_regression,external,672,0.8684210526315789
isotonic_regression,external,673,0.5526315789473684
isotonic_regression,external,674,0.21052631578947367
isotonic_regression,external,675,0.618421052631579
isotonic_regression,external,676,0.8947368421052632
isotonic_regression,external,677,0.5657894736842105
isotonic_regression,external,678,0.21052631578947373
isotonic_regression,external,679,0.5657894736842106
isotonic_regression,external,680,0.868421052631579
isotonic_regression,external,681,0.9210526315789475
isotonic_regression,external,682,0.6315789473684211
isotonic_regression,external,683,0.6578947368421053
isotonic_regression,external,684,0.7894736842105263
isotonic_regression,external,685,0.5921052631578947
isotonic_regression,external,686,0.26315789473684215
isotonic_regression,external,687,0.8684210526315789
isotonic_regression,external,688,0.5789473684210527
isotonic_regression,external,689,0.21052631578947367
isotonic_regression,external,690,0.5657894736842106
isotonic_regression,external,691,0.6315789473684211
isotonic_regression,external,692,0.4473684210526316
isotonic_regression,external,693,0.2368421052631579
isotonic_regression,external,694,0.5526315789473685
isotonic_regression,external,695,0.3157894736842105
isotonic_regression,external,696,0.618421052631579
isotonic_regression,external,697,0.8421052631578948
isotonic_regression,external,698,0.26315789473684215
isotonic_regression,external,699,0.9210526315789475
isotonic_regression,external,700,0.8157894736842105
isotonic_regression,external,701,0.9473684210526315
isotonic_regression,external,702,0.644736842105263
isotonic_regression,external,703,0.618421052631579
isotonic_regression,external,704,0.5789473684210527
isotonic_regression,external,705,0.618421052631579
isotonic_regression,external,706,0.8947368421052632
isotonic_regression,external,707,0.7894736842105263
isotonic_regression,external,708,0.618421052631579
isotonic_regression,external,709,0.6710526315789475
isotonic_regression,external,710,0.5789473684210527
isotonic_regression,external,711,0.6447368421052632
isotonic_regression,external,712,0.5394736842105263
isotonic_regression,external,713,0.26315789473684215
isotonic_regression,external,714,0.5657894736842105
isotonic_regression,external,715,0.5526315789473685
isotonic_regression,external,716,0.2894736842105263
isotonic_regression,external,717,0.5526315789473684
isotonic_regression,external,718,0.5789473684210527
isotonic_regression,external,719,0.5921052631578948
isotonic_regression,external,720,0.9736842105263158
isotonic_regression,external,721,0.7894736842105263
isotonic_regression,external,722,0.6052631578947368
isotonic_regression,external,723,0.8157894736842105
isotonic_regression,external,724,0.5657894736842105
isotonic_regression,external,725,0.6184210526315789
isotonic_regression,external,726,0.5657894736842105
isotonic_regression,external,727,0.5657894736842105
isotonic_regression,external,728,0.6973684210526315
isotonic_regression,external,729,0.5789473684210527
isotonic_regression,external,730,0.2368421052631579
isotonic_regression,external,731,0.8947368421052632
isotonic_regression,external,732,0.6052631578947368
isotonic_regression,external,733,0.6315789473684211
isotonic_regression,external,734,0.9210526315789473
isotonic_regression,external,735,0.2368421052631579
isotonic_regression,external,736,0.5131578947368421
isotonic_regression,external,737,0.2368421052631579
isotonic_regression,external,738,0.21052631578947373
isotonic_regression,external,739,0.5657894736842105
isotonic_regression,external,740,0.5921052631578948
isotonic_regression,external,741,0.9736842105263158
isotonic_regression,external,742,0.6578947368421053
isotonic_regression,external,743,0.3157894736842105
isotonic_regression,external,744,0.6710526315789475
isotonic_regression,external,745,0.5131578947368421
isotonic_regression,external,746,0.5
isotonic_regression,external,747,0.5789473684210527
isotonic_regression,external,748,0.5657894736842105
isotonic_regression,external,749,0.5921052631578948
isotonic_regression,external,750,0.1842105263157895
isotonic_regression,external,751,0.6578947368421053
isotonic_regression,external,752,0.39473684210526316
isotonic_regression,external,753,0.5789473684210527
isotonic_regression,external,754,0.2368421052631579
isotonic_regression,external,755,0.5131578947368421
isotonic_regression,external,756,0.1842105263157895
isotonic_regression,external,757,0.2894736842105263
isotonic_regression,external,758,0.5526315789473685
isotonic_regression,external,759,0.9210526315789473
isotonic_regression,external,760,0.21052631578947373
isotonic_regression,external,761,0.5263157894736843
isotonic_regression,external,762,0.5921052631578948
isotonic_regression,external,763,0.5131578947368421
isotonic_regression,external,764,0.6052631578947368
isotonic_regression,external,765,0.48684210526315796
isotonic_regression,external,766,0.9736842105263158
isotonic_regression,external,767,0.5789473684210527
isotonic_regression,external,768,0.5394736842105263
isotonic_regression,external,769,0.1842105263157895
isotonic_regression,external,770,0.8947368421052632
isotonic_regression,external,771,0.13157894736842107
isotonic_regression,external,772,0.5526315789473684
isotonic_regression,external,773,0.9210526315789473
isotonic_regression,external,774,0.2894736842105263
isotonic_regression,external,775,0.6447368421052632
isotonic_regression,external,776,0.5789473684210527
isotonic_regression,external,777,0.618421052631579
isotonic_regression,external,778,0.2631578947368421
isotonic_regression,external,779,0.8947368421052632
isotonic_regression,external,780,0.5657894736842106
isotonic_regression,external,781,0.5921052631578947
isotonic_regression,external,782,0.21052631578947367
isotonic_regression,external,783,0.26315789473684215
isotonic_regression,external,784,0.6842105263157895
isotonic_regression,external,785,0.8947368421052632
isotonic_regression,external,786,0.2368421052631579
isotonic_regression,external,787,0.3421052631578948
isotonic_regression,external,788,0.5789473684210527
isotonic_regression,external,789,0.5131578947368421
isotonic_regression,external,790,0.5526315789473685
isotonic_regression,external,791,0.5921052631578948
isotonic_regression,external,792,0.3421052631578948
isotonic_regression,external,793,0.9473684210526315
isotonic_regression,external,794,0.5657894736842105
isotonic_regression,external,795,0.2894736842105263
isotonic_regression,external,796,0.1578947368421053
isotonic_regression,external,797,0.6052631578947368
isotonic_regression,external,798,0.8947368421052632
isotonic_regression,external,799,1.0
isotonic_regression,external,800,0.2368421052631579
isotonic_regression,external,801,0.26315789473684215
isotonic_regression,external,802,0.8157894736842105
isotonic_regression,external,803,0.618421052631579
isotonic_regression,external,804,0.9736842105263158
isotonic_regression,external,805,0.5394736842105263
isotonic_regression,external,806,0.5
isotonic_regression,external,807,0.8947368421052632
isotonic_regression,external,808,0.5263157894736843
isotonic_regression,external,809,0.7894736842105263
isotonic_regression,external,810,0.8157894736842105
isotonic_regression,external,811,0.21052631578947367
isotonic_regression,external,812,0.21052631578947367
isotonic_regression,external,813,0.8421052631578948
isotonic_regression,external,814,0.618421052631579
isotonic_regression,external,815,0.34210526315789475
isotonic_regression,external,816,0.5394736842105263
isotonic_regression,external,817,0.9210526315789475
isotonic_regression,external,818,0.5921052631578948
isotonic_regression,external,819,0.2368421052631579
isotonic_regression,external,820,0.34210526315789475
isotonic_regression,external,821,0.9210526315789475
isotonic_regression,external,822,0.8157894736842106
isotonic_regression,external,823,0.2894736842105263
isotonic_regression,external,824,0.6447368421052632
isotonic_regression,external,825,0.39473684210526316
isotonic_regression,external,826,0.2894736842105263
isotonic_regression,external,827,0.618421052631579
isotonic_regression,external,828,0.21052631578947373
isotonic_regression,external,829,0.618421052631579
isotonic_regression,external,830,0.26315789473684215
isotonic_regression,external,831,0.5789473684210527
isotonic_regression,external,832,0.9473684210526316
isotonic_regression,external,833,0.8421052631578948
isotonic_regression,external,834,0.1842105263157895
isotonic_regression,external,835,0.9210526315789475
isotonic_regression,external,836,0.2894736842105263
isotonic_regression,external,837,0.5789473684210527
isotonic_regression,external,838,0.5263157894736843
isotonic_regression,external,839,0.1842105263157895
isotonic_regression,external,840,0.21052631578947367
isotonic_regression,external,841,0.5526315789473684
isotonic_regression,external,842,0.3157894736842105
isotonic_regression,external,843,0.6447368421052632
isotonic_regression,external,844,0.9210526315789473
isotonic_regression,external,845,0.21052631578947367
isotonic_regression,external,846,0.5921052631578948
isotonic_regression,external,847,0.368421052631579
isotonic_regression,external,848,0.5526315789473685
isotonic_regression,external,849,0.6315789473684211
isotonic_regression,external,850,0.8421052631578948
isotonic_regression,external,851,0.31578947368421056
isotonic_regression,external,852,0.9736842105263158
isotonic_regression,external,853,0.8421052631578947
isotonic_regression,external,854,0.3421052631578948
isotonic_regression,external,855,0.6578947368421052
isotonic_regression,external,856,0.21052631578947367
isotonic_regression,external,857,0.6315789473684211
isotonic_regression,external,858,0.9736842105263157
isotonic_regression,external,859,0.6447368421052632
isotonic_regression,external,860,0.2894736842105263
isotonic_regression,external,861,0.5657894736842105
isotonic_regression,external,862,0.2894736842105263
isotonic_regression,external,863,0.618421052631579
isotonic_regression,external,864,0.6315789473684211
isotonic_regression,external,865,0.5921052631578948
isotonic_regression,external,866,0.5526315789473684
isotonic_regression,external,867,0.8947368421052632
isotonic_regression,external,868,0.39473684210526316
isotonic_regression,external,869,0.2894736842105263
isotonic_regression,external,870,0.21052631578947367
isotonic_regression,external,871,0.6842105263157895
isotonic_regression,external,872,0.8421052631578947
isotonic_regression,external,873,0.9736842105263158
isotonic_regression,external,874,0.8947368421052632
isotonic_regression,external,875,0.8947368421052632
isotonic_regression,external,876,0.631578947368421
isotonic_regression,external,877,0.618421052631579
isotonic_regression,external,878,0.6973684210526315
isotonic_regression,external,879,0.4210526315789474
isotonic_regression,external,880,0.9736842105263158
isotonic_regression,external,881,0.9210526315789473
isotonic_regression,external,882,0.368421052631579
isotonic_regression,external,883,0.5526315789473685
isotonic_regression,external,884,0.2894736842105263
isotonic_regression,external,885,0.9210526315789473
isotonic_regression,external,886,0.31578947368421056
isotonic_regression,external,887,0.5657894736842106
isotonic_regression,external,888,0.8421052631578948
isotonic_regression,external,889,0.2894736842105263
isotonic_regression,external,890,0.5
isotonic_regression,external,891,0.5789473684210527
isotonic_regression,external,892,0.1842105263157895
isotonic_regression,external,893,0.9210526315789473
isotonic_regression,external,894,0.9210526315789473
isotonic_regression,external,895,0.7894736842105263
isotonic_regression,external,896,0.6052631578947368
isotonic_regression,external,897,0.5
isotonic_regression,external,898,0.9210526315789473
isotonic_regression,external,899,0.631578947368421
isotonic_regression,external,900,0.2894736842105263
isotonic_regression,external,901,0.5921052631578947
isotonic_regression,external,902,0.618421052631579
isotonic_regression,external,903,0.618421052631579
isotonic_regression,external,904,0.6052631578947368
isotonic_regression,external,905,0.48684210526315785
isotonic_regression,external,906,0.1842105263157895
isotonic_regression,external,907,0.8421052631578948
isotonic_regression,external,908,0.9210526315789473
isotonic_regression,external,909,0.9210526315789473
isotonic_regression,external,910,0.5921052631578947
isotonic_regression,external,911,0.5789473684210527
isotonic_regression,external,912,0.8947368421052632
isotonic_regression,external,913,0.21052631578947373
isotonic_regression,external,914,0.4078947368421053
isotonic_regression,external,915,0.6052631578947368
isotonic_regression,external,916,0.9210526315789475
isotonic_regression,external,917,0.2631578947368421
isotonic_regression,external,918,0.15789473684210525
isotonic_regression,external,919,0.2894736842105263
isotonic_regression,external,920,0.5921052631578948
isotonic_regression,external,921,0.6447368421052632
isotonic_regression,external,922,0.5789473684210527
isotonic_regression,external,923,0.5394736842105263
isotonic_regression,external,924,1.0
isotonic_regression,external,925,0.9210526315789475
isotonic_regression,external,926,0.6447368421052632
isotonic_regression,external,927,0.6052631578947368
isotonic_regression,external,928,0.5657894736842106
isotonic_regression,external,929,0.618421052631579
isotonic_regression,external,930,0.5131578947368421
isotonic_regression,external,931,0.6578947368421053
isotonic_regression,external,932,0.4868421052631579
isotonic_regression,external,933,0.5657894736842106
isotonic_regression,external,934,0.5657894736842106
isotonic_regression,external,935,0.5394736842105263
isotonic_regression,external,936,0.6052631578947368
isotonic_regression,external,937,0.618421052631579
isotonic_regression,external,938,0.13157894736842107
isotonic_regression,external,939,0.31578947368421056
isotonic_regression,external,940,0.8421052631578948
isotonic_regression,external,941,0.618421052631579
isotonic_regression,external,942,0.8421052631578947
isotonic_regression,external,943,0.5526315789473684
isotonic_regression,external,944,0.618421052631579
isotonic_regression,external,945,0.21052631578947367
isotonic_regression,external,946,0.1578947368421053
isotonic_regression,external,947,0.4736842105263158
isotonic_regression,external,948,0.21052631578947367
isotonic_regression,external,949,0.5263157894736842
isotonic_regression,external,950,0.26315789473684215
isotonic_regression,external,951,0.5921052631578948
isotonic_regression,external,952,0.868421052631579
isotonic_regression,external,953,0.5921052631578948
isotonic_regression,external,954,0.5394736842105263
isotonic_regression,external,955,0.8421052631578948
isotonic_regression,external,956,0.631578947368421
isotonic_regression,external,957,0.6842105263157895
isotonic_regression,external,958,0.6052631578947368
isotonic_regression,external,959,0.5
isotonic_regression,external,960,0.9736842105263159
isotonic_regression,external,961,0.39473684210526316
isotonic_regression,external,962,0.5131578947368421
isotonic_regression,external,963,0.1842105263157895
isotonic_regression,external,964,0.5
isotonic_regression,external,965,0.6315789473684211
isotonic_regression,external,966,0.6710526315789473
isotonic_regression,external,967,0.5921052631578948
isotonic_regression,external,968,0.618421052631579
isotonic_regression,external,969,0.5657894736842105
isotonic_regression,external,970,0.2631578947368421
isotonic_regression,external,971,0.8947368421052633
isotonic_regression,external,972,0.618421052631579
isotonic_regression,external,973,0.5526315789473685
isotonic_regression,external,974,0.1842105263157895
isotonic_regression,external,975,0.1842105263157895
isotonic_regression,external,976,0.5921052631578947
isotonic_regression,external,977,0.5263157894736843
isotonic_regression,external,978,0.8421052631578948
isotonic_regression,external,979,0.6578947368421053
isotonic_regression,external,980,0.5526315789473684
isotonic_regression,external,981,0.5131578947368421
isotonic_regression,external,982,0.1842105263157895
isotonic_regression,external,983,0.6052631578947368
isotonic_regression,external,984,0.631578947368421
isotonic_regression,external,985,0.9210526315789473
isotonic_regression,external,986,0.2368421052631579
isotonic_regression,external,987,0.2368421052631579
isotonic_regression,external,988,0.8684210526315789
isotonic_regression,external,989,0.8947368421052632
isotonic_regression,external,990,0.2631578947368421
isotonic_regression,external,991,0.8421052631578948
isotonic_regression,external,992,0.5394736842105263
isotonic_regression,external,993,0.9473684210526315
isotonic_regression,external,994,0.31578947368421056
isotonic_regression,external,995,1.0
isotonic_regression,external,996,0.6052631578947368
isotonic_regression,external,997,0.8421052631578947
isotonic_regression,external,998,0.9210526315789475
isotonic_regression,external,999,0.9999999999999999
isotonic_regression,external,1000,0.1842105263157895
stacking_lr,external,1,0.6842105263157895
stacking_lr,external,2,0.4736842105263158
stacking_lr,external,3,0.631578947368421
stacking_lr,external,4,0.9473684210526315
stacking_lr,external,5,0.6052631578947368
stacking_lr,external,6,0.8947368421052632
stacking_lr,external,7,0.7631578947368421
stacking_lr,external,8,0.5263157894736843
stacking_lr,external,9,0.6578947368421053
stacking_lr,external,10,0.6842105263157895
stacking_lr,external,11,0.42105263157894735
stacking_lr,external,12,0.736842105263158
stacking_lr,external,13,0.9473684210526316
stacking_lr,external,14,0.736842105263158
stacking_lr,external,15,1.0
stacking_lr,external,16,0.6052631578947368
stacking_lr,external,17,1.0
stacking_lr,external,18,0.9473684210526315
stacking_lr,external,19,0.6578947368421052
stacking_lr,external,20,0.8157894736842106
stacking_lr,external,21,0.4736842105263158
stacking_lr,external,22,0.7894736842105263
stacking_lr,external,23,0.9473684210526316
stacking_lr,external,24,0.8421052631578948
stacking_lr,external,25,0.6842105263157895
stacking_lr,external,26,0.6052631578947368
stacking_lr,external,27,0.631578947368421
stacking_lr,external,28,1.0
stacking_lr,external,29,0.736842105263158
stacking_lr,external,30,0.26315789473684215
stacking_lr,external,31,0.3157894736842105
stacking_lr,external,32,0.42105263157894735
stacking_lr,external,33,0.8947368421052632
stacking_lr,external,34,0.5789473684210527
stacking_lr,external,35,1.0
stacking_lr,external,36,0.5789473684210527
stacking_lr,external,37,0.631578947368421
stacking_lr,external,38,0.7631578947368421
stacking_lr,external,39,0.736842105263158
stacking_lr,external,40,0.42105263157894735
stacking_lr,external,41,0.7105263157894737
stacking_lr,external,42,0.7631578947368421
stacking_lr,external,43,0.5789473684210527
stacking_lr,external,44,0.368421052631579
stacking_lr,external,45,0.9473684210526316
stacking_lr,external,46,0.8947368421052632
stacking_lr,external,47,0.7105263157894737
stacking_lr,external,48,0.6578947368421052
stacking_lr,external,49,0.5263157894736843
stacking_lr,external,50,0.26315789473684215
stacking_lr,external,51,0.7631578947368421
stacking_lr,external,52,1.0
stacking_lr,external,53,1.0
stacking_lr,external,54,1.0
stacking_lr,external,55,0.5789473684210527
stacking_lr,external,56,0.368421052631579
stacking_lr,external,57,0.3157894736842105
stacking_lr,external,58,0.6052631578947368
stacking_lr,external,59,0.5263157894736843
stacking_lr,external,60,0.5263157894736843
stacking_lr,external,61,1.0
stacking_lr,external,62,0.7894736842105263
stacking_lr,external,63,0.9473684210526316
stacking_lr,external,64,0.7894736842105263
stacking_lr,external,65,0.6052631578947368
stacking_lr,external,66,0.8947368421052633
stacking_lr,external,67,0.6052631578947368
stacking_lr,external,68,0.6052631578947368
stacking_lr,external,69,0.3157894736842105
stacking_lr,external,70,0.368421052631579
stacking_lr,external,71,0.42105263157894735
stacking_lr,external,72,0.6315789473684211
stacking_lr,external,73,0.6842105263157895
stacking_lr,external,74,0.7105263157894737
stacking_lr,external,75,0.6052631578947368
stacking_lr,external,76,0.631578947368421
stacking_lr,external,77,0.4736842105263158
stacking_lr,external,78,0.4736842105263158
stacking_lr,external,79,1.0
stacking_lr,external,80,0.9473684210526316
stacking_lr,external,81,0.8157894736842105
stacking_lr,external,82,0.8947368421052632
stacking_lr,external,83,0.4736842105263158
stacking_lr,external,84,0.7105263157894737
stacking_lr,external,85,0.21052631578947367
stacking_lr,external,86,0.736842105263158
stacking_lr,external,87,0.5263157894736843
stacking_lr,external,88,0.631578947368421
stacking_lr,external,89,0.42105263157894735
stacking_lr,external,90,0.631578947368421
stacking_lr,external,91,0.7894736842105263
stacking_lr,external,92,0.7105263157894737
stacking_lr,external,93,0.42105263157894735
stacking_lr,external,94,0.631578947368421
stacking_lr,external,95,0.7105263157894737
stacking_lr,external,96,0.7105263157894737
stacking_lr,external,97,0.631578947368421
stacking_lr,external,98,0.7368421052631579
stacking_lr,external,99,0.9473684210526316
stacking_lr,external,100,0.4736842105263158
stacking_lr,external,101,0.8421052631578947
stacking_lr,external,102,0.7631578947368421
stacking_lr,external,103,0.6842105263157895
stacking_lr,external,104,0.6052631578947368
stacking_lr,external,105,0.7631578947368421
stacking_lr,external,106,0.8947368421052632
stacking_lr,external,107,0.9473684210526316
stacking_lr,external,108,0.7368421052631579
stacking_lr,external,109,0.42105263157894735
stacking_lr,external,110,0.6842105263157895
stacking_lr,external,111,0.368421052631579
stacking_lr,external,112,0.7105263157894737
stacking_lr,external,113,1.0
stacking_lr,external,114,0.763157894736842
stacking_lr,external,115,0.7368421052631579
stacking_lr,external,116,0.6052631578947368
stacking_lr,external,117,0.5789473684210527
stacking_lr,external,118,0.6842105263157895
stacking_lr,external,119,0.631578947368421
stacking_lr,external,120,0.736842105263158
stacking_lr,external,121,0.6315789473684211
stacking_lr,external,122,0.7368421052631579
stacking_lr,external,123,0.42105263157894735
stacking_lr,external,124,0.6842105263157895
stacking_lr,external,125,0.7368421052631579
stacking_lr,external,126,0.7105263157894737
stacking_lr,external,127,0.9473684210526315
stacking_lr,external,128,0.6052631578947368
stacking_lr,external,129,0.7368421052631579
stacking_lr,external,130,0.4736842105263158
stacking_lr,external,131,0.736842105263158
stacking_lr,external,132,0.8157894736842105
stacking_lr,external,133,0.6052631578947368
stacking_lr,external,134,0.6842105263157895
stacking_lr,external,135,0.4736842105263158
stacking_lr,external,136,1.0
stacking_lr,external,137,1.0
stacking_lr,external,138,0.5526315789473685
stacking_lr,external,139,0.6842105263157895
stacking_lr,external,140,1.0
stacking_lr,external,141,0.7105263157894737
stacking_lr,external,142,0.7631578947368421
stacking_lr,external,143,0.8947368421052632
stacking_lr,external,144,0.4736842105263158
stacking_lr,external,145,0.7105263157894737
stacking_lr,external,146,0.5263157894736843
stacking_lr,external,147,0.631578947368421
stacking_lr,external,148,0.7105263157894737
stacking_lr,external,149,0.736842105263158
stacking_lr,external,150,0.5263157894736843
stacking_lr,external,151,0.736842105263158
stacking_lr,external,152,1.0
stacking_lr,external,153,0.5263157894736843
stacking_lr,external,154,0.736842105263158
stacking_lr,external,155,0.8947368421052632
stacking_lr,external,156,0.6842105263157895
stacking_lr,external,157,1.0
stacking_lr,external,158,0.9473684210526316
stacking_lr,external,159,0.6052631578947368
stacking_lr,external,160,0.7105263157894737
stacking_lr,external,161,0.8947368421052632
stacking_lr,external,162,0.4736842105263158
stacking_lr,external,163,0.9473684210526316
stacking_lr,external,164,0.5526315789473685
stacking_lr,external,165,0.9473684210526315
stacking_lr,external,166,1.0
stacking_lr,external,167,0.42105263157894735
stacking_lr,external,168,0.5789473684210527
stacking_lr,external,169,0.7105263157894737
stacking_lr,external,170,0.9473684210526316
stacking_lr,external,171,0.7894736842105263
stacking_lr,external,172,1.0
stacking_lr,external,173,0.9473684210526315
stacking_lr,external,174,0.6842105263157896
stacking_lr,external,175,0.8421052631578947
stacking_lr,external,176,0.6842105263157895
stacking_lr,external,177,0.7631578947368421
stacking_lr,external,178,0.5789473684210527
stacking_lr,external,179,0.7105263157894737
stacking_lr,external,180,0.7368421052631579
stacking_lr,external,181,0.7894736842105263
stacking_lr,external,182,0.7105263157894737
stacking_lr,external,183,0.736842105263158
stacking_lr,external,184,0.7894736842105263
stacking_lr,external,185,0.7105263157894737
stacking_lr,external,186,0.42105263157894735
stacking_lr,external,187,0.7631578947368421
stacking_lr,external,188,0.7631578947368421
stacking_lr,external,189,0.42105263157894735
stacking_lr,external,190,0.5789473684210527
stacking_lr,external,191,0.7105263157894737
stacking_lr,external,192,0.6578947368421053
stacking_lr,external,193,0.3157894736842105
stacking_lr,external,194,0.7894736842105263
stacking_lr,external,195,0.42105263157894735
stacking_lr,external,196,0.6842105263157895
stacking_lr,external,197,0.8947368421052632
stacking_lr,external,198,0.7894736842105263
stacking_lr,external,199,0.4736842105263158
stacking_lr,external,200,0.868421052631579
stacking_lr,external,201,1.0
stacking_lr,external,202,0.7368421052631579
stacking_lr,external,203,0.736842105263158
stacking_lr,external,204,0.4736842105263158
stacking_lr,external,205,0.9473684210526316
stacking_lr,external,206,0.5263157894736843
stacking_lr,external,207,0.7105263157894737
stacking_lr,external,208,0.9473684210526315
stacking_lr,external,209,0.9473684210526316
stacking_lr,external,210,0.3157894736842105
stacking_lr,external,211,0.894736842105263
stacking_lr,external,212,0.6578947368421053
stacking_lr,external,213,0.7368421052631579
stacking_lr,external,214,0.4736842105263158
stacking_lr,external,215,0.7105263157894737
stacking_lr,external,216,0.8421052631578948
stacking_lr,external,217,0.8157894736842105
stacking_lr,external,218,0.6842105263157895
stacking_lr,external,219,0.6052631578947368
stacking_lr,external,220,0.6842105263157895
stacking_lr,external,221,0.6578947368421053
stacking_lr,external,222,0.26315789473684215
stacking_lr,external,223,0.7631578947368421
stacking_lr,external,224,0.9473684210526316
stacking_lr,external,225,0.9473684210526316
stacking_lr,external,226,0.5789473684210527
stacking_lr,external,227,0.5263157894736843
stacking_lr,external,228,1.0
stacking_lr,external,229,0.7368421052631579
stacking_lr,external,230,0.9473684210526316
stacking_lr,external,231,0.4736842105263158
stacking_lr,external,232,0.7631578947368421
stacking_lr,external,233,0.8157894736842105
stacking_lr,external,234,0.4736842105263158
stacking_lr,external,235,0.736842105263158
stacking_lr,external,236,0.9473684210526315
stacking_lr,external,237,0.9473684210526316
stacking_lr,external,238,1.0
stacking_lr,external,239,0.8947368421052632
stacking_lr,external,240,0.3157894736842105
stacking_lr,external,241,0.6315789473684211
stacking_lr,external,242,0.7105263157894737
stacking_lr,external,243,0.9473684210526315
stacking_lr,external,244,0.8947368421052632
stacking_lr,external,245,0.8947368421052632
stacking_lr,external,246,0.736842105263158
stacking_lr,external,247,0.8947368421052632
stacking_lr,external,248,0.736842105263158
stacking_lr,external,249,0.6052631578947368
stacking_lr,external,250,0.6052631578947368
stacking_lr,external,251,0.8947368421052632
stacking_lr,external,252,0.7105263157894737
stacking_lr,external,253,0.6315789473684211
stacking_lr,external,254,0.4736842105263158
stacking_lr,external,255,0.4736842105263158
stacking_lr,external,256,0.8421052631578947
stacking_lr,external,257,0.5263157894736843
stacking_lr,external,258,0.631578947368421
stacking_lr,external,259,0.368421052631579
stacking_lr,external,260,0.7105263157894737
stacking_lr,external,261,0.8421052631578948
stacking_lr,external,262,0.6052631578947368
stacking_lr,external,263,0.631578947368421
stacking_lr,external,264,0.7631578947368421
stacking_lr,external,265,0.6052631578947368
stacking_lr,external,266,0.8947368421052632
stacking_lr,external,267,0.6842105263157895
stacking_lr,external,268,0.7105263157894737
stacking_lr,external,269,0.7631578947368421
stacking_lr,external,270,0.9473684210526316
stacking_lr,external,271,1.0
stacking_lr,external,272,1.0
stacking_lr,external,273,0.7894736842105263
stacking_lr,external,274,0.9473684210526316
stacking_lr,external,275,0.6842105263157895
stacking_lr,external,276,0.631578947368421
stacking_lr,external,277,1.0
stacking_lr,external,278,0.736842105263158
stacking_lr,external,279,0.9473684210526315
stacking_lr,external,280,0.5263157894736843
stacking_lr,external,281,0.7631578947368421
stacking_lr,external,282,0.7105263157894737
stacking_lr,external,283,0.6842105263157896
stacking_lr,external,284,0.5263157894736843
stacking_lr,external,285,0.7631578947368421
stacking_lr,external,286,0.736842105263158
stacking_lr,external,287,0.42105263157894735
stacking_lr,external,288,0.4736842105263158
stacking_lr,external,289,0.8421052631578947
stacking_lr,external,290,0.736842105263158
stacking_lr,external,291,0.7631578947368421
stacking_lr,external,292,0.6842105263157895
stacking_lr,external,293,0.7894736842105263
stacking_lr,external,294,0.763157894736842
stacking_lr,external,295,0.3157894736842105
stacking_lr,external,296,0.368421052631579
stacking_lr,external,297,0.4736842105263158
stacking_lr,external,298,0.9473684210526316
stacking_lr,external,299,0.631578947368421
stacking_lr,external,300,0.9473684210526316
stacking_lr,external,301,0.736842105263158
stacking_lr,external,302,0.8157894736842105
stacking_lr,external,303,0.7368421052631579
stacking_lr,external,304,0.7105263157894737
stacking_lr,external,305,1.0
stacking_lr,external,306,0.7105263157894737
stacking_lr,external,307,0.3157894736842105
stacking_lr,external,308,0.9473684210526316
stacking_lr,external,309,0.7105263157894737
stacking_lr,external,310,0.9473684210526315
stacking_lr,external,311,0.9473684210526316
stacking_lr,external,312,0.26315789473684215
stacking_lr,external,313,0.6578947368421053
stacking_lr,external,314,1.0
stacking_lr,external,315,0.8947368421052632
stacking_lr,external,316,0.7105263157894737
stacking_lr,external,317,0.26315789473684215
stacking_lr,external,318,0.368421052631579
stacking_lr,external,319,0.736842105263158
stacking_lr,external,320,0.9473684210526315
stacking_lr,external,321,0.8947368421052632
stacking_lr,external,322,0.6578947368421052
stacking_lr,external,323,0.763157894736842
stacking_lr,external,324,0.9473684210526316
stacking_lr,external,325,0.8947368421052632
stacking_lr,external,326,1.0
stacking_lr,external,327,0.7105263157894737
stacking_lr,external,328,0.868421052631579
stacking_lr,external,329,0.8157894736842105
stacking_lr,external,330,0.6578947368421052
stacking_lr,external,331,0.7105263157894737
stacking_lr,external,332,1.0
stacking_lr,external,333,0.4736842105263158
stacking_lr,external,334,0.4736842105263158
stacking_lr,external,335,0.6578947368421053
stacking_lr,external,336,0.8947368421052633
stacking_lr,external,337,0.7631578947368421
stacking_lr,external,338,0.9473684210526316
stacking_lr,external,339,0.631578947368421
stacking_lr,external,340,0.631578947368421
stacking_lr,external,341,0.5263157894736843
stacking_lr,external,342,0.5263157894736843
stacking_lr,external,343,0.7631578947368421
stacking_lr,external,344,0.7894736842105263
stacking_lr,external,345,0.7894736842105263
stacking_lr,external,346,0.4736842105263158
stacking_lr,external,347,0.7631578947368421
stacking_lr,external,348,0.42105263157894735
stacking_lr,external,349,0.736842105263158
stacking_lr,external,350,0.9473684210526315
stacking_lr,external,351,0.8157894736842106
stacking_lr,external,352,1.0
stacking_lr,external,353,0.7368421052631579
stacking_lr,external,354,0.6842105263157895
stacking_lr,external,355,0.7105263157894737
stacking_lr,external,356,0.8421052631578947
stacking_lr,external,357,0.4736842105263158
stacking_lr,external,358,0.6842105263157895
stacking_lr,external,359,0.5263157894736843
stacking_lr,external,360,1.0
stacking_lr,external,361,0.6842105263157895
stacking_lr,external,362,0.736842105263158
stacking_lr,external,363,0.9473684210526315
stacking_lr,external,364,1.0
stacking_lr,external,365,0.7631578947368421
stacking_lr,external,366,0.8421052631578947
stacking_lr,external,367,0.6842105263157895
stacking_lr,external,368,1.0
stacking_lr,external,369,0.8947368421052633
stacking_lr,external,370,0.6842105263157894
stacking_lr,external,371,0.7894736842105263
stacking_lr,external,372,0.5789473684210527
stacking_lr,external,373,0.8947368421052632
stacking_lr,external,374,0.9473684210526315
stacking_lr,external,375,0.7105263157894737
stacking_lr,external,376,0.7105263157894737
stacking_lr,external,377,0.7105263157894737
stacking_lr,external,378,0.736842105263158
stacking_lr,external,379,1.0
stacking_lr,external,380,0.26315789473684215
stacking_lr,external,381,1.0
stacking_lr,external,382,0.8157894736842105
stacking_lr,external,383,0.42105263157894735
stacking_lr,external,384,0.7631578947368421
stacking_lr,external,385,0.8421052631578947
stacking_lr,external,386,0.7631578947368421
stacking_lr,external,387,0.6842105263157895
stacking_lr,external,388,0.8947368421052632
stacking_lr,external,389,0.7105263157894737
stacking_lr,external,390,0.6315789473684211
stacking_lr,external,391,1.0
stacking_lr,external,392,0.6052631578947368
stacking_lr,external,393,0.7105263157894737
stacking_lr,external,394,0.7894736842105263
stacking_lr,external,395,1.0
stacking_lr,external,396,0.7631578947368421
stacking_lr,external,397,0.42105263157894735
stacking_lr,external,398,0.631578947368421
stacking_lr,external,399,0.7105263157894737
stacking_lr,external,400,0.6842105263157895
stacking_lr,external,401,0.6578947368421053
stacking_lr,external,402,1.0
stacking_lr,external,403,0.8947368421052632
stacking_lr,external,404,0.42105263157894735
stacking_lr,external,405,0.7894736842105263
stacking_lr,external,406,0.7105263157894737
stacking_lr,external,407,0.8421052631578947
stacking_lr,external,408,0.8947368421052632
stacking_lr,external,409,1.0
stacking_lr,external,410,0.736842105263158
stacking_lr,external,411,0.6842105263157895
stacking_lr,external,412,0.736842105263158
stacking_lr,external,413,0.7894736842105263
stacking_lr,external,414,0.42105263157894735
stacking_lr,external,415,0.8947368421052632
stacking_lr,external,416,0.7105263157894737
stacking_lr,external,417,0.6578947368421053
stacking_lr,external,418,0.5263157894736843
stacking_lr,external,419,0.7894736842105263
stacking_lr,external,420,0.7105263157894737
stacking_lr,external,421,0.7105263157894737
stacking_lr,external,422,0.6052631578947368
stacking_lr,external,423,0.3157894736842105
stacking_lr,external,424,0.42105263157894735
stacking_lr,external,425,0.5789473684210527
stacking_lr,external,426,0.736842105263158
stacking_lr,external,427,0.6315789473684211
stacking_lr,external,428,0.5263157894736843
stacking_lr,external,429,0.736842105263158
stacking_lr,external,430,0.631578947368421
stacking_lr,external,431,0.7631578947368421
stacking_lr,external,432,1.0
stacking_lr,external,433,0.8421052631578948
stacking_lr,external,434,0.6315789473684211
stacking_lr,external,435,0.7631578947368421
stacking_lr,external,436,0.6842105263157895
stacking_lr,external,437,1.0
stacking_lr,external,438,0.7631578947368421
stacking_lr,external,439,0.8157894736842105
stacking_lr,external,440,0.5789473684210527
stacking_lr,external,441,0.5789473684210527
stacking_lr,external,442,0.8157894736842106
stacking_lr,external,443,0.9473684210526316
stacking_lr,external,444,0.4736842105263158
stacking_lr,external,445,0.5263157894736843
stacking_lr,external,446,0.6315789473684211
stacking_lr,external,447,0.5263157894736843
stacking_lr,external,448,0.736842105263158
stacking_lr,external,449,0.9473684210526316
stacking_lr,external,450,0.7894736842105263
stacking_lr,external,451,0.736842105263158
stacking_lr,external,452,0.7631578947368421
stacking_lr,external,453,0.42105263157894735
stacking_lr,external,454,0.7631578947368421
stacking_lr,external,455,0.6315789473684211
stacking_lr,external,456,0.7368421052631579
stacking_lr,external,457,0.8157894736842106
stacking_lr,external,458,0.5789473684210527
stacking_lr,external,459,0.736842105263158
stacking_lr,external,460,0.6842105263157895
stacking_lr,external,461,0.7105263157894737
stacking_lr,external,462,0.6842105263157895
stacking_lr,external,463,0.9473684210526315
stacking_lr,external,464,0.9473684210526316
stacking_lr,external,465,0.6842105263157895
stacking_lr,external,466,0.8157894736842105
stacking_lr,external,467,0.5789473684210527
stacking_lr,external,468,0.9473684210526316
stacking_lr,external,469,0.8947368421052633
stacking_lr,external,470,0.5789473684210527
stacking_lr,external,471,0.9473684210526316
stacking_lr,external,472,0.6578947368421053
stacking_lr,external,473,0.8157894736842105
stacking_lr,external,474,0.7105263157894737
stacking_lr,external,475,0.6578947368421053
stacking_lr,external,476,0.8157894736842105
stacking_lr,external,477,0.5789473684210527
stacking_lr,external,478,0.6578947368421053
stacking_lr,external,479,0.5789473684210527
stacking_lr,external,480,0.868421052631579
stacking_lr,external,481,0.631578947368421
stacking_lr,external,482,0.6315789473684211
stacking_lr,external,483,0.42105263157894735
stacking_lr,external,484,0.21052631578947367
stacking_lr,external,485,1.0
stacking_lr,external,486,0.7631578947368421
stacking_lr,external,487,0.6842105263157895
stacking_lr,external,488,0.9473684210526316
stacking_lr,external,489,0.6842105263157895
stacking_lr,external,490,0.6842105263157895
stacking_lr,external,491,0.5263157894736843
stacking_lr,external,492,0.5789473684210527
stacking_lr,external,493,0.4736842105263158
stacking_lr,external,494,0.736842105263158
stacking_lr,external,495,0.8421052631578948
stacking_lr,external,496,0.9473684210526316
stacking_lr,external,497,0.7894736842105263
stacking_lr,external,498,0.736842105263158
stacking_lr,external,499,0.736842105263158
stacking_lr,external,500,0.7105263157894737
stacking_lr,external,501,0.7368421052631579
stacking_lr,external,502,0.26315789473684215
stacking_lr,external,503,0.7631578947368421
stacking_lr,external,504,0.7894736842105263
stacking_lr,external,505,0.9473684210526316
stacking_lr,external,506,0.26315789473684215
stacking_lr,external,507,0.5789473684210527
stacking_lr,external,508,0.736842105263158
stacking_lr,external,509,0.4736842105263158
stacking_lr,external,510,0.7631578947368421
stacking_lr,external,511,0.5789473684210527
stacking_lr,external,512,0.6842105263157895
stacking_lr,external,513,0.8157894736842105
stacking_lr,external,514,0.7368421052631579
stacking_lr,external,515,0.7631578947368421
stacking_lr,external,516,0.5263157894736843
stacking_lr,external,517,0.631578947368421
stacking_lr,external,518,0.6052631578947368
stacking_lr,external,519,0.6842105263157895
stacking_lr,external,520,0.736842105263158
stacking_lr,external,521,0.631578947368421
stacking_lr,external,522,0.8947368421052632
stacking_lr,external,523,0.3157894736842105
stacking_lr,external,524,0.8947368421052632
stacking_lr,external,525,0.631578947368421
stacking_lr,external,526,0.4736842105263158
stacking_lr,external,527,0.6315789473684211
stacking_lr,external,528,0.6842105263157895
stacking_lr,external,529,1.0
stacking_lr,external,530,1.0
stacking_lr,external,531,0.9473684210526315
stacking_lr,external,532,0.368421052631579
stacking_lr,external,533,0.5789473684210527
stacking_lr,external,534,0.9473684210526316
stacking_lr,external,535,0.4736842105263158
stacking_lr,external,536,0.6578947368421053
stacking_lr,external,537,0.6578947368421053
stacking_lr,external,538,0.7631578947368421
stacking_lr,external,539,0.6842105263157895
stacking_lr,external,540,0.631578947368421
stacking_lr,external,541,0.8947368421052632
stacking_lr,external,542,0.7105263157894737
stacking_lr,external,543,0.7631578947368421
stacking_lr,external,544,1.0
stacking_lr,external,545,0.8157894736842105
stacking_lr,external,546,0.3157894736842105
stacking_lr,external,547,0.5789473684210527
stacking_lr,external,548,0.8157894736842105
stacking_lr,external,549,0.6842105263157895
stacking_lr,external,550,0.7894736842105263
stacking_lr,external,551,0.5789473684210527
stacking_lr,external,552,0.9473684210526316
stacking_lr,external,553,0.6052631578947368
stacking_lr,external,554,1.0
stacking_lr,external,555,0.6052631578947368
stacking_lr,external,556,0.5263157894736843
stacking_lr,external,557,1.0
stacking_lr,external,558,0.42105263157894735
stacking_lr,external,559,0.6842105263157895
stacking_lr,external,560,0.7105263157894737
stacking_lr,external,561,0.736842105263158
stacking_lr,external,562,0.7894736842105263
stacking_lr,external,563,0.7894736842105263
stacking_lr,external,564,0.5526315789473685
stacking_lr,external,565,1.0
stacking_lr,external,566,0.5789473684210527
stacking_lr,external,567,0.9473684210526315
stacking_lr,external,568,0.4736842105263158
stacking_lr,external,569,0.7368421052631579
stacking_lr,external,570,0.6578947368421053
stacking_lr,external,571,0.9473684210526315
stacking_lr,external,572,0.7105263157894737
stacking_lr,external,573,0.6842105263157895
stacking_lr,external,574,0.3157894736842105
stacking_lr,external,575,0.8947368421052632
stacking_lr,external,576,0.7894736842105263
stacking_lr,external,577,0.9473684210526316
stacking_lr,external,578,0.7105263157894737
stacking_lr,external,579,0.763157894736842
stacking_lr,external,580,0.7105263157894737
stacking_lr,external,581,0.7105263157894737
stacking_lr,external,582,0.7105263157894737
stacking_lr,external,583,0.8947368421052632
stacking_lr,external,584,0.42105263157894735
stacking_lr,external,585,0.6842105263157895
stacking_lr,external,586,0.6842105263157895
stacking_lr,external,587,0.5789473684210527
stacking_lr,external,588,0.5263157894736843
stacking_lr,external,589,0.6842105263157895
stacking_lr,external,590,0.7631578947368421
stacking_lr,external,591,0.6052631578947368
stacking_lr,external,592,0.6052631578947368
stacking_lr,external,593,1.0
stacking_lr,external,594,0.5789473684210527
stacking_lr,external,595,0.736842105263158
stacking_lr,external,596,1.0
stacking_lr,external,597,0.736842105263158
stacking_lr,external,598,0.7631578947368421
stacking_lr,external,599,0.6315789473684211
stacking_lr,external,600,0.8947368421052632
stacking_lr,external,601,0.7105263157894737
stacking_lr,external,602,0.7105263157894737
stacking_lr,external,603,0.4736842105263158
stacking_lr,external,604,0.6578947368421053
stacking_lr,external,605,1.0
stacking_lr,external,606,0.42105263157894735
stacking_lr,external,607,0.7368421052631579
stacking_lr,external,608,0.5789473684210527
stacking_lr,external,609,0.736842105263158
stacking_lr,external,610,0.5263157894736843
stacking_lr,external,611,0.8157894736842105
stacking_lr,external,612,1.0
stacking_lr,external,613,0.4736842105263158
stacking_lr,external,614,0.7631578947368421
stacking_lr,external,615,0.6315789473684211
stacking_lr,external,616,0.736842105263158
stacking_lr,external,617,0.6052631578947368
stacking_lr,external,618,0.9473684210526315
stacking_lr,external,619,0.6842105263157894
stacking_lr,external,620,0.7894736842105263
stacking_lr,external,621,0.5263157894736843
stacking_lr,external,622,0.7368421052631579
stacking_lr,external,623,0.6842105263157895
stacking_lr,external,624,0.9473684210526315
stacking_lr,external,625,0.7631578947368421
stacking_lr,external,626,0.6842105263157895
stacking_lr,external,627,0.7105263157894737
stacking_lr,external,628,0.5789473684210527
stacking_lr,external,629,0.3157894736842105
stacking_lr,external,630,0.5263157894736843
stacking_lr,external,631,0.9473684210526315
stacking_lr,external,632,0.6052631578947368
stacking_lr,external,633,0.6842105263157895
stacking_lr,external,634,0.736842105263158
stacking_lr,external,635,0.4736842105263158
stacking_lr,external,636,0.8157894736842105
stacking_lr,external,637,0.7105263157894738
stacking_lr,external,638,0.5263157894736843
stacking_lr,external,639,0.6842105263157895
stacking_lr,external,640,0.9473684210526316
stacking_lr,external,641,0.4736842105263158
stacking_lr,external,642,0.736842105263158
stacking_lr,external,643,0.6052631578947368
stacking_lr,external,644,0.7631578947368421
stacking_lr,external,645,0.5789473684210527
stacking_lr,external,646,0.7105263157894737
stacking_lr,external,647,0.9473684210526316
stacking_lr,external,648,0.7105263157894737
stacking_lr,external,649,0.7894736842105263
stacking_lr,external,650,1.0
stacking_lr,external,651,0.6842105263157895
stacking_lr,external,652,0.8947368421052632
stacking_lr,external,653,0.894736842105263
stacking_lr,external,654,1.0
stacking_lr,external,655,0.6842105263157895
stacking_lr,external,656,0.5789473684210527
stacking_lr,external,657,0.6315789473684211
stacking_lr,external,658,0.368421052631579
stacking_lr,external,659,0.7894736842105263
stacking_lr,external,660,0.7631578947368421
stacking_lr,external,661,0.631578947368421
stacking_lr,external,662,0.6842105263157895
stacking_lr,external,663,0.9473684210526316
stacking_lr,external,664,0.6315789473684211
stacking_lr,external,665,0.8157894736842105
stacking_lr,external,666,0.868421052631579
stacking_lr,external,667,0.42105263157894735
stacking_lr,external,668,0.7105263157894737
stacking_lr,external,669,0.42105263157894735
stacking_lr,external,670,0.7631578947368421
stacking_lr,external,671,0.8947368421052632
stacking_lr,external,672,0.8947368421052633
stacking_lr,external,673,0.6578947368421053
stacking_lr,external,674,0.42105263157894735
stacking_lr,external,675,0.763157894736842
stacking_lr,external,676,0.9473684210526315
stacking_lr,external,677,0.6578947368421052
stacking_lr,external,678,0.368421052631579
stacking_lr,external,679,0.7105263157894738
stacking_lr,external,680,0.9473684210526315
stacking_lr,external,681,1.0
stacking_lr,external,682,0.7894736842105263
stacking_lr,external,683,0.8157894736842105
stacking_lr,external,684,0.8947368421052632
stacking_lr,external,685,0.736842105263158
stacking_lr,external,686,0.4736842105263158
stacking_lr,external,687,1.0
stacking_lr,external,688,0.6842105263157895
stacking_lr,external,689,0.42105263157894735
stacking_lr,external,690,0.6578947368421053
stacking_lr,external,691,0.7894736842105263
stacking_lr,external,692,0.5526315789473684
stacking_lr,external,693,0.42105263157894735
stacking_lr,external,694,0.7105263157894737
stacking_lr,external,695,0.5263157894736843
stacking_lr,external,696,0.7631578947368421
stacking_lr,external,697,0.9473684210526315
stacking_lr,external,698,0.5263157894736843
stacking_lr,external,699,0.9473684210526316
stacking_lr,external,700,0.8947368421052633
stacking_lr,external,701,1.0
stacking_lr,external,702,0.8157894736842105
stacking_lr,external,703,0.7631578947368421
stacking_lr,external,704,0.6578947368421053
stacking_lr,external,705,0.7894736842105263
stacking_lr,external,706,1.0
stacking_lr,external,707,0.8947368421052632
stacking_lr,external,708,0.7894736842105263
stacking_lr,external,709,0.8421052631578948
stacking_lr,external,710,0.6842105263157895
stacking_lr,external,711,0.7894736842105263
stacking_lr,external,712,0.6578947368421052
stacking_lr,external,713,0.5263157894736843
stacking_lr,external,714,0.6842105263157895
stacking_lr,external,715,0.7105263157894737
stacking_lr,external,716,0.5789473684210527
stacking_lr,external,717,0.6578947368421053
stacking_lr,external,718,0.7105263157894737
stacking_lr,external,719,0.736842105263158
stacking_lr,external,720,1.0
stacking_lr,external,721,0.8421052631578947
stacking_lr,external,722,0.7894736842105263
stacking_lr,external,723,0.8947368421052633
stacking_lr,external,724,0.7105263157894737
stacking_lr,external,725,0.763157894736842
stacking_lr,external,726,0.7105263157894737
stacking_lr,external,727,0.6842105263157895
stacking_lr,external,728,0.8947368421052632
stacking_lr,external,729,0.7105263157894737
stacking_lr,external,730,0.42105263157894735
stacking_lr,external,731,0.8947368421052632
stacking_lr,external,732,0.7631578947368421
stacking_lr,external,733,0.7631578947368421
stacking_lr,external,734,1.0
stacking_lr,external,735,0.42105263157894735
stacking_lr,external,736,0.6578947368421053
stacking_lr,external,737,0.4736842105263158
stacking_lr,external,738,0.368421052631579
stacking_lr,external,739,0.7105263157894737
stacking_lr,external,740,0.736842105263158
stacking_lr,external,741,1.0
stacking_lr,external,742,0.8157894736842106
stacking_lr,external,743,0.5263157894736843
stacking_lr,external,744,0.8157894736842105
stacking_lr,external,745,0.6315789473684211
stacking_lr,external,746,0.6052631578947368
stacking_lr,external,747,0.6842105263157895
stacking_lr,external,748,0.7105263157894737
stacking_lr,external,749,0.7631578947368421
stacking_lr,external,750,0.368421052631579
stacking_lr,external,751,0.8157894736842105
stacking_lr,external,752,0.631578947368421
stacking_lr,external,753,0.7105263157894737
stacking_lr,external,754,0.4736842105263158
stacking_lr,external,755,0.6052631578947368
stacking_lr,external,756,0.3157894736842105
stacking_lr,external,757,0.5263157894736843
stacking_lr,external,758,0.6578947368421053
stacking_lr,external,759,0.9473684210526316
stacking_lr,external,760,0.368421052631579
stacking_lr,external,761,0.6578947368421053
stacking_lr,external,762,0.7631578947368421
stacking_lr,external,763,0.6315789473684211
stacking_lr,external,764,0.736842105263158
stacking_lr,external,765,0.605263157894737
stacking_lr,external,766,1.0
stacking_lr,external,767,0.7105263157894737
stacking_lr,external,768,0.6842105263157895
stacking_lr,external,769,0.368421052631579
stacking_lr,external,770,1.0
stacking_lr,external,771,0.26315789473684215
stacking_lr,external,772,0.6578947368421053
stacking_lr,external,773,1.0
stacking_lr,external,774,0.5789473684210527
stacking_lr,external,775,0.8421052631578948
stacking_lr,external,776,0.763157894736842
stacking_lr,external,777,0.7631578947368421
stacking_lr,external,778,0.42105263157894735
stacking_lr,external,779,0.9473684210526315
stacking_lr,external,780,0.6578947368421053
stacking_lr,external,781,0.6842105263157895
stacking_lr,external,782,0.42105263157894735
stacking_lr,external,783,0.4736842105263158
stacking_lr,external,784,0.7631578947368421
stacking_lr,external,785,0.9473684210526316
stacking_lr,external,786,0.4736842105263158
stacking_lr,external,787,0.631578947368421
stacking_lr,external,788,0.7105263157894737
stacking_lr,external,789,0.631578947368421
stacking_lr,external,790,0.6578947368421053
stacking_lr,external,791,0.7105263157894737
stacking_lr,external,792,0.5263157894736843
stacking_lr,external,793,1.0
stacking_lr,external,794,0.6578947368421053
stacking_lr,external,795,0.5263157894736843
stacking_lr,external,796,0.26315789473684215
stacking_lr,external,797,0.7631578947368421
stacking_lr,external,798,0.9473684210526316
stacking_lr,external,799,1.0
stacking_lr,external,800,0.368421052631579
stacking_lr,external,801,0.5263157894736843
stacking_lr,external,802,0.8947368421052633
stacking_lr,external,803,0.7631578947368421
stacking_lr,external,804,1.0
stacking_lr,external,805,0.6842105263157895
stacking_lr,external,806,0.6052631578947368
stacking_lr,external,807,1.0
stacking_lr,external,808,0.6578947368421053
stacking_lr,external,809,0.8421052631578948
stacking_lr,external,810,0.8947368421052632
stacking_lr,external,811,0.3157894736842105
stacking_lr,external,812,0.42105263157894735
stacking_lr,external,813,0.8947368421052633
stacking_lr,external,814,0.7631578947368421
stacking_lr,external,815,0.6842105263157895
stacking_lr,external,816,0.6578947368421053
stacking_lr,external,817,0.9473684210526315
stacking_lr,external,818,0.7368421052631579
stacking_lr,external,819,0.4736842105263158
stacking_lr,external,820,0.5789473684210527
stacking_lr,external,821,0.9473684210526315
stacking_lr,external,822,0.9473684210526316
stacking_lr,external,823,0.5789473684210527
stacking_lr,external,824,0.7894736842105263
stacking_lr,external,825,0.631578947368421
stacking_lr,external,826,0.5263157894736843
stacking_lr,external,827,0.736842105263158
stacking_lr,external,828,0.368421052631579
stacking_lr,external,829,0.8157894736842105
stacking_lr,external,830,0.5263157894736843
stacking_lr,external,831,0.7105263157894737
stacking_lr,external,832,1.0
stacking_lr,external,833,0.8947368421052632
stacking_lr,external,834,0.368421052631579
stacking_lr,external,835,0.9473684210526316
stacking_lr,external,836,0.5263157894736843
stacking_lr,external,837,0.7105263157894737
stacking_lr,external,838,0.6578947368421053
stacking_lr,external,839,0.3157894736842105
stacking_lr,external,840,0.42105263157894735
stacking_lr,external,841,0.6578947368421053
stacking_lr,external,842,0.631578947368421
stacking_lr,external,843,0.736842105263158
stacking_lr,external,844,0.9473684210526315
stacking_lr,external,845,0.3157894736842105
stacking_lr,external,846,0.7105263157894737
stacking_lr,external,847,0.5789473684210527
stacking_lr,external,848,0.736842105263158
stacking_lr,external,849,0.7631578947368421
stacking_lr,external,850,1.0
stacking_lr,external,851,0.5789473684210527
stacking_lr,external,852,1.0
stacking_lr,external,853,0.8947368421052632
stacking_lr,external,854,0.6315789473684211
stacking_lr,external,855,0.7894736842105263
stacking_lr,external,856,0.42105263157894735
stacking_lr,external,857,0.7894736842105263
stacking_lr,external,858,1.0
stacking_lr,external,859,0.7631578947368421
stacking_lr,external,860,0.5263157894736843
stacking_lr,external,861,0.7105263157894737
stacking_lr,external,862,0.5789473684210527
stacking_lr,external,863,0.7894736842105263
stacking_lr,external,864,0.8157894736842105
stacking_lr,external,865,0.7105263157894737
stacking_lr,external,866,0.6842105263157895
stacking_lr,external,867,0.9473684210526315
stacking_lr,external,868,0.631578947368421
stacking_lr,external,869,0.5263157894736843
stacking_lr,external,870,0.42105263157894735
stacking_lr,external,871,0.8421052631578948
stacking_lr,external,872,0.8421052631578947
stacking_lr,external,873,1.0
stacking_lr,external,874,1.0
stacking_lr,external,875,0.9473684210526316
stacking_lr,external,876,0.7631578947368421
stacking_lr,external,877,0.7105263157894737
stacking_lr,external,878,0.8421052631578948
stacking_lr,external,879,0.6842105263157895
stacking_lr,external,880,1.0
stacking_lr,external,881,0.9473684210526316
stacking_lr,external,882,0.6315789473684211
stacking_lr,external,883,0.6842105263157895
stacking_lr,external,884,0.5263157894736843
stacking_lr,external,885,0.9473684210526315
stacking_lr,external,886,0.5789473684210527
stacking_lr,external,887,0.736842105263158
stacking_lr,external,888,0.8421052631578947
stacking_lr,external,889,0.5263157894736843
stacking_lr,external,890,0.6052631578947368
stacking_lr,external,891,0.7631578947368421
stacking_lr,external,892,0.3157894736842105
stacking_lr,external,893,1.0
stacking_lr,external,894,0.9473684210526316
stacking_lr,external,895,0.8947368421052632
stacking_lr,external,896,0.7894736842105263
stacking_lr,external,897,0.6578947368421052
stacking_lr,external,898,0.9473684210526316
stacking_lr,external,899,0.7631578947368421
stacking_lr,external,900,0.5263157894736843
stacking_lr,external,901,0.6842105263157895
stacking_lr,external,902,0.7105263157894737
stacking_lr,external,903,0.8157894736842105
stacking_lr,external,904,0.7105263157894737
stacking_lr,external,905,0.5789473684210527
stacking_lr,external,906,0.368421052631579
stacking_lr,external,907,0.9473684210526315
stacking_lr,external,908,1.0
stacking_lr,external,909,1.0
stacking_lr,external,910,0.6842105263157895
stacking_lr,external,911,0.736842105263158
stacking_lr,external,912,0.9473684210526316
stacking_lr,external,913,0.368421052631579
stacking_lr,external,914,0.5
stacking_lr,external,915,0.736842105263158
stacking_lr,external,916,0.9473684210526316
stacking_lr,external,917,0.42105263157894735
stacking_lr,external,918,0.3157894736842105
stacking_lr,external,919,0.5789473684210527
stacking_lr,external,920,0.7105263157894737
stacking_lr,external,921,0.7894736842105263
stacking_lr,external,922,0.7105263157894737
stacking_lr,external,923,0.6842105263157895
stacking_lr,external,924,1.0
stacking_lr,external,925,0.9473684210526315
stacking_lr,external,926,0.736842105263158
stacking_lr,external,927,0.7368421052631579
stacking_lr,external,928,0.7105263157894737
stacking_lr,external,929,0.7631578947368421
stacking_lr,external,930,0.6578947368421053
stacking_lr,external,931,0.7631578947368421
stacking_lr,external,932,0.6052631578947368
stacking_lr,external,933,0.7105263157894737
stacking_lr,external,934,0.7105263157894737
stacking_lr,external,935,0.6842105263157895
stacking_lr,external,936,0.7631578947368421
stacking_lr,external,937,0.7631578947368421
stacking_lr,external,938,0.26315789473684215
stacking_lr,external,939,0.5789473684210527
stacking_lr,external,940,0.8947368421052632
stacking_lr,external,941,0.7631578947368421
stacking_lr,external,942,0.8947368421052632
stacking_lr,external,943,0.6578947368421053
stacking_lr,external,944,0.7894736842105263
stacking_lr,external,945,0.42105263157894735
stacking_lr,external,946,0.26315789473684215
stacking_lr,external,947,0.5789473684210527
stacking_lr,external,948,0.42105263157894735
stacking_lr,external,949,0.631578947368421
stacking_lr,external,950,0.4736842105263158
stacking_lr,external,951,0.736842105263158
stacking_lr,external,952,0.9473684210526316
stacking_lr,external,953,0.6842105263157895
stacking_lr,external,954,0.6578947368421053
stacking_lr,external,955,0.8947368421052632
stacking_lr,external,956,0.7631578947368421
stacking_lr,external,957,0.8157894736842105
stacking_lr,external,958,0.7368421052631579
stacking_lr,external,959,0.6052631578947368
stacking_lr,external,960,1.0
stacking_lr,external,961,0.631578947368421
stacking_lr,external,962,0.6315789473684211
stacking_lr,external,963,0.368421052631579
stacking_lr,external,964,0.631578947368421
stacking_lr,external,965,0.7631578947368421
stacking_lr,external,966,0.8157894736842105
stacking_lr,external,967,0.7105263157894737
stacking_lr,external,968,0.7631578947368421
stacking_lr,external,969,0.7105263157894737
stacking_lr,external,970,0.42105263157894735
stacking_lr,external,971,0.9473684210526315
stacking_lr,external,972,0.7894736842105263
stacking_lr,external,973,0.6578947368421053
stacking_lr,external,974,0.368421052631579
stacking_lr,external,975,0.368421052631579
stacking_lr,external,976,0.7105263157894737
stacking_lr,external,977,0.6578947368421053
stacking_lr,external,978,0.9473684210526315
stacking_lr,external,979,0.8157894736842105
stacking_lr,external,980,0.6578947368421053
stacking_lr,external,981,0.631578947368421
stacking_lr,external,982,0.368421052631579
stacking_lr,external,983,0.736842105263158
stacking_lr,external,984,0.8157894736842105
stacking_lr,external,985,1.0
stacking_lr,external,986,0.42105263157894735
stacking_lr,external,987,0.42105263157894735
stacking_lr,external,988,0.9473684210526315
stacking_lr,external,989,0.9473684210526316
stacking_lr,external,990,0.42105263157894735
stacking_lr,external,991,0.8421052631578948
stacking_lr,external,992,0.6842105263157895
stacking_lr,external,993,1.0
stacking_lr,external,994,0.5789473684210527
stacking_lr,external,995,1.0
stacking_lr,external,996,0.6842105263157895
stacking_lr,external,997,0.9473684210526316
stacking_lr,external,998,1.0
stacking_lr,external,999,1.0
stacking_lr,external,1000,0.368421052631579
balanced_stacking_lr,external,1,0.6842105263157895
balanced_stacking_lr,external,2,0.4736842105263158
balanced_stacking_lr,external,3,0.631578947368421
balanced_stacking_lr,external,4,0.9473684210526315
balanced_stacking_lr,external,5,0.6052631578947368
balanced_stacking_lr,external,6,0.8947368421052632
balanced_stacking_lr,external,7,0.7631578947368421
balanced_stacking_lr,external,8,0.5263157894736843
balanced_stacking_lr,external,9,0.6578947368421053
balanced_stacking_lr,external,10,0.6842105263157895
balanced_stacking_lr,external,11,0.42105263157894735
balanced_stacking_lr,external,12,0.736842105263158
balanced_stacking_lr,external,13,0.9473684210526316
balanced_stacking_lr,external,14,0.736842105263158
balanced_stacking_lr,external,15,1.0
balanced_stacking_lr,external,16,0.6052631578947368
balanced_stacking_lr,external,17,1.0
balanced_stacking_lr,external,18,0.9473684210526315
balanced_stacking_lr,external,19,0.6578947368421052
balanced_stacking_lr,external,20,0.8157894736842106
balanced_stacking_lr,external,21,0.4736842105263158
balanced_stacking_lr,external,22,0.7894736842105263
balanced_stacking_lr,external,23,0.9473684210526316
balanced_stacking_lr,external,24,0.8421052631578948
balanced_stacking_lr,external,25,0.6842105263157895
balanced_stacking_lr,external,26,0.6052631578947368
balanced_stacking_lr,external,27,0.631578947368421
balanced_stacking_lr,external,28,1.0
balanced_stacking_lr,external,29,0.736842105263158
balanced_stacking_lr,external,30,0.26315789473684215
balanced_stacking_lr,external,31,0.3157894736842105
balanced_stacking_lr,external,32,0.42105263157894735
balanced_stacking_lr,external,33,0.8947368421052632
balanced_stacking_lr,external,34,0.5789473684210527
balanced_stacking_lr,external,35,0.9999999999999999
balanced_stacking_lr,external,36,0.5789473684210527
balanced_stacking_lr,external,37,0.631578947368421
balanced_stacking_lr,external,38,0.7631578947368421
balanced_stacking_lr,external,39,0.736842105263158
balanced_stacking_lr,external,40,0.42105263157894735
balanced_stacking_lr,external,41,0.7105263157894737
balanced_stacking_lr,external,42,0.7631578947368421
balanced_stacking_lr,external,43,0.5789473684210527
balanced_stacking_lr,external,44,0.368421052631579
balanced_stacking_lr,external,45,0.9473684210526316
balanced_stacking_lr,external,46,0.8947368421052632
balanced_stacking_lr,external,47,0.7105263157894737
balanced_stacking_lr,external,48,0.6578947368421053
balanced_stacking_lr,external,49,0.5263157894736843
balanced_stacking_lr,external,50,0.26315789473684215
balanced_stacking_lr,external,51,0.7631578947368421
balanced_stacking_lr,external,52,1.0
balanced_stacking_lr,external,53,1.0
balanced_stacking_lr,external,54,1.0
balanced_stacking_lr,external,55,0.5789473684210527
balanced_stacking_lr,external,56,0.368421052631579
balanced_stacking_lr,external,57,0.3157894736842105
balanced_stacking_lr,external,58,0.6052631578947368
balanced_stacking_lr,external,59,0.5263157894736843
balanced_stacking_lr,external,60,0.5263157894736843
balanced_stacking_lr,external,61,1.0
balanced_stacking_lr,external,62,0.7894736842105263
balanced_stacking_lr,external,63,0.9473684210526316
balanced_stacking_lr,external,64,0.7894736842105263
balanced_stacking_lr,external,65,0.6052631578947368
balanced_stacking_lr,external,66,0.8947368421052632
balanced_stacking_lr,external,67,0.6052631578947368
balanced_stacking_lr,external,68,0.6052631578947368
balanced_stacking_lr,external,69,0.3157894736842105
balanced_stacking_lr,external,70,0.368421052631579
balanced_stacking_lr,external,71,0.42105263157894735
balanced_stacking_lr,external,72,0.6315789473684211
balanced_stacking_lr,external,73,0.6842105263157895
balanced_stacking_lr,external,74,0.7105263157894737
balanced_stacking_lr,external,75,0.6052631578947368
balanced_stacking_lr,external,76,0.631578947368421
balanced_stacking_lr,external,77,0.4736842105263158
balanced_stacking_lr,external,78,0.4736842105263158
balanced_stacking_lr,external,79,1.0
balanced_stacking_lr,external,80,0.9473684210526315
balanced_stacking_lr,external,81,0.8157894736842105
balanced_stacking_lr,external,82,0.8947368421052632
balanced_stacking_lr,external,83,0.4736842105263158
balanced_stacking_lr,external,84,0.7105263157894737
balanced_stacking_lr,external,85,0.21052631578947367
balanced_stacking_lr,external,86,0.736842105263158
balanced_stacking_lr,external,87,0.5263157894736843
balanced_stacking_lr,external,88,0.631578947368421
balanced_stacking_lr,external,89,0.42105263157894735
balanced_stacking_lr,external,90,0.631578947368421
balanced_stacking_lr,external,91,0.7894736842105263
balanced_stacking_lr,external,92,0.7105263157894737
balanced_stacking_lr,external,93,0.42105263157894735
balanced_stacking_lr,external,94,0.631578947368421
balanced_stacking_lr,external,95,0.7105263157894737
balanced_stacking_lr,external,96,0.7105263157894737
balanced_stacking_lr,external,97,0.631578947368421
balanced_stacking_lr,external,98,0.7368421052631579
balanced_stacking_lr,external,99,0.9473684210526316
balanced_stacking_lr,external,100,0.4736842105263158
balanced_stacking_lr,external,101,0.8421052631578947
balanced_stacking_lr,external,102,0.763157894736842
balanced_stacking_lr,external,103,0.6842105263157895
balanced_stacking_lr,external,104,0.6052631578947368
balanced_stacking_lr,external,105,0.7631578947368421
balanced_stacking_lr,external,106,0.8947368421052632
balanced_stacking_lr,external,107,0.9473684210526316
balanced_stacking_lr,external,108,0.7368421052631579
balanced_stacking_lr,external,109,0.42105263157894735
balanced_stacking_lr,external,110,0.6842105263157895
balanced_stacking_lr,external,111,0.368421052631579
balanced_stacking_lr,external,112,0.7105263157894737
balanced_stacking_lr,external,113,1.0
balanced_stacking_lr,external,114,0.7631578947368421
balanced_stacking_lr,external,115,0.7368421052631579
balanced_stacking_lr,external,116,0.6052631578947368
balanced_stacking_lr,external,117,0.5789473684210527
balanced_stacking_lr,external,118,0.6842105263157895
balanced_stacking_lr,external,119,0.631578947368421
balanced_stacking_lr,external,120,0.736842105263158
balanced_stacking_lr,external,121,0.6315789473684211
balanced_stacking_lr,external,122,0.736842105263158
balanced_stacking_lr,external,123,0.42105263157894735
balanced_stacking_lr,external,124,0.6842105263157895
balanced_stacking_lr,external,125,0.736842105263158
balanced_stacking_lr,external,126,0.7105263157894737
balanced_stacking_lr,external,127,0.9473684210526316
balanced_stacking_lr,external,128,0.6052631578947368
balanced_stacking_lr,external,129,0.7368421052631579
balanced_stacking_lr,external,130,0.4736842105263158
balanced_stacking_lr,external,131,0.736842105263158
balanced_stacking_lr,external,132,0.8157894736842105
balanced_stacking_lr,external,133,0.6052631578947368
balanced_stacking_lr,external,134,0.6842105263157895
balanced_stacking_lr,external,135,0.4736842105263158
balanced_stacking_lr,external,136,1.0
balanced_stacking_lr,external,137,1.0
balanced_stacking_lr,external,138,0.5526315789473684
balanced_stacking_lr,external,139,0.6842105263157895
balanced_stacking_lr,external,140,1.0
balanced_stacking_lr,external,141,0.7105263157894737
balanced_stacking_lr,external,142,0.7631578947368421
balanced_stacking_lr,external,143,0.8947368421052632
balanced_stacking_lr,external,144,0.4736842105263158
balanced_stacking_lr,external,145,0.7105263157894737
balanced_stacking_lr,external,146,0.5263157894736843
balanced_stacking_lr,external,147,0.631578947368421
balanced_stacking_lr,external,148,0.7105263157894737
balanced_stacking_lr,external,149,0.736842105263158
balanced_stacking_lr,external,150,0.5263157894736843
balanced_stacking_lr,external,151,0.736842105263158
balanced_stacking_lr,external,152,1.0
balanced_stacking_lr,external,153,0.5263157894736843
balanced_stacking_lr,external,154,0.736842105263158
balanced_stacking_lr,external,155,0.8947368421052632
balanced_stacking_lr,external,156,0.6842105263157895
balanced_stacking_lr,external,157,1.0
balanced_stacking_lr,external,158,0.9473684210526316
balanced_stacking_lr,external,159,0.6052631578947368
balanced_stacking_lr,external,160,0.7105263157894737
balanced_stacking_lr,external,161,0.8947368421052632
balanced_stacking_lr,external,162,0.4736842105263158
balanced_stacking_lr,external,163,0.9473684210526316
balanced_stacking_lr,external,164,0.5526315789473685
balanced_stacking_lr,external,165,0.9473684210526315
balanced_stacking_lr,external,166,1.0
balanced_stacking_lr,external,167,0.42105263157894735
balanced_stacking_lr,external,168,0.5789473684210527
balanced_stacking_lr,external,169,0.7105263157894737
balanced_stacking_lr,external,170,0.9473684210526316
balanced_stacking_lr,external,171,0.7894736842105263
balanced_stacking_lr,external,172,1.0
balanced_stacking_lr,external,173,0.9473684210526316
balanced_stacking_lr,external,174,0.6842105263157896
balanced_stacking_lr,external,175,0.8421052631578947
balanced_stacking_lr,external,176,0.6842105263157895
balanced_stacking_lr,external,177,0.7631578947368421
balanced_stacking_lr,external,178,0.5789473684210527
balanced_stacking_lr,external,179,0.7105263157894737
balanced_stacking_lr,external,180,0.7368421052631579
balanced_stacking_lr,external,181,0.7894736842105263
balanced_stacking_lr,external,182,0.7105263157894737
balanced_stacking_lr,external,183,0.736842105263158
balanced_stacking_lr,external,184,0.7894736842105263
balanced_stacking_lr,external,185,0.7105263157894737
balanced_stacking_lr,external,186,0.42105263157894735
balanced_stacking_lr,external,187,0.7631578947368421
balanced_stacking_lr,external,188,0.7631578947368421
balanced_stacking_lr,external,189,0.42105263157894735
balanced_stacking_lr,external,190,0.5789473684210527
balanced_stacking_lr,external,191,0.7105263157894737
balanced_stacking_lr,external,192,0.6578947368421053
balanced_stacking_lr,external,193,0.3157894736842105
balanced_stacking_lr,external,194,0.7894736842105263
balanced_stacking_lr,external,195,0.42105263157894735
balanced_stacking_lr,external,196,0.6842105263157895
balanced_stacking_lr,external,197,0.8947368421052633
balanced_stacking_lr,external,198,0.7894736842105263
balanced_stacking_lr,external,199,0.4736842105263158
balanced_stacking_lr,external,200,0.868421052631579
balanced_stacking_lr,external,201,1.0
balanced_stacking_lr,external,202,0.7368421052631579
balanced_stacking_lr,external,203,0.7368421052631579
balanced_stacking_lr,external,204,0.4736842105263158
balanced_stacking_lr,external,205,0.9473684210526316
balanced_stacking_lr,external,206,0.5263157894736843
balanced_stacking_lr,external,207,0.7105263157894737
balanced_stacking_lr,external,208,0.9473684210526316
balanced_stacking_lr,external,209,0.9473684210526316
balanced_stacking_lr,external,210,0.3157894736842105
balanced_stacking_lr,external,211,0.894736842105263
balanced_stacking_lr,external,212,0.6578947368421053
balanced_stacking_lr,external,213,0.7368421052631579
balanced_stacking_lr,external,214,0.4736842105263158
balanced_stacking_lr,external,215,0.7105263157894737
balanced_stacking_lr,external,216,0.8421052631578948
balanced_stacking_lr,external,217,0.8157894736842105
balanced_stacking_lr,external,218,0.6842105263157895
balanced_stacking_lr,external,219,0.6052631578947368
balanced_stacking_lr,external,220,0.6842105263157895
balanced_stacking_lr,external,221,0.6578947368421053
balanced_stacking_lr,external,222,0.26315789473684215
balanced_stacking_lr,external,223,0.7631578947368421
balanced_stacking_lr,external,224,0.9473684210526316
balanced_stacking_lr,external,225,0.9473684210526316
balanced_stacking_lr,external,226,0.5789473684210527
balanced_stacking_lr,external,227,0.5263157894736843
balanced_stacking_lr,external,228,1.0
balanced_stacking_lr,external,229,0.7368421052631579
balanced_stacking_lr,external,230,0.9473684210526316
balanced_stacking_lr,external,231,0.4736842105263158
balanced_stacking_lr,external,232,0.7631578947368421
balanced_stacking_lr,external,233,0.8157894736842105
balanced_stacking_lr,external,234,0.4736842105263158
balanced_stacking_lr,external,235,0.736842105263158
balanced_stacking_lr,external,236,0.9473684210526316
balanced_stacking_lr,external,237,0.9473684210526316
balanced_stacking_lr,external,238,1.0
balanced_stacking_lr,external,239,0.8947368421052632
balanced_stacking_lr,external,240,0.3157894736842105
balanced_stacking_lr,external,241,0.6315789473684211
balanced_stacking_lr,external,242,0.7105263157894737
balanced_stacking_lr,external,243,0.9473684210526315
balanced_stacking_lr,external,244,0.8947368421052632
balanced_stacking_lr,external,245,0.8947368421052632
balanced_stacking_lr,external,246,0.736842105263158
balanced_stacking_lr,external,247,0.8947368421052632
balanced_stacking_lr,external,248,0.736842105263158
balanced_stacking_lr,external,249,0.6052631578947368
balanced_stacking_lr,external,250,0.6052631578947368
balanced_stacking_lr,external,251,0.8947368421052632
balanced_stacking_lr,external,252,0.7105263157894737
balanced_stacking_lr,external,253,0.631578947368421
balanced_stacking_lr,external,254,0.4736842105263158
balanced_stacking_lr,external,255,0.4736842105263158
balanced_stacking_lr,external,256,0.8421052631578947
balanced_stacking_lr,external,257,0.5263157894736843
balanced_stacking_lr,external,258,0.631578947368421
balanced_stacking_lr,external,259,0.368421052631579
balanced_stacking_lr,external,260,0.7105263157894737
balanced_stacking_lr,external,261,0.8421052631578948
balanced_stacking_lr,external,262,0.6052631578947368
balanced_stacking_lr,external,263,0.631578947368421
balanced_stacking_lr,external,264,0.7631578947368421
balanced_stacking_lr,external,265,0.6052631578947368
balanced_stacking_lr,external,266,0.8947368421052632
balanced_stacking_lr,external,267,0.6842105263157895
balanced_stacking_lr,external,268,0.7105263157894737
balanced_stacking_lr,external,269,0.7631578947368421
balanced_stacking_lr,external,270,0.9473684210526316
balanced_stacking_lr,external,271,1.0
balanced_stacking_lr,external,272,1.0
balanced_stacking_lr,external,273,0.7894736842105263
balanced_stacking_lr,external,274,0.9473684210526315
balanced_stacking_lr,external,275,0.6842105263157895
balanced_stacking_lr,external,276,0.6315789473684211
balanced_stacking_lr,external,277,1.0
balanced_stacking_lr,external,278,0.736842105263158
balanced_stacking_lr,external,279,0.9473684210526315
balanced_stacking_lr,external,280,0.5263157894736843
balanced_stacking_lr,external,281,0.7631578947368421
balanced_stacking_lr,external,282,0.7105263157894737
balanced_stacking_lr,external,283,0.6842105263157896
balanced_stacking_lr,external,284,0.5263157894736843
balanced_stacking_lr,external,285,0.7631578947368421
balanced_stacking_lr,external,286,0.736842105263158
balanced_stacking_lr,external,287,0.42105263157894735
balanced_stacking_lr,external,288,0.4736842105263158
balanced_stacking_lr,external,289,0.8421052631578948
balanced_stacking_lr,external,290,0.736842105263158
balanced_stacking_lr,external,291,0.7631578947368421
balanced_stacking_lr,external,292,0.6842105263157895
balanced_stacking_lr,external,293,0.7894736842105263
balanced_stacking_lr,external,294,0.763157894736842
balanced_stacking_lr,external,295,0.3157894736842105
balanced_stacking_lr,external,296,0.368421052631579
balanced_stacking_lr,external,297,0.4736842105263158
balanced_stacking_lr,external,298,0.9473684210526315
balanced_stacking_lr,external,299,0.631578947368421
balanced_stacking_lr,external,300,0.9473684210526316
balanced_stacking_lr,external,301,0.736842105263158
balanced_stacking_lr,external,302,0.8157894736842105
balanced_stacking_lr,external,303,0.7368421052631579
balanced_stacking_lr,external,304,0.7105263157894737
balanced_stacking_lr,external,305,1.0
balanced_stacking_lr,external,306,0.7105263157894737
balanced_stacking_lr,external,307,0.3157894736842105
balanced_stacking_lr,external,308,0.9473684210526316
balanced_stacking_lr,external,309,0.7105263157894737
balanced_stacking_lr,external,310,0.9473684210526315
balanced_stacking_lr,external,311,0.9473684210526316
balanced_stacking_lr,external,312,0.26315789473684215
balanced_stacking_lr,external,313,0.6578947368421053
balanced_stacking_lr,external,314,1.0
balanced_stacking_lr,external,315,0.894736842105263
balanced_stacking_lr,external,316,0.7105263157894737
balanced_stacking_lr,external,317,0.26315789473684215
balanced_stacking_lr,external,318,0.368421052631579
balanced_stacking_lr,external,319,0.736842105263158
balanced_stacking_lr,external,320,0.9473684210526316
balanced_stacking_lr,external,321,0.8947368421052632
balanced_stacking_lr,external,322,0.6578947368421052
balanced_stacking_lr,external,323,0.7631578947368421
balanced_stacking_lr,external,324,0.9473684210526316
balanced_stacking_lr,external,325,0.894736842105263
balanced_stacking_lr,external,326,1.0
balanced_stacking_lr,external,327,0.7105263157894737
balanced_stacking_lr,external,328,0.868421052631579
balanced_stacking_lr,external,329,0.8157894736842105
balanced_stacking_lr,external,330,0.6578947368421052
balanced_stacking_lr,external,331,0.7105263157894737
balanced_stacking_lr,external,332,1.0
balanced_stacking_lr,external,333,0.4736842105263158
balanced_stacking_lr,external,334,0.4736842105263158
balanced_stacking_lr,external,335,0.6578947368421053
balanced_stacking_lr,external,336,0.894736842105263
balanced_stacking_lr,external,337,0.7631578947368421
balanced_stacking_lr,external,338,0.9473684210526316
balanced_stacking_lr,external,339,0.631578947368421
balanced_stacking_lr,external,340,0.631578947368421
balanced_stacking_lr,external,341,0.5263157894736843
balanced_stacking_lr,external,342,0.5263157894736843
balanced_stacking_lr,external,343,0.7631578947368421
balanced_stacking_lr,external,344,0.7894736842105263
balanced_stacking_lr,external,345,0.7894736842105263
balanced_stacking_lr,external,346,0.4736842105263158
balanced_stacking_lr,external,347,0.7631578947368421
balanced_stacking_lr,external,348,0.42105263157894735
balanced_stacking_lr,external,349,0.736842105263158
balanced_stacking_lr,external,350,0.9473684210526315
balanced_stacking_lr,external,351,0.8157894736842105
balanced_stacking_lr,external,352,1.0
balanced_stacking_lr,external,353,0.7368421052631579
balanced_stacking_lr,external,354,0.6842105263157895
balanced_stacking_lr,external,355,0.7105263157894737
balanced_stacking_lr,external,356,0.8421052631578947
balanced_stacking_lr,external,357,0.4736842105263158
balanced_stacking_lr,external,358,0.6842105263157895
balanced_stacking_lr,external,359,0.5263157894736843
balanced_stacking_lr,external,360,1.0
balanced_stacking_lr,external,361,0.6842105263157895
balanced_stacking_lr,external,362,0.736842105263158
balanced_stacking_lr,external,363,0.9473684210526316
balanced_stacking_lr,external,364,1.0
balanced_stacking_lr,external,365,0.7631578947368421
balanced_stacking_lr,external,366,0.8421052631578947
balanced_stacking_lr,external,367,0.6842105263157895
balanced_stacking_lr,external,368,0.9999999999999999
balanced_stacking_lr,external,369,0.8947368421052632
balanced_stacking_lr,external,370,0.6842105263157894
balanced_stacking_lr,external,371,0.7894736842105263
balanced_stacking_lr,external,372,0.5789473684210527
balanced_stacking_lr,external,373,0.8947368421052632
balanced_stacking_lr,external,374,0.9473684210526315
balanced_stacking_lr,external,375,0.7105263157894737
balanced_stacking_lr,external,376,0.7105263157894737
balanced_stacking_lr,external,377,0.7105263157894737
balanced_stacking_lr,external,378,0.736842105263158
balanced_stacking_lr,external,379,1.0
balanced_stacking_lr,external,380,0.26315789473684215
balanced_stacking_lr,external,381,1.0
balanced_stacking_lr,external,382,0.8157894736842105
balanced_stacking_lr,external,383,0.42105263157894735
balanced_stacking_lr,external,384,0.7631578947368421
balanced_stacking_lr,external,385,0.8421052631578948
balanced_stacking_lr,external,386,0.7631578947368421
balanced_stacking_lr,external,387,0.6842105263157895
balanced_stacking_lr,external,388,0.8947368421052632
balanced_stacking_lr,external,389,0.7105263157894737
balanced_stacking_lr,external,390,0.6315789473684211
balanced_stacking_lr,external,391,1.0
balanced_stacking_lr,external,392,0.6052631578947368
balanced_stacking_lr,external,393,0.7105263157894737
balanced_stacking_lr,external,394,0.7894736842105263
balanced_stacking_lr,external,395,1.0
balanced_stacking_lr,external,396,0.7631578947368421
balanced_stacking_lr,external,397,0.42105263157894735
balanced_stacking_lr,external,398,0.631578947368421
balanced_stacking_lr,external,399,0.7105263157894737
balanced_stacking_lr,external,400,0.6842105263157895
balanced_stacking_lr,external,401,0.6578947368421053
balanced_stacking_lr,external,402,1.0
balanced_stacking_lr,external,403,0.8947368421052632
balanced_stacking_lr,external,404,0.42105263157894735
balanced_stacking_lr,external,405,0.7894736842105263
balanced_stacking_lr,external,406,0.7105263157894737
balanced_stacking_lr,external,407,0.8421052631578947
balanced_stacking_lr,external,408,0.8947368421052632
balanced_stacking_lr,external,409,1.0
balanced_stacking_lr,external,410,0.736842105263158
balanced_stacking_lr,external,411,0.6842105263157895
balanced_stacking_lr,external,412,0.736842105263158
balanced_stacking_lr,external,413,0.7894736842105263
balanced_stacking_lr,external,414,0.42105263157894735
balanced_stacking_lr,external,415,0.8947368421052632
balanced_stacking_lr,external,416,0.7105263157894737
balanced_stacking_lr,external,417,0.6578947368421053
balanced_stacking_lr,external,418,0.5263157894736843
balanced_stacking_lr,external,419,0.7894736842105263
balanced_stacking_lr,external,420,0.7105263157894737
balanced_stacking_lr,external,421,0.7105263157894738
balanced_stacking_lr,external,422,0.6052631578947368
balanced_stacking_lr,external,423,0.3157894736842105
balanced_stacking_lr,external,424,0.42105263157894735
balanced_stacking_lr,external,425,0.5789473684210527
balanced_stacking_lr,external,426,0.736842105263158
balanced_stacking_lr,external,427,0.6315789473684211
balanced_stacking_lr,external,428,0.5263157894736843
balanced_stacking_lr,external,429,0.736842105263158
balanced_stacking_lr,external,430,0.631578947368421
balanced_stacking_lr,external,431,0.7631578947368421
balanced_stacking_lr,external,432,1.0
balanced_stacking_lr,external,433,0.8421052631578947
balanced_stacking_lr,external,434,0.6315789473684211
balanced_stacking_lr,external,435,0.763157894736842
balanced_stacking_lr,external,436,0.6842105263157895
balanced_stacking_lr,external,437,1.0
balanced_stacking_lr,external,438,0.7631578947368421
balanced_stacking_lr,external,439,0.8157894736842105
balanced_stacking_lr,external,440,0.5789473684210527
balanced_stacking_lr,external,441,0.5789473684210527
balanced_stacking_lr,external,442,0.8157894736842106
balanced_stacking_lr,external,443,0.9473684210526316
balanced_stacking_lr,external,444,0.4736842105263158
balanced_stacking_lr,external,445,0.5263157894736843
balanced_stacking_lr,external,446,0.6315789473684211
balanced_stacking_lr,external,447,0.5263157894736843
balanced_stacking_lr,external,448,0.736842105263158
balanced_stacking_lr,external,449,0.9473684210526316
balanced_stacking_lr,external,450,0.7894736842105263
balanced_stacking_lr,external,451,0.736842105263158
balanced_stacking_lr,external,452,0.7631578947368421
balanced_stacking_lr,external,453,0.42105263157894735
balanced_stacking_lr,external,454,0.7631578947368421
balanced_stacking_lr,external,455,0.6315789473684211
balanced_stacking_lr,external,456,0.7368421052631579
balanced_stacking_lr,external,457,0.8157894736842106
balanced_stacking_lr,external,458,0.5789473684210527
balanced_stacking_lr,external,459,0.736842105263158
balanced_stacking_lr,external,460,0.6842105263157895
balanced_stacking_lr,external,461,0.7105263157894737
balanced_stacking_lr,external,462,0.6842105263157895
balanced_stacking_lr,external,463,0.9473684210526316
balanced_stacking_lr,external,464,0.9473684210526315
balanced_stacking_lr,external,465,0.6842105263157895
balanced_stacking_lr,external,466,0.8157894736842105
balanced_stacking_lr,external,467,0.5789473684210527
balanced_stacking_lr,external,468,0.9473684210526316
balanced_stacking_lr,external,469,0.8947368421052632
balanced_stacking_lr,external,470,0.5789473684210527
balanced_stacking_lr,external,471,0.9473684210526316
balanced_stacking_lr,external,472,0.6578947368421053
balanced_stacking_lr,external,473,0.8157894736842105
balanced_stacking_lr,external,474,0.7105263157894737
balanced_stacking_lr,external,475,0.6578947368421053
balanced_stacking_lr,external,476,0.8157894736842105
balanced_stacking_lr,external,477,0.5789473684210527
balanced_stacking_lr,external,478,0.6578947368421052
balanced_stacking_lr,external,479,0.5789473684210527
balanced_stacking_lr,external,480,0.868421052631579
balanced_stacking_lr,external,481,0.631578947368421
balanced_stacking_lr,external,482,0.6315789473684211
balanced_stacking_lr,external,483,0.42105263157894735
balanced_stacking_lr,external,484,0.21052631578947367
balanced_stacking_lr,external,485,1.0
balanced_stacking_lr,external,486,0.7631578947368421
balanced_stacking_lr,external,487,0.6842105263157895
balanced_stacking_lr,external,488,0.9473684210526316
balanced_stacking_lr,external,489,0.6842105263157895
balanced_stacking_lr,external,490,0.6842105263157895
balanced_stacking_lr,external,491,0.5263157894736843
balanced_stacking_lr,external,492,0.5789473684210527
balanced_stacking_lr,external,493,0.4736842105263158
balanced_stacking_lr,external,494,0.736842105263158
balanced_stacking_lr,external,495,0.8421052631578948
balanced_stacking_lr,external,496,0.9473684210526316
balanced_stacking_lr,external,497,0.7894736842105263
balanced_stacking_lr,external,498,0.736842105263158
balanced_stacking_lr,external,499,0.736842105263158
balanced_stacking_lr,external,500,0.7105263157894737
balanced_stacking_lr,external,501,0.7368421052631579
balanced_stacking_lr,external,502,0.26315789473684215
balanced_stacking_lr,external,503,0.7631578947368421
balanced_stacking_lr,external,504,0.7894736842105263
balanced_stacking_lr,external,505,0.9473684210526315
balanced_stacking_lr,external,506,0.26315789473684215
balanced_stacking_lr,external,507,0.5789473684210527
balanced_stacking_lr,external,508,0.736842105263158
balanced_stacking_lr,external,509,0.4736842105263158
balanced_stacking_lr,external,510,0.7631578947368421
balanced_stacking_lr,external,511,0.5789473684210527
balanced_stacking_lr,external,512,0.6842105263157895
balanced_stacking_lr,external,513,0.8157894736842105
balanced_stacking_lr,external,514,0.7368421052631579
balanced_stacking_lr,external,515,0.7631578947368421
balanced_stacking_lr,external,516,0.5263157894736843
balanced_stacking_lr,external,517,0.631578947368421
balanced_stacking_lr,external,518,0.6052631578947368
balanced_stacking_lr,external,519,0.6842105263157895
balanced_stacking_lr,external,520,0.736842105263158
balanced_stacking_lr,external,521,0.631578947368421
balanced_stacking_lr,external,522,0.8947368421052632
balanced_stacking_lr,external,523,0.3157894736842105
balanced_stacking_lr,external,524,0.8947368421052632
balanced_stacking_lr,external,525,0.631578947368421
balanced_stacking_lr,external,526,0.4736842105263158
balanced_stacking_lr,external,527,0.6315789473684211
balanced_stacking_lr,external,528,0.6842105263157895
balanced_stacking_lr,external,529,1.0
balanced_stacking_lr,external,530,1.0
balanced_stacking_lr,external,531,0.9473684210526315
balanced_stacking_lr,external,532,0.368421052631579
balanced_stacking_lr,external,533,0.5789473684210527
balanced_stacking_lr,external,534,0.9473684210526316
balanced_stacking_lr,external,535,0.4736842105263158
balanced_stacking_lr,external,536,0.6578947368421053
balanced_stacking_lr,external,537,0.6578947368421053
balanced_stacking_lr,external,538,0.763157894736842
balanced_stacking_lr,external,539,0.6842105263157895
balanced_stacking_lr,external,540,0.631578947368421
balanced_stacking_lr,external,541,0.8947368421052632
balanced_stacking_lr,external,542,0.7105263157894737
balanced_stacking_lr,external,543,0.7631578947368421
balanced_stacking_lr,external,544,1.0
balanced_stacking_lr,external,545,0.8157894736842105
balanced_stacking_lr,external,546,0.3157894736842105
balanced_stacking_lr,external,547,0.5789473684210527
balanced_stacking_lr,external,548,0.8157894736842105
balanced_stacking_lr,external,549,0.6842105263157895
balanced_stacking_lr,external,550,0.7894736842105263
balanced_stacking_lr,external,551,0.5789473684210527
balanced_stacking_lr,external,552,0.9473684210526316
balanced_stacking_lr,external,553,0.6052631578947368
balanced_stacking_lr,external,554,1.0
balanced_stacking_lr,external,555,0.6052631578947368
balanced_stacking_lr,external,556,0.5263157894736843
balanced_stacking_lr,external,557,1.0
balanced_stacking_lr,external,558,0.42105263157894735
balanced_stacking_lr,external,559,0.6842105263157895
balanced_stacking_lr,external,560,0.7105263157894737
balanced_stacking_lr,external,561,0.736842105263158
balanced_stacking_lr,external,562,0.7894736842105263
balanced_stacking_lr,external,563,0.7894736842105263
balanced_stacking_lr,external,564,0.5526315789473685
balanced_stacking_lr,external,565,1.0
balanced_stacking_lr,external,566,0.5789473684210527
balanced_stacking_lr,external,567,0.9473684210526316
balanced_stacking_lr,external,568,0.4736842105263158
balanced_stacking_lr,external,569,0.7368421052631579
balanced_stacking_lr,external,570,0.6578947368421053
balanced_stacking_lr,external,571,0.9473684210526315
balanced_stacking_lr,external,572,0.7105263157894737
balanced_stacking_lr,external,573,0.6842105263157895
balanced_stacking_lr,external,574,0.3157894736842105
balanced_stacking_lr,external,575,0.8947368421052633
balanced_stacking_lr,external,576,0.7894736842105263
balanced_stacking_lr,external,577,0.9473684210526316
balanced_stacking_lr,external,578,0.7105263157894737
balanced_stacking_lr,external,579,0.763157894736842
balanced_stacking_lr,external,580,0.7105263157894737
balanced_stacking_lr,external,581,0.7105263157894737
balanced_stacking_lr,external,582,0.7105263157894737
balanced_stacking_lr,external,583,0.8947368421052632
balanced_stacking_lr,external,584,0.42105263157894735
balanced_stacking_lr,external,585,0.6842105263157895
balanced_stacking_lr,external,586,0.6842105263157895
balanced_stacking_lr,external,587,0.5789473684210527
balanced_stacking_lr,external,588,0.5263157894736843
balanced_stacking_lr,external,589,0.6842105263157895
balanced_stacking_lr,external,590,0.7631578947368421
balanced_stacking_lr,external,591,0.6052631578947368
balanced_stacking_lr,external,592,0.6052631578947368
balanced_stacking_lr,external,593,1.0
balanced_stacking_lr,external,594,0.5789473684210527
balanced_stacking_lr,external,595,0.736842105263158
balanced_stacking_lr,external,596,1.0
balanced_stacking_lr,external,597,0.736842105263158
balanced_stacking_lr,external,598,0.7631578947368421
balanced_stacking_lr,external,599,0.6315789473684211
balanced_stacking_lr,external,600,0.8947368421052632
balanced_stacking_lr,external,601,0.7105263157894737
balanced_stacking_lr,external,602,0.7105263157894737
balanced_stacking_lr,external,603,0.4736842105263158
balanced_stacking_lr,external,604,0.6578947368421053
balanced_stacking_lr,external,605,1.0
balanced_stacking_lr,external,606,0.42105263157894735
balanced_stacking_lr,external,607,0.736842105263158
balanced_stacking_lr,external,608,0.5789473684210527
balanced_stacking_lr,external,609,0.736842105263158
balanced_stacking_lr,external,610,0.5263157894736843
balanced_stacking_lr,external,611,0.8157894736842105
balanced_stacking_lr,external,612,1.0
balanced_stacking_lr,external,613,0.4736842105263158
balanced_stacking_lr,external,614,0.7631578947368421
balanced_stacking_lr,external,615,0.6315789473684211
balanced_stacking_lr,external,616,0.736842105263158
balanced_stacking_lr,external,617,0.6052631578947368
balanced_stacking_lr,external,618,0.9473684210526316
balanced_stacking_lr,external,619,0.6842105263157895
balanced_stacking_lr,external,620,0.7894736842105263
balanced_stacking_lr,external,621,0.5263157894736843
balanced_stacking_lr,external,622,0.7368421052631579
balanced_stacking_lr,external,623,0.6842105263157895
balanced_stacking_lr,external,624,0.9473684210526316
balanced_stacking_lr,external,625,0.7631578947368421
balanced_stacking_lr,external,626,0.6842105263157895
balanced_stacking_lr,external,627,0.7105263157894737
balanced_stacking_lr,external,628,0.5789473684210527
balanced_stacking_lr,external,629,0.3157894736842105
balanced_stacking_lr,external,630,0.5263157894736843
balanced_stacking_lr,external,631,0.9473684210526315
balanced_stacking_lr,external,632,0.6052631578947368
balanced_stacking_lr,external,633,0.6842105263157895
balanced_stacking_lr,external,634,0.736842105263158
balanced_stacking_lr,external,635,0.4736842105263158
balanced_stacking_lr,external,636,0.8157894736842105
balanced_stacking_lr,external,637,0.7105263157894738
balanced_stacking_lr,external,638,0.5263157894736843
balanced_stacking_lr,external,639,0.6842105263157895
balanced_stacking_lr,external,640,0.9473684210526316
balanced_stacking_lr,external,641,0.4736842105263158
balanced_stacking_lr,external,642,0.736842105263158
balanced_stacking_lr,external,643,0.6052631578947368
balanced_stacking_lr,external,644,0.7631578947368421
balanced_stacking_lr,external,645,0.5789473684210527
balanced_stacking_lr,external,646,0.7105263157894737
balanced_stacking_lr,external,647,0.9473684210526316
balanced_stacking_lr,external,648,0.7105263157894737
balanced_stacking_lr,external,649,0.7894736842105263
balanced_stacking_lr,external,650,1.0
balanced_stacking_lr,external,651,0.6842105263157895
balanced_stacking_lr,external,652,0.8947368421052633
balanced_stacking_lr,external,653,0.8947368421052632
balanced_stacking_lr,external,654,1.0
balanced_stacking_lr,external,655,0.6842105263157895
balanced_stacking_lr,external,656,0.5789473684210527
balanced_stacking_lr,external,657,0.631578947368421
balanced_stacking_lr,external,658,0.368421052631579
balanced_stacking_lr,external,659,0.7894736842105263
balanced_stacking_lr,external,660,0.7631578947368421
balanced_stacking_lr,external,661,0.631578947368421
balanced_stacking_lr,external,662,0.6842105263157895
balanced_stacking_lr,external,663,0.9473684210526316
balanced_stacking_lr,external,664,0.6315789473684211
balanced_stacking_lr,external,665,0.8157894736842105
balanced_stacking_lr,external,666,0.868421052631579
balanced_stacking_lr,external,667,0.42105263157894735
balanced_stacking_lr,external,668,0.7105263157894737
balanced_stacking_lr,external,669,0.42105263157894735
balanced_stacking_lr,external,670,0.7631578947368421
balanced_stacking_lr,external,671,0.8947368421052632
balanced_stacking_lr,external,672,0.8947368421052632
balanced_stacking_lr,external,673,0.6578947368421053
balanced_stacking_lr,external,674,0.42105263157894735
balanced_stacking_lr,external,675,0.763157894736842
balanced_stacking_lr,external,676,0.9473684210526315
balanced_stacking_lr,external,677,0.6578947368421052
balanced_stacking_lr,external,678,0.368421052631579
balanced_stacking_lr,external,679,0.7105263157894738
balanced_stacking_lr,external,680,0.9473684210526315
balanced_stacking_lr,external,681,1.0
balanced_stacking_lr,external,682,0.7894736842105263
balanced_stacking_lr,external,683,0.8157894736842105
balanced_stacking_lr,external,684,0.8947368421052632
balanced_stacking_lr,external,685,0.7368421052631579
balanced_stacking_lr,external,686,0.4736842105263158
balanced_stacking_lr,external,687,1.0
balanced_stacking_lr,external,688,0.6842105263157895
balanced_stacking_lr,external,689,0.42105263157894735
balanced_stacking_lr,external,690,0.6578947368421053
balanced_stacking_lr,external,691,0.7894736842105263
balanced_stacking_lr,external,692,0.5526315789473684
balanced_stacking_lr,external,693,0.42105263157894735
balanced_stacking_lr,external,694,0.7105263157894737
balanced_stacking_lr,external,695,0.5263157894736843
balanced_stacking_lr,external,696,0.7631578947368421
balanced_stacking_lr,external,697,0.9473684210526316
balanced_stacking_lr,external,698,0.5263157894736843
balanced_stacking_lr,external,699,0.9473684210526316
balanced_stacking_lr,external,700,0.8947368421052632
balanced_stacking_lr,external,701,1.0
balanced_stacking_lr,external,702,0.8157894736842105
balanced_stacking_lr,external,703,0.7631578947368421
balanced_stacking_lr,external,704,0.6578947368421053
balanced_stacking_lr,external,705,0.7894736842105263
balanced_stacking_lr,external,706,0.9999999999999999
balanced_stacking_lr,external,707,0.8947368421052632
balanced_stacking_lr,external,708,0.7894736842105263
balanced_stacking_lr,external,709,0.8421052631578948
balanced_stacking_lr,external,710,0.6842105263157895
balanced_stacking_lr,external,711,0.7894736842105263
balanced_stacking_lr,external,712,0.6578947368421053
balanced_stacking_lr,external,713,0.5263157894736843
balanced_stacking_lr,external,714,0.6842105263157895
balanced_stacking_lr,external,715,0.7105263157894737
balanced_stacking_lr,external,716,0.5789473684210527
balanced_stacking_lr,external,717,0.6578947368421053
balanced_stacking_lr,external,718,0.7105263157894737
balanced_stacking_lr,external,719,0.736842105263158
balanced_stacking_lr,external,720,1.0
balanced_stacking_lr,external,721,0.8421052631578947
balanced_stacking_lr,external,722,0.7894736842105263
balanced_stacking_lr,external,723,0.8947368421052632
balanced_stacking_lr,external,724,0.7105263157894737
balanced_stacking_lr,external,725,0.763157894736842
balanced_stacking_lr,external,726,0.7105263157894737
balanced_stacking_lr,external,727,0.6842105263157895
balanced_stacking_lr,external,728,0.8947368421052632
balanced_stacking_lr,external,729,0.7105263157894737
balanced_stacking_lr,external,730,0.42105263157894735
balanced_stacking_lr,external,731,0.8947368421052632
balanced_stacking_lr,external,732,0.7631578947368421
balanced_stacking_lr,external,733,0.7631578947368421
balanced_stacking_lr,external,734,1.0
balanced_stacking_lr,external,735,0.42105263157894735
balanced_stacking_lr,external,736,0.6578947368421053
balanced_stacking_lr,external,737,0.4736842105263158
balanced_stacking_lr,external,738,0.368421052631579
balanced_stacking_lr,external,739,0.7105263157894737
balanced_stacking_lr,external,740,0.736842105263158
balanced_stacking_lr,external,741,1.0
balanced_stacking_lr,external,742,0.8157894736842105
balanced_stacking_lr,external,743,0.5263157894736843
balanced_stacking_lr,external,744,0.8157894736842105
balanced_stacking_lr,external,745,0.631578947368421
balanced_stacking_lr,external,746,0.6052631578947368
balanced_stacking_lr,external,747,0.6842105263157895
balanced_stacking_lr,external,748,0.7105263157894737
balanced_stacking_lr,external,749,0.7631578947368421
balanced_stacking_lr,external,750,0.368421052631579
balanced_stacking_lr,external,751,0.8157894736842105
balanced_stacking_lr,external,752,0.631578947368421
balanced_stacking_lr,external,753,0.7105263157894737
balanced_stacking_lr,external,754,0.4736842105263158
balanced_stacking_lr,external,755,0.6052631578947368
balanced_stacking_lr,external,756,0.3157894736842105
balanced_stacking_lr,external,757,0.5263157894736843
balanced_stacking_lr,external,758,0.6578947368421053
balanced_stacking_lr,external,759,0.9473684210526316
balanced_stacking_lr,external,760,0.368421052631579
balanced_stacking_lr,external,761,0.6578947368421053
balanced_stacking_lr,external,762,0.7631578947368421
balanced_stacking_lr,external,763,0.6315789473684211
balanced_stacking_lr,external,764,0.736842105263158
balanced_stacking_lr,external,765,0.605263157894737
balanced_stacking_lr,external,766,1.0
balanced_stacking_lr,external,767,0.7105263157894737
balanced_stacking_lr,external,768,0.6842105263157895
balanced_stacking_lr,external,769,0.368421052631579
balanced_stacking_lr,external,770,1.0
balanced_stacking_lr,external,771,0.26315789473684215
balanced_stacking_lr,external,772,0.6578947368421053
balanced_stacking_lr,external,773,1.0
balanced_stacking_lr,external,774,0.5789473684210527
balanced_stacking_lr,external,775,0.8421052631578947
balanced_stacking_lr,external,776,0.7631578947368421
balanced_stacking_lr,external,777,0.7631578947368421
balanced_stacking_lr,external,778,0.42105263157894735
balanced_stacking_lr,external,779,0.9473684210526315
balanced_stacking_lr,external,780,0.6578947368421053
balanced_stacking_lr,external,781,0.6842105263157895
balanced_stacking_lr,external,782,0.42105263157894735
balanced_stacking_lr,external,783,0.4736842105263158
balanced_stacking_lr,external,784,0.763157894736842
balanced_stacking_lr,external,785,0.9473684210526316
balanced_stacking_lr,external,786,0.4736842105263158
balanced_stacking_lr,external,787,0.631578947368421
balanced_stacking_lr,external,788,0.7105263157894737
balanced_stacking_lr,external,789,0.6315789473684211
balanced_stacking_lr,external,790,0.6578947368421053
balanced_stacking_lr,external,791,0.7105263157894737
balanced_stacking_lr,external,792,0.5263157894736843
balanced_stacking_lr,external,793,1.0
balanced_stacking_lr,external,794,0.6578947368421053
balanced_stacking_lr,external,795,0.5263157894736843
balanced_stacking_lr,external,796,0.26315789473684215
balanced_stacking_lr,external,797,0.7631578947368421
balanced_stacking_lr,external,798,0.9473684210526316
balanced_stacking_lr,external,799,1.0
balanced_stacking_lr,external,800,0.368421052631579
balanced_stacking_lr,external,801,0.5263157894736843
balanced_stacking_lr,external,802,0.8947368421052632
balanced_stacking_lr,external,803,0.7631578947368421
balanced_stacking_lr,external,804,1.0
balanced_stacking_lr,external,805,0.6842105263157895
balanced_stacking_lr,external,806,0.6052631578947368
balanced_stacking_lr,external,807,1.0
balanced_stacking_lr,external,808,0.6578947368421053
balanced_stacking_lr,external,809,0.8421052631578948
balanced_stacking_lr,external,810,0.8947368421052632
balanced_stacking_lr,external,811,0.3157894736842105
balanced_stacking_lr,external,812,0.42105263157894735
balanced_stacking_lr,external,813,0.894736842105263
balanced_stacking_lr,external,814,0.7631578947368421
balanced_stacking_lr,external,815,0.6842105263157895
balanced_stacking_lr,external,816,0.6578947368421053
balanced_stacking_lr,external,817,0.9473684210526315
balanced_stacking_lr,external,818,0.7368421052631579
balanced_stacking_lr,external,819,0.4736842105263158
balanced_stacking_lr,external,820,0.5789473684210527
balanced_stacking_lr,external,821,0.9473684210526315
balanced_stacking_lr,external,822,0.9473684210526315
balanced_stacking_lr,external,823,0.5789473684210527
balanced_stacking_lr,external,824,0.7894736842105263
balanced_stacking_lr,external,825,0.631578947368421
balanced_stacking_lr,external,826,0.5263157894736843
balanced_stacking_lr,external,827,0.736842105263158
balanced_stacking_lr,external,828,0.368421052631579
balanced_stacking_lr,external,829,0.8157894736842105
balanced_stacking_lr,external,830,0.5263157894736843
balanced_stacking_lr,external,831,0.7105263157894737
balanced_stacking_lr,external,832,1.0
balanced_stacking_lr,external,833,0.8947368421052632
balanced_stacking_lr,external,834,0.368421052631579
balanced_stacking_lr,external,835,0.9473684210526316
balanced_stacking_lr,external,836,0.5263157894736843
balanced_stacking_lr,external,837,0.7105263157894737
balanced_stacking_lr,external,838,0.6578947368421053
balanced_stacking_lr,external,839,0.3157894736842105
balanced_stacking_lr,external,840,0.42105263157894735
balanced_stacking_lr,external,841,0.6578947368421053
balanced_stacking_lr,external,842,0.631578947368421
balanced_stacking_lr,external,843,0.736842105263158
balanced_stacking_lr,external,844,0.9473684210526316
balanced_stacking_lr,external,845,0.3157894736842105
balanced_stacking_lr,external,846,0.7105263157894737
balanced_stacking_lr,external,847,0.5789473684210527
balanced_stacking_lr,external,848,0.736842105263158
balanced_stacking_lr,external,849,0.7631578947368421
balanced_stacking_lr,external,850,1.0
balanced_stacking_lr,external,851,0.5789473684210527
balanced_stacking_lr,external,852,1.0
balanced_stacking_lr,external,853,0.8947368421052632
balanced_stacking_lr,external,854,0.6315789473684211
balanced_stacking_lr,external,855,0.7894736842105263
balanced_stacking_lr,external,856,0.42105263157894735
balanced_stacking_lr,external,857,0.7894736842105263
balanced_stacking_lr,external,858,1.0
balanced_stacking_lr,external,859,0.7631578947368421
balanced_stacking_lr,external,860,0.5263157894736843
balanced_stacking_lr,external,861,0.7105263157894737
balanced_stacking_lr,external,862,0.5789473684210527
balanced_stacking_lr,external,863,0.7894736842105263
balanced_stacking_lr,external,864,0.8157894736842105
balanced_stacking_lr,external,865,0.7105263157894737
balanced_stacking_lr,external,866,0.6842105263157895
balanced_stacking_lr,external,867,0.9473684210526316
balanced_stacking_lr,external,868,0.631578947368421
balanced_stacking_lr,external,869,0.5263157894736843
balanced_stacking_lr,external,870,0.42105263157894735
balanced_stacking_lr,external,871,0.8421052631578947
balanced_stacking_lr,external,872,0.8421052631578947
balanced_stacking_lr,external,873,1.0
balanced_stacking_lr,external,874,1.0
balanced_stacking_lr,external,875,0.9473684210526316
balanced_stacking_lr,external,876,0.7631578947368421
balanced_stacking_lr,external,877,0.7105263157894737
balanced_stacking_lr,external,878,0.8421052631578948
balanced_stacking_lr,external,879,0.6842105263157895
balanced_stacking_lr,external,880,1.0
balanced_stacking_lr,external,881,0.9473684210526316
balanced_stacking_lr,external,882,0.6315789473684211
balanced_stacking_lr,external,883,0.6842105263157895
balanced_stacking_lr,external,884,0.5263157894736843
balanced_stacking_lr,external,885,0.9473684210526315
balanced_stacking_lr,external,886,0.5789473684210527
balanced_stacking_lr,external,887,0.736842105263158
balanced_stacking_lr,external,888,0.8421052631578947
balanced_stacking_lr,external,889,0.5263157894736843
balanced_stacking_lr,external,890,0.6052631578947368
balanced_stacking_lr,external,891,0.7631578947368421
balanced_stacking_lr,external,892,0.3157894736842105
balanced_stacking_lr,external,893,1.0
balanced_stacking_lr,external,894,0.9473684210526316
balanced_stacking_lr,external,895,0.8947368421052632
balanced_stacking_lr,external,896,0.7894736842105263
balanced_stacking_lr,external,897,0.6578947368421053
balanced_stacking_lr,external,898,0.9473684210526316
balanced_stacking_lr,external,899,0.7631578947368421
balanced_stacking_lr,external,900,0.5263157894736843
balanced_stacking_lr,external,901,0.6842105263157895
balanced_stacking_lr,external,902,0.7105263157894737
balanced_stacking_lr,external,903,0.8157894736842105
balanced_stacking_lr,external,904,0.7105263157894737
balanced_stacking_lr,external,905,0.5789473684210527
balanced_stacking_lr,external,906,0.368421052631579
balanced_stacking_lr,external,907,0.9473684210526315
balanced_stacking_lr,external,908,1.0
balanced_stacking_lr,external,909,1.0
balanced_stacking_lr,external,910,0.6842105263157895
balanced_stacking_lr,external,911,0.736842105263158
balanced_stacking_lr,external,912,0.9473684210526316
balanced_stacking_lr,external,913,0.368421052631579
balanced_stacking_lr,external,914,0.5
balanced_stacking_lr,external,915,0.736842105263158
balanced_stacking_lr,external,916,0.9473684210526316
balanced_stacking_lr,external,917,0.42105263157894735
balanced_stacking_lr,external,918,0.3157894736842105
balanced_stacking_lr,external,919,0.5789473684210527
balanced_stacking_lr,external,920,0.7105263157894737
balanced_stacking_lr,external,921,0.7894736842105263
balanced_stacking_lr,external,922,0.7105263157894737
balanced_stacking_lr,external,923,0.6842105263157895
balanced_stacking_lr,external,924,1.0
balanced_stacking_lr,external,925,0.9473684210526316
balanced_stacking_lr,external,926,0.736842105263158
balanced_stacking_lr,external,927,0.7368421052631579
balanced_stacking_lr,external,928,0.7105263157894737
balanced_stacking_lr,external,929,0.7631578947368421
balanced_stacking_lr,external,930,0.6578947368421053
balanced_stacking_lr,external,931,0.7631578947368421
balanced_stacking_lr,external,932,0.6052631578947368
balanced_stacking_lr,external,933,0.7105263157894737
balanced_stacking_lr,external,934,0.7105263157894737
balanced_stacking_lr,external,935,0.6842105263157895
balanced_stacking_lr,external,936,0.7631578947368421
balanced_stacking_lr,external,937,0.7631578947368421
balanced_stacking_lr,external,938,0.26315789473684215
balanced_stacking_lr,external,939,0.5789473684210527
balanced_stacking_lr,external,940,0.8947368421052632
balanced_stacking_lr,external,941,0.7631578947368421
balanced_stacking_lr,external,942,0.8947368421052632
balanced_stacking_lr,external,943,0.6578947368421053
balanced_stacking_lr,external,944,0.7894736842105263
balanced_stacking_lr,external,945,0.42105263157894735
balanced_stacking_lr,external,946,0.26315789473684215
balanced_stacking_lr,external,947,0.5789473684210527
balanced_stacking_lr,external,948,0.42105263157894735
balanced_stacking_lr,external,949,0.631578947368421
balanced_stacking_lr,external,950,0.4736842105263158
balanced_stacking_lr,external,951,0.736842105263158
balanced_stacking_lr,external,952,0.9473684210526316
balanced_stacking_lr,external,953,0.6842105263157895
balanced_stacking_lr,external,954,0.6578947368421053
balanced_stacking_lr,external,955,0.8947368421052633
balanced_stacking_lr,external,956,0.7631578947368421
balanced_stacking_lr,external,957,0.8157894736842105
balanced_stacking_lr,external,958,0.736842105263158
balanced_stacking_lr,external,959,0.6052631578947368
balanced_stacking_lr,external,960,1.0
balanced_stacking_lr,external,961,0.631578947368421
balanced_stacking_lr,external,962,0.6315789473684211
balanced_stacking_lr,external,963,0.368421052631579
balanced_stacking_lr,external,964,0.631578947368421
balanced_stacking_lr,external,965,0.7631578947368421
balanced_stacking_lr,external,966,0.8157894736842105
balanced_stacking_lr,external,967,0.7105263157894737
balanced_stacking_lr,external,968,0.7631578947368421
balanced_stacking_lr,external,969,0.7105263157894737
balanced_stacking_lr,external,970,0.42105263157894735
balanced_stacking_lr,external,971,0.9473684210526316
balanced_stacking_lr,external,972,0.7894736842105263
balanced_stacking_lr,external,973,0.6578947368421053
balanced_stacking_lr,external,974,0.368421052631579
balanced_stacking_lr,external,975,0.368421052631579
balanced_stacking_lr,external,976,0.7105263157894737
balanced_stacking_lr,external,977,0.6578947368421052
balanced_stacking_lr,external,978,0.9473684210526315
balanced_stacking_lr,external,979,0.8157894736842105
balanced_stacking_lr,external,980,0.6578947368421053
balanced_stacking_lr,external,981,0.631578947368421
balanced_stacking_lr,external,982,0.368421052631579
balanced_stacking_lr,external,983,0.736842105263158
balanced_stacking_lr,external,984,0.8157894736842105
balanced_stacking_lr,external,985,1.0
balanced_stacking_lr,external,986,0.42105263157894735
balanced_stacking_lr,external,987,0.42105263157894735
balanced_stacking_lr,external,988,0.9473684210526315
balanced_stacking_lr,external,989,0.9473684210526316
balanced_stacking_lr,external,990,0.42105263157894735
balanced_stacking_lr,external,991,0.8421052631578948
balanced_stacking_lr,external,992,0.6842105263157895
balanced_stacking_lr,external,993,1.0
balanced_stacking_lr,external,994,0.5789473684210527
balanced_stacking_lr,external,995,1.0
balanced_stacking_lr,external,996,0.6842105263157895
balanced_stacking_lr,external,997,0.9473684210526316
balanced_stacking_lr,external,998,1.0
balanced_stacking_lr,external,999,1.0
balanced_stacking_lr,external,1000,0.368421052631579
mshse_selective_ensemble,external,1,0.5263157894736843
mshse_selective_ensemble,external,2,0.0
mshse_selective_ensemble,external,3,0.5
mshse_selective_ensemble,external,4,1.0
mshse_selective_ensemble,external,5,0.4736842105263158
mshse_selective_ensemble,external,6,0.8947368421052632
mshse_selective_ensemble,external,7,0.4736842105263158
mshse_selective_ensemble,external,8,0.052631578947368474
mshse_selective_ensemble,external,9,0.5
mshse_selective_ensemble,external,10,0.4736842105263158
mshse_selective_ensemble,external,11,0.0
mshse_selective_ensemble,external,12,0.4473684210526316
mshse_selective_ensemble,external,13,0.8947368421052632
mshse_selective_ensemble,external,14,0.5
mshse_selective_ensemble,external,15,0.9473684210526316
mshse_selective_ensemble,external,16,0.5263157894736842
mshse_selective_ensemble,external,17,1.0
mshse_selective_ensemble,external,18,0.9473684210526316
mshse_selective_ensemble,external,19,0.5
mshse_selective_ensemble,external,20,0.5263157894736843
mshse_selective_ensemble,external,21,0.1578947368421053
mshse_selective_ensemble,external,22,0.5789473684210527
mshse_selective_ensemble,external,23,0.9473684210526315
mshse_selective_ensemble,external,24,0.5526315789473684
mshse_selective_ensemble,external,25,0.4736842105263158
mshse_selective_ensemble,external,26,0.5
mshse_selective_ensemble,external,27,0.4736842105263158
mshse_selective_ensemble,external,28,1.0
mshse_selective_ensemble,external,29,0.6052631578947368
mshse_selective_ensemble,external,30,0.0
mshse_selective_ensemble,external,31,0.0
mshse_selective_ensemble,external,32,0.052631578947368474
mshse_selective_ensemble,external,33,0.8947368421052632
mshse_selective_ensemble,external,34,0.5
mshse_selective_ensemble,external,35,0.894736842105263
mshse_selective_ensemble,external,36,0.0
mshse_selective_ensemble,external,37,0.4473684210526316
mshse_selective_ensemble,external,38,0.5
mshse_selective_ensemble,external,39,0.5263157894736843
mshse_selective_ensemble,external,40,0.052631578947368474
mshse_selective_ensemble,external,41,0.4736842105263158
mshse_selective_ensemble,external,42,0.5263157894736843
mshse_selective_ensemble,external,43,0.0
mshse_selective_ensemble,external,44,0.0
mshse_selective_ensemble,external,45,0.8947368421052632
mshse_selective_ensemble,external,46,0.8421052631578947
mshse_selective_ensemble,external,47,0.4736842105263158
mshse_selective_ensemble,external,48,0.4736842105263158
mshse_selective_ensemble,external,49,0.10526315789473684
mshse_selective_ensemble,external,50,0.0
mshse_selective_ensemble,external,51,0.5
mshse_selective_ensemble,external,52,0.8947368421052632
mshse_selective_ensemble,external,53,0.8947368421052632
mshse_selective_ensemble,external,54,1.0
mshse_selective_ensemble,external,55,0.0
mshse_selective_ensemble,external,56,0.0
mshse_selective_ensemble,external,57,0.0
mshse_selective_ensemble,external,58,0.5
mshse_selective_ensemble,external,59,0.0
mshse_selective_ensemble,external,60,0.10526315789473684
mshse_selective_ensemble,external,61,1.0
mshse_selective_ensemble,external,62,0.5789473684210527
mshse_selective_ensemble,external,63,0.9473684210526315
mshse_selective_ensemble,external,64,0.5
mshse_selective_ensemble,external,65,0.47368421052631576
mshse_selective_ensemble,external,66,1.0
mshse_selective_ensemble,external,67,0.4736842105263158
mshse_selective_ensemble,external,68,0.4736842105263159
mshse_selective_ensemble,external,69,0.1578947368421053
mshse_selective_ensemble,external,70,0.052631578947368474
mshse_selective_ensemble,external,71,0.0
mshse_selective_ensemble,external,72,0.10526315789473684
mshse_selective_ensemble,external,73,0.4736842105263158
mshse_selective_ensemble,external,74,0.5526315789473684
mshse_selective_ensemble,external,75,0.4736842105263158
mshse_selective_ensemble,external,76,0.5263157894736843
mshse_selective_ensemble,external,77,0.1578947368421053
mshse_selective_ensemble,external,78,0.052631578947368474
mshse_selective_ensemble,external,79,0.9473684210526315
mshse_selective_ensemble,external,80,0.9473684210526316
mshse_selective_ensemble,external,81,0.6052631578947368
mshse_selective_ensemble,external,82,0.8421052631578947
mshse_selective_ensemble,external,83,0.052631578947368474
mshse_selective_ensemble,external,84,0.5263157894736843
mshse_selective_ensemble,external,85,0.0
mshse_selective_ensemble,external,86,0.5263157894736843
mshse_selective_ensemble,external,87,0.052631578947368474
mshse_selective_ensemble,external,88,0.5
mshse_selective_ensemble,external,89,0.052631578947368474
mshse_selective_ensemble,external,90,0.1578947368421053
mshse_selective_ensemble,external,91,0.5
mshse_selective_ensemble,external,92,0.4473684210526316
mshse_selective_ensemble,external,93,0.0
mshse_selective_ensemble,external,94,0.5263157894736843
mshse_selective_ensemble,external,95,0.4736842105263158
mshse_selective_ensemble,external,96,0.5
mshse_selective_ensemble,external,97,0.4473684210526316
mshse_selective_ensemble,external,98,0.5
mshse_selective_ensemble,external,99,0.9473684210526315
mshse_selective_ensemble,external,100,0.21052631578947367
mshse_selective_ensemble,external,101,0.4736842105263158
mshse_selective_ensemble,external,102,0.5263157894736843
mshse_selective_ensemble,external,103,0.4736842105263158
mshse_selective_ensemble,external,104,0.4473684210526316
mshse_selective_ensemble,external,105,0.5526315789473684
mshse_selective_ensemble,external,106,0.9473684210526316
mshse_selective_ensemble,external,107,0.8947368421052632
mshse_selective_ensemble,external,108,0.5263157894736843
mshse_selective_ensemble,external,109,0.0
mshse_selective_ensemble,external,110,0.5789473684210527
mshse_selective_ensemble,external,111,0.052631578947368474
mshse_selective_ensemble,external,112,0.5
mshse_selective_ensemble,external,113,1.0
mshse_selective_ensemble,external,114,0.5
mshse_selective_ensemble,external,115,0.4736842105263158
mshse_selective_ensemble,external,116,0.44736842105263164
mshse_selective_ensemble,external,117,0.42105263157894735
mshse_selective_ensemble,external,118,0.5526315789473684
mshse_selective_ensemble,external,119,0.0
mshse_selective_ensemble,external,120,0.5263157894736843
mshse_selective_ensemble,external,121,0.5263157894736843
mshse_selective_ensemble,external,122,0.5
mshse_selective_ensemble,external,123,0.052631578947368474
mshse_selective_ensemble,external,124,0.4736842105263158
mshse_selective_ensemble,external,125,0.4736842105263158
mshse_selective_ensemble,external,126,0.5263157894736843
mshse_selective_ensemble,external,127,0.9473684210526315
mshse_selective_ensemble,external,128,0.5263157894736843
mshse_selective_ensemble,external,129,0.5
mshse_selective_ensemble,external,130,0.0
mshse_selective_ensemble,external,131,0.47368421052631576
mshse_selective_ensemble,external,132,0.4736842105263158
mshse_selective_ensemble,external,133,0.5
mshse_selective_ensemble,external,134,0.44736842105263164
mshse_selective_ensemble,external,135,0.0
mshse_selective_ensemble,external,136,1.0
mshse_selective_ensemble,external,137,0.9473684210526316
mshse_selective_ensemble,external,138,0.4736842105263158
mshse_selective_ensemble,external,139,0.5789473684210527
mshse_selective_ensemble,external,140,1.0
mshse_selective_ensemble,external,141,0.5
mshse_selective_ensemble,external,142,0.4736842105263158
mshse_selective_ensemble,external,143,1.0
mshse_selective_ensemble,external,144,0.10526315789473684
mshse_selective_ensemble,external,145,0.5263157894736843
mshse_selective_ensemble,external,146,0.052631578947368474
mshse_selective_ensemble,external,147,0.10526315789473684
mshse_selective_ensemble,external,148,0.5263157894736843
mshse_selective_ensemble,external,149,0.5263157894736843
mshse_selective_ensemble,external,150,0.052631578947368474
mshse_selective_ensemble,external,151,0.5263157894736843
mshse_selective_ensemble,external,152,1.0
mshse_selective_ensemble,external,153,0.10526315789473684
mshse_selective_ensemble,external,154,0.3157894736842105
mshse_selective_ensemble,external,155,1.0
mshse_selective_ensemble,external,156,0.4473684210526316
mshse_selective_ensemble,external,157,0.9473684210526316
mshse_selective_ensemble,external,158,1.0
mshse_selective_ensemble,external,159,0.5
mshse_selective_ensemble,external,160,0.5
mshse_selective_ensemble,external,161,1.0
mshse_selective_ensemble,external,162,0.1578947368421053
mshse_selective_ensemble,external,163,0.9473684210526316
mshse_selective_ensemble,external,164,0.49999999999999994
mshse_selective_ensemble,external,165,1.0
mshse_selective_ensemble,external,166,1.0
mshse_selective_ensemble,external,167,0.0
mshse_selective_ensemble,external,168,0.4736842105263158
mshse_selective_ensemble,external,169,0.4210526315789474
mshse_selective_ensemble,external,170,1.0
mshse_selective_ensemble,external,171,0.5
mshse_selective_ensemble,external,172,0.9473684210526316
mshse_selective_ensemble,external,173,0.8947368421052632
mshse_selective_ensemble,external,174,0.052631578947368474
mshse_selective_ensemble,external,175,0.9473684210526316
mshse_selective_ensemble,external,176,0.5
mshse_selective_ensemble,external,177,0.5263157894736842
mshse_selective_ensemble,external,178,0.10526315789473684
mshse_selective_ensemble,external,179,0.4736842105263158
mshse_selective_ensemble,external,180,0.5263157894736843
mshse_selective_ensemble,external,181,0.4736842105263158
mshse_selective_ensemble,external,182,0.5263157894736843
mshse_selective_ensemble,external,183,0.5
mshse_selective_ensemble,external,184,0.5
mshse_selective_ensemble,external,185,0.44736842105263164
mshse_selective_ensemble,external,186,0.052631578947368474
mshse_selective_ensemble,external,187,0.4736842105263158
mshse_selective_ensemble,external,188,0.4473684210526316
mshse_selective_ensemble,external,189,0.052631578947368474
mshse_selective_ensemble,external,190,0.052631578947368474
mshse_selective_ensemble,external,191,0.4736842105263158
mshse_selective_ensemble,external,192,0.5
mshse_selective_ensemble,external,193,0.052631578947368474
mshse_selective_ensemble,external,194,0.5263157894736842
mshse_selective_ensemble,external,195,0.0
mshse_selective_ensemble,external,196,0.5263157894736843
mshse_selective_ensemble,external,197,0.9473684210526315
mshse_selective_ensemble,external,198,0.4473684210526316
mshse_selective_ensemble,external,199,0.0
mshse_selective_ensemble,external,200,0.5263157894736843
mshse_selective_ensemble,external,201,0.9473684210526316
mshse_selective_ensemble,external,202,0.5
mshse_selective_ensemble,external,203,0.5263157894736843
mshse_selective_ensemble,external,204,0.0
mshse_selective_ensemble,external,205,0.9473684210526315
mshse_selective_ensemble,external,206,0.0
mshse_selective_ensemble,external,207,0.4736842105263158
mshse_selective_ensemble,external,208,1.0
mshse_selective_ensemble,external,209,1.0
mshse_selective_ensemble,external,210,0.10526315789473684
mshse_selective_ensemble,external,211,1.0
mshse_selective_ensemble,external,212,0.5263157894736843
mshse_selective_ensemble,external,213,0.5526315789473684
mshse_selective_ensemble,external,214,0.10526315789473684
mshse_selective_ensemble,external,215,0.5
mshse_selective_ensemble,external,216,0.9473684210526315
mshse_selective_ensemble,external,217,0.5263157894736843
mshse_selective_ensemble,external,218,0.4736842105263158
mshse_selective_ensemble,external,219,0.4736842105263158
mshse_selective_ensemble,external,220,0.4736842105263158
mshse_selective_ensemble,external,221,0.4736842105263158
mshse_selective_ensemble,external,222,0.10526315789473684
mshse_selective_ensemble,external,223,0.5526315789473685
mshse_selective_ensemble,external,224,0.9473684210526315
mshse_selective_ensemble,external,225,1.0
mshse_selective_ensemble,external,226,0.10526315789473684
mshse_selective_ensemble,external,227,0.052631578947368474
mshse_selective_ensemble,external,228,0.8421052631578947
mshse_selective_ensemble,external,229,0.5
mshse_selective_ensemble,external,230,0.9473684210526315
mshse_selective_ensemble,external,231,0.052631578947368474
mshse_selective_ensemble,external,232,0.4736842105263158
mshse_selective_ensemble,external,233,0.5
mshse_selective_ensemble,external,234,0.1578947368421053
mshse_selective_ensemble,external,235,0.44736842105263164
mshse_selective_ensemble,external,236,0.9473684210526315
mshse_selective_ensemble,external,237,0.9473684210526315
mshse_selective_ensemble,external,238,1.0
mshse_selective_ensemble,external,239,1.0
mshse_selective_ensemble,external,240,0.0
mshse_selective_ensemble,external,241,0.10526315789473684
mshse_selective_ensemble,external,242,0.5
mshse_selective_ensemble,external,243,0.8421052631578948
mshse_selective_ensemble,external,244,0.8421052631578947
mshse_selective_ensemble,external,245,1.0
mshse_selective_ensemble,external,246,0.42105263157894735
mshse_selective_ensemble,external,247,1.0
mshse_selective_ensemble,external,248,0.5
mshse_selective_ensemble,external,249,0.5
mshse_selective_ensemble,external,250,0.4736842105263158
mshse_selective_ensemble,external,251,1.0
mshse_selective_ensemble,external,252,0.4473684210526316
mshse_selective_ensemble,external,253,0.052631578947368474
mshse_selective_ensemble,external,254,0.0
mshse_selective_ensemble,external,255,0.0
mshse_selective_ensemble,external,256,0.8947368421052632
mshse_selective_ensemble,external,257,0.052631578947368474
mshse_selective_ensemble,external,258,0.5
mshse_selective_ensemble,external,259,0.052631578947368474
mshse_selective_ensemble,external,260,0.44736842105263164
mshse_selective_ensemble,external,261,0.4473684210526316
mshse_selective_ensemble,external,262,0.4473684210526316
mshse_selective_ensemble,external,263,0.4473684210526316
mshse_selective_ensemble,external,264,0.5
mshse_selective_ensemble,external,265,0.5
mshse_selective_ensemble,external,266,1.0
mshse_selective_ensemble,external,267,0.5526315789473684
mshse_selective_ensemble,external,268,0.5
mshse_selective_ensemble,external,269,0.5
mshse_selective_ensemble,external,270,0.8947368421052632
mshse_selective_ensemble,external,271,0.9473684210526316
mshse_selective_ensemble,external,272,0.8947368421052632
mshse_selective_ensemble,external,273,0.5263157894736842
mshse_selective_ensemble,external,274,0.9473684210526315
mshse_selective_ensemble,external,275,0.5
mshse_selective_ensemble,external,276,0.5263157894736842
mshse_selective_ensemble,external,277,0.8947368421052632
mshse_selective_ensemble,external,278,0.5263157894736843
mshse_selective_ensemble,external,279,0.8421052631578948
mshse_selective_ensemble,external,280,0.052631578947368474
mshse_selective_ensemble,external,281,0.5263157894736843
mshse_selective_ensemble,external,282,0.44736842105263164
mshse_selective_ensemble,external,283,0.4473684210526316
mshse_selective_ensemble,external,284,0.0
mshse_selective_ensemble,external,285,0.5
mshse_selective_ensemble,external,286,0.5263157894736842
mshse_selective_ensemble,external,287,0.10526315789473684
mshse_selective_ensemble,external,288,0.10526315789473684
mshse_selective_ensemble,external,289,0.5526315789473684
mshse_selective_ensemble,external,290,0.5789473684210527
mshse_selective_ensemble,external,291,0.5263157894736843
mshse_selective_ensemble,external,292,0.5
mshse_selective_ensemble,external,293,0.5526315789473684
mshse_selective_ensemble,external,294,0.5
mshse_selective_ensemble,external,295,0.052631578947368474
mshse_selective_ensemble,external,296,0.10526315789473684
mshse_selective_ensemble,external,297,0.052631578947368474
mshse_selective_ensemble,external,298,0.8947368421052632
mshse_selective_ensemble,external,299,0.10526315789473684
mshse_selective_ensemble,external,300,0.9473684210526316
mshse_selective_ensemble,external,301,0.39473684210526316
mshse_selective_ensemble,external,302,0.49999999999999994
mshse_selective_ensemble,external,303,0.4736842105263158
mshse_selective_ensemble,external,304,0.47368421052631576
mshse_selective_ensemble,external,305,1.0
mshse_selective_ensemble,external,306,0.5263157894736843
mshse_selective_ensemble,external,307,0.0
mshse_selective_ensemble,external,308,1.0
mshse_selective_ensemble,external,309,0.39473684210526316
mshse_selective_ensemble,external,310,0.8947368421052632
mshse_selective_ensemble,external,311,1.0
mshse_selective_ensemble,external,312,0.0
mshse_selective_ensemble,external,313,0.4736842105263158
mshse_selective_ensemble,external,314,0.9473684210526315
mshse_selective_ensemble,external,315,0.8421052631578947
mshse_selective_ensemble,external,316,0.5
mshse_selective_ensemble,external,317,0.052631578947368474
mshse_selective_ensemble,external,318,0.0
mshse_selective_ensemble,external,319,0.4736842105263158
mshse_selective_ensemble,external,320,0.8947368421052632
mshse_selective_ensemble,external,321,0.8947368421052632
mshse_selective_ensemble,external,322,0.5
mshse_selective_ensemble,external,323,0.5526315789473685
mshse_selective_ensemble,external,324,1.0
mshse_selective_ensemble,external,325,1.0
mshse_selective_ensemble,external,326,0.8947368421052632
mshse_selective_ensemble,external,327,0.605263157894737
mshse_selective_ensemble,external,328,0.5789473684210527
mshse_selective_ensemble,external,329,0.5263157894736842
mshse_selective_ensemble,external,330,0.5526315789473684
mshse_selective_ensemble,external,331,0.5526315789473685
mshse_selective_ensemble,external,332,0.9473684210526316
mshse_selective_ensemble,external,333,0.10526315789473684
mshse_selective_ensemble,external,334,0.0
mshse_selective_ensemble,external,335,0.5263157894736843
mshse_selective_ensemble,external,336,1.0
mshse_selective_ensemble,external,337,0.4473684210526316
mshse_selective_ensemble,external,338,0.8421052631578948
mshse_selective_ensemble,external,339,0.1578947368421053
mshse_selective_ensemble,external,340,0.5526315789473684
mshse_selective_ensemble,external,341,0.0
mshse_selective_ensemble,external,342,0.1578947368421053
mshse_selective_ensemble,external,343,0.5
mshse_selective_ensemble,external,344,0.5263157894736843
mshse_selective_ensemble,external,345,0.5789473684210527
mshse_selective_ensemble,external,346,0.1578947368421053
mshse_selective_ensemble,external,347,0.5263157894736843
mshse_selective_ensemble,external,348,0.052631578947368474
mshse_selective_ensemble,external,349,0.5789473684210527
mshse_selective_ensemble,external,350,0.8947368421052632
mshse_selective_ensemble,external,351,0.5
mshse_selective_ensemble,external,352,0.9473684210526315
mshse_selective_ensemble,external,353,0.5526315789473684
mshse_selective_ensemble,external,354,0.42105263157894735
mshse_selective_ensemble,external,355,0.4736842105263158
mshse_selective_ensemble,external,356,0.8947368421052632
mshse_selective_ensemble,external,357,0.0
mshse_selective_ensemble,external,358,0.5526315789473685
mshse_selective_ensemble,external,359,0.1578947368421053
mshse_selective_ensemble,external,360,0.9473684210526316
mshse_selective_ensemble,external,361,0.052631578947368474
mshse_selective_ensemble,external,362,0.5
mshse_selective_ensemble,external,363,0.9473684210526316
mshse_selective_ensemble,external,364,0.8421052631578948
mshse_selective_ensemble,external,365,0.5263157894736843
mshse_selective_ensemble,external,366,0.8947368421052632
mshse_selective_ensemble,external,367,0.5263157894736843
mshse_selective_ensemble,external,368,0.9473684210526315
mshse_selective_ensemble,external,369,0.9473684210526316
mshse_selective_ensemble,external,370,0.4736842105263158
mshse_selective_ensemble,external,371,0.5
mshse_selective_ensemble,external,372,0.052631578947368474
mshse_selective_ensemble,external,373,0.9473684210526316
mshse_selective_ensemble,external,374,0.9473684210526315
mshse_selective_ensemble,external,375,0.5526315789473685
mshse_selective_ensemble,external,376,0.5
mshse_selective_ensemble,external,377,0.5789473684210527
mshse_selective_ensemble,external,378,0.4736842105263158
mshse_selective_ensemble,external,379,0.9473684210526315
mshse_selective_ensemble,external,380,0.0
mshse_selective_ensemble,external,381,0.9473684210526316
mshse_selective_ensemble,external,382,0.47368421052631576
mshse_selective_ensemble,external,383,0.0
mshse_selective_ensemble,external,384,0.5
mshse_selective_ensemble,external,385,0.5
mshse_selective_ensemble,external,386,0.5263157894736842
mshse_selective_ensemble,external,387,0.5
mshse_selective_ensemble,external,388,1.0
mshse_selective_ensemble,external,389,0.4736842105263158
mshse_selective_ensemble,external,390,0.10526315789473684
mshse_selective_ensemble,external,391,1.0
mshse_selective_ensemble,external,392,0.4736842105263158
mshse_selective_ensemble,external,393,0.4473684210526316
mshse_selective_ensemble,external,394,0.5
mshse_selective_ensemble,external,395,1.0
mshse_selective_ensemble,external,396,0.5
mshse_selective_ensemble,external,397,0.052631578947368474
mshse_selective_ensemble,external,398,0.4736842105263158
mshse_selective_ensemble,external,399,0.5263157894736842
mshse_selective_ensemble,external,400,0.5789473684210527
mshse_selective_ensemble,external,401,0.4473684210526316
mshse_selective_ensemble,external,402,0.9473684210526316
mshse_selective_ensemble,external,403,1.0
mshse_selective_ensemble,external,404,0.10526315789473684
mshse_selective_ensemble,external,405,0.5263157894736843
mshse_selective_ensemble,external,406,0.5263157894736843
mshse_selective_ensemble,external,407,0.4736842105263158
mshse_selective_ensemble,external,408,0.9473684210526316
mshse_selective_ensemble,external,409,1.0
mshse_selective_ensemble,external,410,0.4736842105263158
mshse_selective_ensemble,external,411,0.5263157894736843
mshse_selective_ensemble,external,412,0.4736842105263158
mshse_selective_ensemble,external,413,0.47368421052631576
mshse_selective_ensemble,external,414,0.0
mshse_selective_ensemble,external,415,0.9473684210526316
mshse_selective_ensemble,external,416,0.5
mshse_selective_ensemble,external,417,0.5526315789473684
mshse_selective_ensemble,external,418,0.052631578947368474
mshse_selective_ensemble,external,419,0.5263157894736843
mshse_selective_ensemble,external,420,0.5263157894736843
mshse_selective_ensemble,external,421,0.5526315789473684
mshse_selective_ensemble,external,422,0.4473684210526316
mshse_selective_ensemble,external,423,0.0
mshse_selective_ensemble,external,424,0.052631578947368474
mshse_selective_ensemble,external,425,0.5263157894736843
mshse_selective_ensemble,external,426,0.5
mshse_selective_ensemble,external,427,0.5
mshse_selective_ensemble,external,428,0.052631578947368474
mshse_selective_ensemble,external,429,0.44736842105263164
mshse_selective_ensemble,external,430,0.10526315789473684
mshse_selective_ensemble,external,431,0.5263157894736842
mshse_selective_ensemble,external,432,0.8947368421052633
mshse_selective_ensemble,external,433,1.0
mshse_selective_ensemble,external,434,0.052631578947368474
mshse_selective_ensemble,external,435,0.5
mshse_selective_ensemble,external,436,0.4736842105263158
mshse_selective_ensemble,external,437,0.8947368421052632
mshse_selective_ensemble,external,438,0.5
mshse_selective_ensemble,external,439,0.5263157894736842
mshse_selective_ensemble,external,440,0.4736842105263158
mshse_selective_ensemble,external,441,0.5
mshse_selective_ensemble,external,442,0.5263157894736842
mshse_selective_ensemble,external,443,1.0
mshse_selective_ensemble,external,444,0.10526315789473684
mshse_selective_ensemble,external,445,0.0
mshse_selective_ensemble,external,446,0.10526315789473684
mshse_selective_ensemble,external,447,0.10526315789473684
mshse_selective_ensemble,external,448,0.5263157894736843
mshse_selective_ensemble,external,449,0.8947368421052632
mshse_selective_ensemble,external,450,0.5526315789473684
mshse_selective_ensemble,external,451,0.5263157894736843
mshse_selective_ensemble,external,452,0.5
mshse_selective_ensemble,external,453,0.0
mshse_selective_ensemble,external,454,0.6052631578947368
mshse_selective_ensemble,external,455,0.5263157894736843
mshse_selective_ensemble,external,456,0.5
mshse_selective_ensemble,external,457,0.47368421052631576
mshse_selective_ensemble,external,458,0.0
mshse_selective_ensemble,external,459,0.5526315789473685
mshse_selective_ensemble,external,460,0.5526315789473685
mshse_selective_ensemble,external,461,0.4736842105263158
mshse_selective_ensemble,external,462,0.10526315789473684
mshse_selective_ensemble,external,463,1.0
mshse_selective_ensemble,external,464,0.8947368421052633
mshse_selective_ensemble,external,465,0.47368421052631576
mshse_selective_ensemble,external,466,0.4473684210526316
mshse_selective_ensemble,external,467,0.0
mshse_selective_ensemble,external,468,1.0
mshse_selective_ensemble,external,469,0.8947368421052632
mshse_selective_ensemble,external,470,0.10526315789473684
mshse_selective_ensemble,external,471,0.8421052631578947
mshse_selective_ensemble,external,472,0.42105263157894735
mshse_selective_ensemble,external,473,0.5789473684210527
mshse_selective_ensemble,external,474,0.4736842105263158
mshse_selective_ensemble,external,475,0.4473684210526316
mshse_selective_ensemble,external,476,0.5263157894736843
mshse_selective_ensemble,external,477,0.1578947368421053
mshse_selective_ensemble,external,478,0.5526315789473684
mshse_selective_ensemble,external,479,0.052631578947368474
mshse_selective_ensemble,external,480,0.5263157894736843
mshse_selective_ensemble,external,481,0.5263157894736843
mshse_selective_ensemble,external,482,0.4473684210526315
mshse_selective_ensemble,external,483,0.0
mshse_selective_ensemble,external,484,0.052631578947368474
mshse_selective_ensemble,external,485,0.8421052631578947
mshse_selective_ensemble,external,486,0.5
mshse_selective_ensemble,external,487,0.5
mshse_selective_ensemble,external,488,1.0
mshse_selective_ensemble,external,489,0.5
mshse_selective_ensemble,external,490,0.5
mshse_selective_ensemble,external,491,0.10526315789473684
mshse_selective_ensemble,external,492,0.1578947368421053
mshse_selective_ensemble,external,493,0.052631578947368474
mshse_selective_ensemble,external,494,0.5263157894736843
mshse_selective_ensemble,external,495,1.0
mshse_selective_ensemble,external,496,0.8947368421052632
mshse_selective_ensemble,external,497,1.0
mshse_selective_ensemble,external,498,0.5
mshse_selective_ensemble,external,499,0.44736842105263164
mshse_selective_ensemble,external,500,0.5263157894736843
mshse_selective_ensemble,external,501,0.5263157894736843
mshse_selective_ensemble,external,502,0.0
mshse_selective_ensemble,external,503,0.5
mshse_selective_ensemble,external,504,0.4736842105263158
mshse_selective_ensemble,external,505,1.0
mshse_selective_ensemble,external,506,0.052631578947368474
mshse_selective_ensemble,external,507,0.5
mshse_selective_ensemble,external,508,0.5
mshse_selective_ensemble,external,509,0.052631578947368474
mshse_selective_ensemble,external,510,0.5
mshse_selective_ensemble,external,511,0.052631578947368474
mshse_selective_ensemble,external,512,0.5789473684210527
mshse_selective_ensemble,external,513,0.47368421052631576
mshse_selective_ensemble,external,514,0.5263157894736843
mshse_selective_ensemble,external,515,0.5
mshse_selective_ensemble,external,516,0.052631578947368474
mshse_selective_ensemble,external,517,0.5
mshse_selective_ensemble,external,518,0.5526315789473684
mshse_selective_ensemble,external,519,0.4736842105263158
mshse_selective_ensemble,external,520,0.6052631578947368
mshse_selective_ensemble,external,521,0.1578947368421053
mshse_selective_ensemble,external,522,1.0
mshse_selective_ensemble,external,523,0.052631578947368474
mshse_selective_ensemble,external,524,1.0
mshse_selective_ensemble,external,525,0.5
mshse_selective_ensemble,external,526,0.0
mshse_selective_ensemble,external,527,0.4736842105263158
mshse_selective_ensemble,external,528,0.4736842105263158
mshse_selective_ensemble,external,529,1.0
mshse_selective_ensemble,external,530,0.8947368421052632
mshse_selective_ensemble,external,531,0.894736842105263
mshse_selective_ensemble,external,532,0.0
mshse_selective_ensemble,external,533,0.0
mshse_selective_ensemble,external,534,0.9473684210526316
mshse_selective_ensemble,external,535,0.0
mshse_selective_ensemble,external,536,0.5263157894736843
mshse_selective_ensemble,external,537,0.4736842105263158
mshse_selective_ensemble,external,538,0.5526315789473684
mshse_selective_ensemble,external,539,0.052631578947368474
mshse_selective_ensemble,external,540,0.0
mshse_selective_ensemble,external,541,0.7894736842105263
mshse_selective_ensemble,external,542,0.4736842105263158
mshse_selective_ensemble,external,543,0.47368421052631576
mshse_selective_ensemble,external,544,0.9473684210526316
mshse_selective_ensemble,external,545,0.5263157894736843
mshse_selective_ensemble,external,546,0.052631578947368474
mshse_selective_ensemble,external,547,0.5
mshse_selective_ensemble,external,548,0.4736842105263158
mshse_selective_ensemble,external,549,0.42105263157894735
mshse_selective_ensemble,external,550,0.5526315789473684
mshse_selective_ensemble,external,551,0.4736842105263158
mshse_selective_ensemble,external,552,0.8947368421052632
mshse_selective_ensemble,external,553,0.5
mshse_selective_ensemble,external,554,1.0
mshse_selective_ensemble,external,555,0.5263157894736843
mshse_selective_ensemble,external,556,0.052631578947368474
mshse_selective_ensemble,external,557,0.9473684210526316
mshse_selective_ensemble,external,558,0.0
mshse_selective_ensemble,external,559,0.1578947368421053
mshse_selective_ensemble,external,560,0.47368421052631576
mshse_selective_ensemble,external,561,0.5263157894736843
mshse_selective_ensemble,external,562,0.44736842105263164
mshse_selective_ensemble,external,563,0.5263157894736843
mshse_selective_ensemble,external,564,0.5
mshse_selective_ensemble,external,565,0.9473684210526316
mshse_selective_ensemble,external,566,0.10526315789473684
mshse_selective_ensemble,external,567,0.9473684210526315
mshse_selective_ensemble,external,568,0.052631578947368474
mshse_selective_ensemble,external,569,0.5263157894736843
mshse_selective_ensemble,external,570,0.5263157894736843
mshse_selective_ensemble,external,571,1.0
mshse_selective_ensemble,external,572,0.5
mshse_selective_ensemble,external,573,0.368421052631579
mshse_selective_ensemble,external,574,0.0
mshse_selective_ensemble,external,575,0.9473684210526315
mshse_selective_ensemble,external,576,0.1578947368421053
mshse_selective_ensemble,external,577,1.0
mshse_selective_ensemble,external,578,0.5
mshse_selective_ensemble,external,579,0.5526315789473684
mshse_selective_ensemble,external,580,0.4736842105263158
mshse_selective_ensemble,external,581,0.4736842105263158
mshse_selective_ensemble,external,582,0.5
mshse_selective_ensemble,external,583,0.8947368421052632
mshse_selective_ensemble,external,584,0.0
mshse_selective_ensemble,external,585,0.5
mshse_selective_ensemble,external,586,0.42105263157894735
mshse_selective_ensemble,external,587,0.4736842105263158
mshse_selective_ensemble,external,588,0.0
mshse_selective_ensemble,external,589,0.5263157894736843
mshse_selective_ensemble,external,590,0.5526315789473684
mshse_selective_ensemble,external,591,0.5
mshse_selective_ensemble,external,592,0.4473684210526316
mshse_selective_ensemble,external,593,0.9473684210526315
mshse_selective_ensemble,external,594,0.4210526315789474
mshse_selective_ensemble,external,595,0.5
mshse_selective_ensemble,external,596,0.8947368421052632
mshse_selective_ensemble,external,597,0.5263157894736842
mshse_selective_ensemble,external,598,0.4736842105263158
mshse_selective_ensemble,external,599,0.4473684210526316
mshse_selective_ensemble,external,600,0.9473684210526316
mshse_selective_ensemble,external,601,0.5
mshse_selective_ensemble,external,602,0.47368421052631576
mshse_selective_ensemble,external,603,0.052631578947368474
mshse_selective_ensemble,external,604,0.44736842105263164
mshse_selective_ensemble,external,605,0.8947368421052632
mshse_selective_ensemble,external,606,0.052631578947368474
mshse_selective_ensemble,external,607,0.5263157894736843
mshse_selective_ensemble,external,608,0.0
mshse_selective_ensemble,external,609,0.4736842105263158
mshse_selective_ensemble,external,610,0.052631578947368474
mshse_selective_ensemble,external,611,0.5
mshse_selective_ensemble,external,612,1.0
mshse_selective_ensemble,external,613,0.052631578947368474
mshse_selective_ensemble,external,614,0.5526315789473684
mshse_selective_ensemble,external,615,0.4210526315789474
mshse_selective_ensemble,external,616,0.5263157894736843
mshse_selective_ensemble,external,617,0.39473684210526316
mshse_selective_ensemble,external,618,0.9473684210526315
mshse_selective_ensemble,external,619,0.5
mshse_selective_ensemble,external,620,0.5263157894736843
mshse_selective_ensemble,external,621,0.0
mshse_selective_ensemble,external,622,0.5
mshse_selective_ensemble,external,623,0.5
mshse_selective_ensemble,external,624,0.8947368421052632
mshse_selective_ensemble,external,625,0.5
mshse_selective_ensemble,external,626,0.052631578947368474
mshse_selective_ensemble,external,627,0.4736842105263158
mshse_selective_ensemble,external,628,0.5
mshse_selective_ensemble,external,629,0.1578947368421053
mshse_selective_ensemble,external,630,0.0
mshse_selective_ensemble,external,631,0.9473684210526315
mshse_selective_ensemble,external,632,0.5
mshse_selective_ensemble,external,633,0.5
mshse_selective_ensemble,external,634,1.0
mshse_selective_ensemble,external,635,0.1578947368421053
mshse_selective_ensemble,external,636,0.5263157894736843
mshse_selective_ensemble,external,637,0.5263157894736842
mshse_selective_ensemble,external,638,0.052631578947368474
mshse_selective_ensemble,external,639,0.5
mshse_selective_ensemble,external,640,1.0
mshse_selective_ensemble,external,641,0.052631578947368474
mshse_selective_ensemble,external,642,0.5789473684210527
mshse_selective_ensemble,external,643,0.368421052631579
mshse_selective_ensemble,external,644,0.5526315789473685
mshse_selective_ensemble,external,645,0.4736842105263158
mshse_selective_ensemble,external,646,0.4473684210526316
mshse_selective_ensemble,external,647,0.8421052631578947
mshse_selective_ensemble,external,648,0.4473684210526316
mshse_selective_ensemble,external,649,0.39473684210526316
mshse_selective_ensemble,external,650,1.0
mshse_selective_ensemble,external,651,0.4736842105263158
mshse_selective_ensemble,external,652,1.0
mshse_selective_ensemble,external,653,0.8947368421052632
mshse_selective_ensemble,external,654,1.0
mshse_selective_ensemble,external,655,0.4473684210526316
mshse_selective_ensemble,external,656,0.052631578947368474
mshse_selective_ensemble,external,657,0.052631578947368474
mshse_selective_ensemble,external,658,0.10526315789473684
mshse_selective_ensemble,external,659,0.1578947368421053
mshse_selective_ensemble,external,660,0.5
mshse_selective_ensemble,external,661,0.4736842105263158
mshse_selective_ensemble,external,662,0.5263157894736843
mshse_selective_ensemble,external,663,0.9473684210526316
mshse_selective_ensemble,external,664,0.052631578947368474
mshse_selective_ensemble,external,665,0.4736842105263158
mshse_selective_ensemble,external,666,0.5263157894736843
mshse_selective_ensemble,external,667,0.0
mshse_selective_ensemble,external,668,0.4473684210526315
mshse_selective_ensemble,external,669,0.052631578947368474
mshse_selective_ensemble,external,670,0.5263157894736842
mshse_selective_ensemble,external,671,0.8947368421052632
mshse_selective_ensemble,external,672,1.0
mshse_selective_ensemble,external,673,0.47368421052631576
mshse_selective_ensemble,external,674,0.0
mshse_selective_ensemble,external,675,0.5
mshse_selective_ensemble,external,676,0.9473684210526315
mshse_selective_ensemble,external,677,0.5
mshse_selective_ensemble,external,678,0.052631578947368474
mshse_selective_ensemble,external,679,0.47368421052631576
mshse_selective_ensemble,external,680,0.8421052631578948
mshse_selective_ensemble,external,681,0.8947368421052632
mshse_selective_ensemble,external,682,0.5263157894736843
mshse_selective_ensemble,external,683,0.5
mshse_selective_ensemble,external,684,0.9473684210526316
mshse_selective_ensemble,external,685,0.5
mshse_selective_ensemble,external,686,0.052631578947368474
mshse_selective_ensemble,external,687,0.9473684210526316
mshse_selective_ensemble,external,688,0.5263157894736843
mshse_selective_ensemble,external,689,0.0
mshse_selective_ensemble,external,690,0.5
mshse_selective_ensemble,external,691,0.5
mshse_selective_ensemble,external,692,0.4473684210526316
mshse_selective_ensemble,external,693,0.052631578947368474
mshse_selective_ensemble,external,694,0.5
mshse_selective_ensemble,external,695,0.10526315789473684
mshse_selective_ensemble,external,696,0.4736842105263158
mshse_selective_ensemble,external,697,0.8421052631578948
mshse_selective_ensemble,external,698,0.0
mshse_selective_ensemble,external,699,1.0
mshse_selective_ensemble,external,700,0.9473684210526316
mshse_selective_ensemble,external,701,0.894736842105263
mshse_selective_ensemble,external,702,0.4736842105263158
mshse_selective_ensemble,external,703,0.4736842105263158
mshse_selective_ensemble,external,704,0.5526315789473685
mshse_selective_ensemble,external,705,0.4736842105263158
mshse_selective_ensemble,external,706,0.9473684210526316
mshse_selective_ensemble,external,707,0.9473684210526316
mshse_selective_ensemble,external,708,0.4473684210526315
mshse_selective_ensemble,external,709,0.5789473684210527
mshse_selective_ensemble,external,710,0.5
mshse_selective_ensemble,external,711,0.5263157894736843
mshse_selective_ensemble,external,712,0.5
mshse_selective_ensemble,external,713,0.0
mshse_selective_ensemble,external,714,0.5263157894736843
mshse_selective_ensemble,external,715,0.4473684210526316
mshse_selective_ensemble,external,716,0.0
mshse_selective_ensemble,external,717,0.4736842105263158
mshse_selective_ensemble,external,718,0.4473684210526316
mshse_selective_ensemble,external,719,0.5
mshse_selective_ensemble,external,720,0.9473684210526315
mshse_selective_ensemble,external,721,0.9473684210526316
mshse_selective_ensemble,external,722,0.4736842105263158
mshse_selective_ensemble,external,723,0.8947368421052632
mshse_selective_ensemble,external,724,0.5
mshse_selective_ensemble,external,725,0.5263157894736843
mshse_selective_ensemble,external,726,0.5
mshse_selective_ensemble,external,727,0.5
mshse_selective_ensemble,external,728,0.5263157894736843
mshse_selective_ensemble,external,729,0.5
mshse_selective_ensemble,external,730,0.052631578947368474
mshse_selective_ensemble,external,731,1.0
mshse_selective_ensemble,external,732,0.5
mshse_selective_ensemble,external,733,0.5
mshse_selective_ensemble,external,734,0.8947368421052632
mshse_selective_ensemble,external,735,0.052631578947368474
mshse_selective_ensemble,external,736,0.4473684210526316
mshse_selective_ensemble,external,737,0.0
mshse_selective_ensemble,external,738,0.052631578947368474
mshse_selective_ensemble,external,739,0.4736842105263158
mshse_selective_ensemble,external,740,0.5263157894736843
mshse_selective_ensemble,external,741,0.9473684210526316
mshse_selective_ensemble,external,742,0.5263157894736842
mshse_selective_ensemble,external,743,0.10526315789473684
mshse_selective_ensemble,external,744,0.5263157894736843
mshse_selective_ensemble,external,745,0.4736842105263158
mshse_selective_ensemble,external,746,0.5
mshse_selective_ensemble,external,747,0.5
mshse_selective_ensemble,external,748,0.5
mshse_selective_ensemble,external,749,0.5
mshse_selective_ensemble,external,750,0.0
mshse_selective_ensemble,external,751,0.5263157894736843
mshse_selective_ensemble,external,752,0.1578947368421053
mshse_selective_ensemble,external,753,0.5
mshse_selective_ensemble,external,754,0.0
mshse_selective_ensemble,external,755,0.4736842105263158
mshse_selective_ensemble,external,756,0.052631578947368474
mshse_selective_ensemble,external,757,0.052631578947368474
mshse_selective_ensemble,external,758,0.5
mshse_selective_ensemble,external,759,0.9473684210526316
mshse_selective_ensemble,external,760,0.052631578947368474
mshse_selective_ensemble,external,761,0.4473684210526316
mshse_selective_ensemble,external,762,0.4736842105263158
mshse_selective_ensemble,external,763,0.4736842105263158
mshse_selective_ensemble,external,764,0.5
mshse_selective_ensemble,external,765,0.44736842105263164
mshse_selective_ensemble,external,766,0.9473684210526316
mshse_selective_ensemble,external,767,0.5
mshse_selective_ensemble,external,768,0.5
mshse_selective_ensemble,external,769,0.0
mshse_selective_ensemble,external,770,0.8421052631578947
mshse_selective_ensemble,external,771,0.0
mshse_selective_ensemble,external,772,0.5
mshse_selective_ensemble,external,773,0.8947368421052632
mshse_selective_ensemble,external,774,0.0
mshse_selective_ensemble,external,775,0.5
mshse_selective_ensemble,external,776,0.4473684210526316
mshse_selective_ensemble,external,777,0.5263157894736843
mshse_selective_ensemble,external,778,0.10526315789473684
mshse_selective_ensemble,external,779,0.9473684210526316
mshse_selective_ensemble,external,780,0.5
mshse_selective_ensemble,external,781,0.5789473684210527
mshse_selective_ensemble,external,782,0.0
mshse_selective_ensemble,external,783,0.052631578947368474
mshse_selective_ensemble,external,784,0.6052631578947368
mshse_selective_ensemble,external,785,0.9473684210526316
mshse_selective_ensemble,external,786,0.0
mshse_selective_ensemble,external,787,0.052631578947368474
mshse_selective_ensemble,external,788,0.4736842105263158
mshse_selective_ensemble,external,789,0.4736842105263158
mshse_selective_ensemble,external,790,0.5526315789473685
mshse_selective_ensemble,external,791,0.4736842105263158
mshse_selective_ensemble,external,792,0.1578947368421053
mshse_selective_ensemble,external,793,0.8947368421052632
mshse_selective_ensemble,external,794,0.5263157894736842
mshse_selective_ensemble,external,795,0.052631578947368474
mshse_selective_ensemble,external,796,0.052631578947368474
mshse_selective_ensemble,external,797,0.5
mshse_selective_ensemble,external,798,0.8947368421052632
mshse_selective_ensemble,external,799,1.0
mshse_selective_ensemble,external,800,0.10526315789473684
mshse_selective_ensemble,external,801,0.0
mshse_selective_ensemble,external,802,0.8947368421052632
mshse_selective_ensemble,external,803,0.5
mshse_selective_ensemble,external,804,0.9473684210526315
mshse_selective_ensemble,external,805,0.47368421052631576
mshse_selective_ensemble,external,806,0.4736842105263158
mshse_selective_ensemble,external,807,0.9473684210526316
mshse_selective_ensemble,external,808,0.4736842105263158
mshse_selective_ensemble,external,809,1.0
mshse_selective_ensemble,external,810,0.9473684210526315
mshse_selective_ensemble,external,811,0.10526315789473684
mshse_selective_ensemble,external,812,0.0
mshse_selective_ensemble,external,813,0.8947368421052632
mshse_selective_ensemble,external,814,0.5
mshse_selective_ensemble,external,815,0.0
mshse_selective_ensemble,external,816,0.5263157894736843
mshse_selective_ensemble,external,817,0.9473684210526316
mshse_selective_ensemble,external,818,0.5263157894736843
mshse_selective_ensemble,external,819,0.0
mshse_selective_ensemble,external,820,0.10526315789473684
mshse_selective_ensemble,external,821,1.0
mshse_selective_ensemble,external,822,0.8421052631578947
mshse_selective_ensemble,external,823,0.0
mshse_selective_ensemble,external,824,0.5789473684210527
mshse_selective_ensemble,external,825,0.1578947368421053
mshse_selective_ensemble,external,826,0.052631578947368474
mshse_selective_ensemble,external,827,0.5526315789473685
mshse_selective_ensemble,external,828,0.052631578947368474
mshse_selective_ensemble,external,829,0.5263157894736843
mshse_selective_ensemble,external,830,0.0
mshse_selective_ensemble,external,831,0.5263157894736843
mshse_selective_ensemble,external,832,1.0
mshse_selective_ensemble,external,833,0.9473684210526316
mshse_selective_ensemble,external,834,0.0
mshse_selective_ensemble,external,835,0.9473684210526316
mshse_selective_ensemble,external,836,0.052631578947368474
mshse_selective_ensemble,external,837,0.5263157894736843
mshse_selective_ensemble,external,838,0.4736842105263158
mshse_selective_ensemble,external,839,0.052631578947368474
mshse_selective_ensemble,external,840,0.0
mshse_selective_ensemble,external,841,0.4736842105263158
mshse_selective_ensemble,external,842,0.0
mshse_selective_ensemble,external,843,0.5526315789473685
mshse_selective_ensemble,external,844,0.9473684210526315
mshse_selective_ensemble,external,845,0.10526315789473684
mshse_selective_ensemble,external,846,0.5
mshse_selective_ensemble,external,847,0.1578947368421053
mshse_selective_ensemble,external,848,0.4473684210526316
mshse_selective_ensemble,external,849,0.5
mshse_selective_ensemble,external,850,0.736842105263158
mshse_selective_ensemble,external,851,0.052631578947368474
mshse_selective_ensemble,external,852,1.0
mshse_selective_ensemble,external,853,1.0
mshse_selective_ensemble,external,854,0.052631578947368474
mshse_selective_ensemble,external,855,0.5263157894736842
mshse_selective_ensemble,external,856,0.0
mshse_selective_ensemble,external,857,0.5
mshse_selective_ensemble,external,858,1.0
mshse_selective_ensemble,external,859,0.5263157894736842
mshse_selective_ensemble,external,860,0.052631578947368474
mshse_selective_ensemble,external,861,0.4736842105263158
mshse_selective_ensemble,external,862,0.0
mshse_selective_ensemble,external,863,0.5
mshse_selective_ensemble,external,864,0.5263157894736843
mshse_selective_ensemble,external,865,0.4736842105263158
mshse_selective_ensemble,external,866,0.5
mshse_selective_ensemble,external,867,0.8947368421052632
mshse_selective_ensemble,external,868,0.1578947368421053
mshse_selective_ensemble,external,869,0.052631578947368474
mshse_selective_ensemble,external,870,0.0
mshse_selective_ensemble,external,871,0.5263157894736842
mshse_selective_ensemble,external,872,1.0
mshse_selective_ensemble,external,873,0.9473684210526315
mshse_selective_ensemble,external,874,0.9473684210526316
mshse_selective_ensemble,external,875,0.9473684210526315
mshse_selective_ensemble,external,876,0.5526315789473685
mshse_selective_ensemble,external,877,0.5789473684210527
mshse_selective_ensemble,external,878,0.5526315789473684
mshse_selective_ensemble,external,879,0.1578947368421053
mshse_selective_ensemble,external,880,1.0
mshse_selective_ensemble,external,881,1.0
mshse_selective_ensemble,external,882,0.10526315789473684
mshse_selective_ensemble,external,883,0.5
mshse_selective_ensemble,external,884,0.052631578947368474
mshse_selective_ensemble,external,885,1.0
mshse_selective_ensemble,external,886,0.052631578947368474
mshse_selective_ensemble,external,887,0.47368421052631576
mshse_selective_ensemble,external,888,1.0
mshse_selective_ensemble,external,889,0.052631578947368474
mshse_selective_ensemble,external,890,0.4736842105263158
mshse_selective_ensemble,external,891,0.4736842105263158
mshse_selective_ensemble,external,892,0.052631578947368474
mshse_selective_ensemble,external,893,0.8421052631578947
mshse_selective_ensemble,external,894,0.9999999999999999
mshse_selective_ensemble,external,895,0.8421052631578948
mshse_selective_ensemble,external,896,0.4736842105263158
mshse_selective_ensemble,external,897,0.4473684210526316
mshse_selective_ensemble,external,898,0.9473684210526316
mshse_selective_ensemble,external,899,0.5263157894736842
mshse_selective_ensemble,external,900,0.052631578947368474
mshse_selective_ensemble,external,901,0.5789473684210527
mshse_selective_ensemble,external,902,0.5263157894736843
mshse_selective_ensemble,external,903,0.4736842105263158
mshse_selective_ensemble,external,904,0.5
mshse_selective_ensemble,external,905,0.4736842105263158
mshse_selective_ensemble,external,906,0.0
mshse_selective_ensemble,external,907,0.8421052631578947
mshse_selective_ensemble,external,908,0.9473684210526315
mshse_selective_ensemble,external,909,0.8947368421052632
mshse_selective_ensemble,external,910,0.5526315789473684
mshse_selective_ensemble,external,911,0.5
mshse_selective_ensemble,external,912,0.9473684210526316
mshse_selective_ensemble,external,913,0.052631578947368474
mshse_selective_ensemble,external,914,0.4473684210526316
mshse_selective_ensemble,external,915,0.5263157894736843
mshse_selective_ensemble,external,916,1.0
mshse_selective_ensemble,external,917,0.10526315789473684
mshse_selective_ensemble,external,918,0.0
mshse_selective_ensemble,external,919,0.0
mshse_selective_ensemble,external,920,0.4736842105263158
mshse_selective_ensemble,external,921,0.5263157894736843
mshse_selective_ensemble,external,922,0.5
mshse_selective_ensemble,external,923,0.4473684210526316
mshse_selective_ensemble,external,924,1.0
mshse_selective_ensemble,external,925,0.9473684210526316
mshse_selective_ensemble,external,926,0.5526315789473684
mshse_selective_ensemble,external,927,0.47368421052631576
mshse_selective_ensemble,external,928,0.5
mshse_selective_ensemble,external,929,0.4736842105263158
mshse_selective_ensemble,external,930,0.4736842105263158
mshse_selective_ensemble,external,931,0.5526315789473684
mshse_selective_ensemble,external,932,0.4736842105263158
mshse_selective_ensemble,external,933,0.5263157894736843
mshse_selective_ensemble,external,934,0.5
mshse_selective_ensemble,external,935,0.44736842105263164
mshse_selective_ensemble,external,936,0.4736842105263158
mshse_selective_ensemble,external,937,0.5
mshse_selective_ensemble,external,938,0.0
mshse_selective_ensemble,external,939,0.052631578947368474
mshse_selective_ensemble,external,940,1.0
mshse_selective_ensemble,external,941,0.5263157894736843
mshse_selective_ensemble,external,942,0.9473684210526316
mshse_selective_ensemble,external,943,0.47368421052631576
mshse_selective_ensemble,external,944,0.5
mshse_selective_ensemble,external,945,0.0
mshse_selective_ensemble,external,946,0.052631578947368474
mshse_selective_ensemble,external,947,0.4210526315789474
mshse_selective_ensemble,external,948,0.0
mshse_selective_ensemble,external,949,0.5
mshse_selective_ensemble,external,950,0.052631578947368474
mshse_selective_ensemble,external,951,0.5
mshse_selective_ensemble,external,952,0.8947368421052632
mshse_selective_ensemble,external,953,0.5263157894736843
mshse_selective_ensemble,external,954,0.5
mshse_selective_ensemble,external,955,1.0
mshse_selective_ensemble,external,956,0.5526315789473684
mshse_selective_ensemble,external,957,0.5526315789473684
mshse_selective_ensemble,external,958,0.5263157894736843
mshse_selective_ensemble,external,959,0.5
mshse_selective_ensemble,external,960,0.9473684210526316
mshse_selective_ensemble,external,961,0.1578947368421053
mshse_selective_ensemble,external,962,0.5263157894736843
mshse_selective_ensemble,external,963,0.0
mshse_selective_ensemble,external,964,0.44736842105263164
mshse_selective_ensemble,external,965,0.5
mshse_selective_ensemble,external,966,0.5526315789473684
mshse_selective_ensemble,external,967,0.5
mshse_selective_ensemble,external,968,0.5
mshse_selective_ensemble,external,969,0.44736842105263164
mshse_selective_ensemble,external,970,0.10526315789473684
mshse_selective_ensemble,external,971,0.8947368421052632
mshse_selective_ensemble,external,972,0.5
mshse_selective_ensemble,external,973,0.5263157894736843
mshse_selective_ensemble,external,974,0.0
mshse_selective_ensemble,external,975,0.0
mshse_selective_ensemble,external,976,0.5263157894736842
mshse_selective_ensemble,external,977,0.4736842105263158
mshse_selective_ensemble,external,978,0.894736842105263
mshse_selective_ensemble,external,979,0.5263157894736843
mshse_selective_ensemble,external,980,0.5
mshse_selective_ensemble,external,981,0.4210526315789474
mshse_selective_ensemble,external,982,0.0
mshse_selective_ensemble,external,983,0.5263157894736843
mshse_selective_ensemble,external,984,0.5263157894736843
mshse_selective_ensemble,external,985,0.9473684210526316
mshse_selective_ensemble,external,986,0.052631578947368474
mshse_selective_ensemble,external,987,0.052631578947368474
mshse_selective_ensemble,external,988,0.894736842105263
mshse_selective_ensemble,external,989,0.9473684210526315
mshse_selective_ensemble,external,990,0.10526315789473684
mshse_selective_ensemble,external,991,1.0
mshse_selective_ensemble,external,992,0.5
mshse_selective_ensemble,external,993,1.0
mshse_selective_ensemble,external,994,0.052631578947368474
mshse_selective_ensemble,external,995,1.0
mshse_selective_ensemble,external,996,0.5263157894736843
mshse_selective_ensemble,external,997,0.8421052631578947
mshse_selective_ensemble,external,998,0.9473684210526316
mshse_selective_ensemble,external,999,1.0
mshse_selective_ensemble,external,1000,0.0
final_model,external,1,0.6842105263157895
final_model,external,2,0.4736842105263158
final_model,external,3,0.631578947368421
final_model,external,4,0.9473684210526316
final_model,external,5,0.6052631578947368
final_model,external,6,0.8947368421052632
final_model,external,7,0.7631578947368421
final_model,external,8,0.5263157894736843
final_model,external,9,0.6578947368421053
final_model,external,10,0.6842105263157895
final_model,external,11,0.42105263157894735
final_model,external,12,0.736842105263158
final_model,external,13,0.9473684210526316
final_model,external,14,0.736842105263158
final_model,external,15,1.0
final_model,external,16,0.6052631578947368
final_model,external,17,1.0
final_model,external,18,0.9473684210526316
final_model,external,19,0.6578947368421052
final_model,external,20,0.8157894736842106
final_model,external,21,0.4736842105263158
final_model,external,22,0.7894736842105263
final_model,external,23,0.9473684210526315
final_model,external,24,0.8421052631578948
final_model,external,25,0.6842105263157895
final_model,external,26,0.6052631578947368
final_model,external,27,0.631578947368421
final_model,external,28,1.0
final_model,external,29,0.736842105263158
final_model,external,30,0.26315789473684215
final_model,external,31,0.3157894736842105
final_model,external,32,0.42105263157894735
final_model,external,33,0.8947368421052632
final_model,external,34,0.5789473684210527
final_model,external,35,1.0
final_model,external,36,0.5789473684210527
final_model,external,37,0.6315789473684211
final_model,external,38,0.7631578947368421
final_model,external,39,0.736842105263158
final_model,external,40,0.42105263157894735
final_model,external,41,0.7105263157894737
final_model,external,42,0.7631578947368421
final_model,external,43,0.5789473684210527
final_model,external,44,0.368421052631579
final_model,external,45,0.9473684210526316
final_model,external,46,0.8947368421052632
final_model,external,47,0.7105263157894737
final_model,external,48,0.6578947368421053
final_model,external,49,0.5263157894736843
final_model,external,50,0.26315789473684215
final_model,external,51,0.7631578947368421
final_model,external,52,1.0
final_model,external,53,1.0
final_model,external,54,1.0
final_model,external,55,0.5789473684210527
final_model,external,56,0.368421052631579
final_model,external,57,0.3157894736842105
final_model,external,58,0.605263157894737
final_model,external,59,0.5263157894736843
final_model,external,60,0.5263157894736843
final_model,external,61,1.0
final_model,external,62,0.7894736842105263
final_model,external,63,0.9473684210526315
final_model,external,64,0.7894736842105263
final_model,external,65,0.6052631578947368
final_model,external,66,0.894736842105263
final_model,external,67,0.6052631578947368
final_model,external,68,0.6052631578947368
final_model,external,69,0.3157894736842105
final_model,external,70,0.368421052631579
final_model,external,71,0.42105263157894735
final_model,external,72,0.6315789473684211
final_model,external,73,0.6842105263157895
final_model,external,74,0.7105263157894737
final_model,external,75,0.6052631578947368
final_model,external,76,0.631578947368421
final_model,external,77,0.4736842105263158
final_model,external,78,0.4736842105263158
final_model,external,79,1.0
final_model,external,80,0.9473684210526315
final_model,external,81,0.8157894736842105
final_model,external,82,0.8947368421052632
final_model,external,83,0.4736842105263158
final_model,external,84,0.7105263157894737
final_model,external,85,0.21052631578947367
final_model,external,86,0.736842105263158
final_model,external,87,0.5263157894736843
final_model,external,88,0.631578947368421
final_model,external,89,0.42105263157894735
final_model,external,90,0.631578947368421
final_model,external,91,0.7894736842105263
final_model,external,92,0.7105263157894737
final_model,external,93,0.42105263157894735
final_model,external,94,0.631578947368421
final_model,external,95,0.7105263157894737
final_model,external,96,0.7105263157894737
final_model,external,97,0.631578947368421
final_model,external,98,0.736842105263158
final_model,external,99,0.9473684210526316
final_model,external,100,0.4736842105263158
final_model,external,101,0.8421052631578948
final_model,external,102,0.7631578947368421
final_model,external,103,0.6842105263157895
final_model,external,104,0.6052631578947368
final_model,external,105,0.7631578947368421
final_model,external,106,0.8947368421052632
final_model,external,107,0.9473684210526315
final_model,external,108,0.7368421052631579
final_model,external,109,0.42105263157894735
final_model,external,110,0.6842105263157895
final_model,external,111,0.368421052631579
final_model,external,112,0.7105263157894737
final_model,external,113,1.0
final_model,external,114,0.7631578947368421
final_model,external,115,0.736842105263158
final_model,external,116,0.6052631578947368
final_model,external,117,0.5789473684210527
final_model,external,118,0.6842105263157895
final_model,external,119,0.631578947368421
final_model,external,120,0.736842105263158
final_model,external,121,0.6315789473684211
final_model,external,122,0.736842105263158
final_model,external,123,0.42105263157894735
final_model,external,124,0.6842105263157895
final_model,external,125,0.736842105263158
final_model,external,126,0.7105263157894737
final_model,external,127,0.9473684210526315
final_model,external,128,0.6052631578947368
final_model,external,129,0.736842105263158
final_model,external,130,0.4736842105263158
final_model,external,131,0.736842105263158
final_model,external,132,0.8157894736842106
final_model,external,133,0.6052631578947368
final_model,external,134,0.6842105263157895
final_model,external,135,0.4736842105263158
final_model,external,136,1.0
final_model,external,137,1.0
final_model,external,138,0.5526315789473685
final_model,external,139,0.6842105263157895
final_model,external,140,1.0
final_model,external,141,0.7105263157894737
final_model,external,142,0.7631578947368421
final_model,external,143,0.8947368421052632
final_model,external,144,0.4736842105263158
final_model,external,145,0.7105263157894737
final_model,external,146,0.5263157894736843
final_model,external,147,0.631578947368421
final_model,external,148,0.7105263157894737
final_model,external,149,0.736842105263158
final_model,external,150,0.5263157894736843
final_model,external,151,0.736842105263158
final_model,external,152,1.0
final_model,external,153,0.5263157894736843
final_model,external,154,0.736842105263158
final_model,external,155,0.8947368421052632
final_model,external,156,0.6842105263157895
final_model,external,157,1.0
final_model,external,158,0.9473684210526316
final_model,external,159,0.6052631578947368
final_model,external,160,0.7105263157894737
final_model,external,161,0.8947368421052632
final_model,external,162,0.4736842105263158
final_model,external,163,0.9473684210526316
final_model,external,164,0.5526315789473685
final_model,external,165,0.9473684210526315
final_model,external,166,1.0
final_model,external,167,0.42105263157894735
final_model,external,168,0.5789473684210527
final_model,external,169,0.7105263157894737
final_model,external,170,0.9473684210526316
final_model,external,171,0.7894736842105263
final_model,external,172,1.0
final_model,external,173,0.9473684210526316
final_model,external,174,0.6842105263157895
final_model,external,175,0.8421052631578947
final_model,external,176,0.6842105263157895
final_model,external,177,0.7631578947368421
final_model,external,178,0.5789473684210527
final_model,external,179,0.7105263157894737
final_model,external,180,0.7368421052631579
final_model,external,181,0.7894736842105263
final_model,external,182,0.7105263157894737
final_model,external,183,0.736842105263158
final_model,external,184,0.7894736842105263
final_model,external,185,0.7105263157894737
final_model,external,186,0.42105263157894735
final_model,external,187,0.7631578947368421
final_model,external,188,0.7631578947368421
final_model,external,189,0.42105263157894735
final_model,external,190,0.5789473684210527
final_model,external,191,0.7105263157894737
final_model,external,192,0.6578947368421053
final_model,external,193,0.3157894736842105
final_model,external,194,0.7894736842105263
final_model,external,195,0.42105263157894735
final_model,external,196,0.6842105263157895
final_model,external,197,0.8947368421052633
final_model,external,198,0.7894736842105263
final_model,external,199,0.4736842105263158
final_model,external,200,0.868421052631579
final_model,external,201,1.0
final_model,external,202,0.7368421052631579
final_model,external,203,0.736842105263158
final_model,external,204,0.4736842105263158
final_model,external,205,0.9473684210526316
final_model,external,206,0.5263157894736843
final_model,external,207,0.7105263157894737
final_model,external,208,0.9473684210526315
final_model,external,209,0.9473684210526316
final_model,external,210,0.3157894736842105
final_model,external,211,0.8947368421052632
final_model,external,212,0.6578947368421053
final_model,external,213,0.736842105263158
final_model,external,214,0.4736842105263158
final_model,external,215,0.7105263157894737
final_model,external,216,0.8421052631578948
final_model,external,217,0.8157894736842105
final_model,external,218,0.6842105263157895
final_model,external,219,0.6052631578947368
final_model,external,220,0.6842105263157895
final_model,external,221,0.6578947368421053
final_model,external,222,0.26315789473684215
final_model,external,223,0.7631578947368421
final_model,external,224,0.9473684210526316
final_model,external,225,0.9473684210526316
final_model,external,226,0.5789473684210527
final_model,external,227,0.5263157894736843
final_model,external,228,1.0
final_model,external,229,0.7368421052631579
final_model,external,230,0.9473684210526316
final_model,external,231,0.4736842105263158
final_model,external,232,0.7631578947368421
final_model,external,233,0.8157894736842105
final_model,external,234,0.4736842105263158
final_model,external,235,0.7368421052631579
final_model,external,236,0.9473684210526316
final_model,external,237,0.9473684210526316
final_model,external,238,1.0
final_model,external,239,0.8947368421052632
final_model,external,240,0.3157894736842105
final_model,external,241,0.6315789473684211
final_model,external,242,0.7105263157894737
final_model,external,243,0.9473684210526316
final_model,external,244,0.8947368421052632
final_model,external,245,0.8947368421052632
final_model,external,246,0.736842105263158
final_model,external,247,0.8947368421052632
final_model,external,248,0.736842105263158
final_model,external,249,0.6052631578947368
final_model,external,250,0.6052631578947368
final_model,external,251,0.8947368421052632
final_model,external,252,0.7105263157894737
final_model,external,253,0.6315789473684211
final_model,external,254,0.4736842105263158
final_model,external,255,0.4736842105263158
final_model,external,256,0.8421052631578947
final_model,external,257,0.5263157894736843
final_model,external,258,0.631578947368421
final_model,external,259,0.368421052631579
final_model,external,260,0.7105263157894737
final_model,external,261,0.8421052631578947
final_model,external,262,0.6052631578947368
final_model,external,263,0.631578947368421
final_model,external,264,0.7631578947368421
final_model,external,265,0.6052631578947368
final_model,external,266,0.8947368421052632
final_model,external,267,0.6842105263157895
final_model,external,268,0.7105263157894738
final_model,external,269,0.7631578947368421
final_model,external,270,0.9473684210526315
final_model,external,271,1.0
final_model,external,272,1.0
final_model,external,273,0.7894736842105263
final_model,external,274,0.9473684210526315
final_model,external,275,0.6842105263157895
final_model,external,276,0.6315789473684211
final_model,external,277,1.0
final_model,external,278,0.736842105263158
final_model,external,279,0.9473684210526315
final_model,external,280,0.5263157894736843
final_model,external,281,0.7631578947368421
final_model,external,282,0.7105263157894737
final_model,external,283,0.6842105263157895
final_model,external,284,0.5263157894736843
final_model,external,285,0.7631578947368421
final_model,external,286,0.736842105263158
final_model,external,287,0.42105263157894735
final_model,external,288,0.4736842105263158
final_model,external,289,0.8421052631578947
final_model,external,290,0.736842105263158
final_model,external,291,0.7631578947368421
final_model,external,292,0.6842105263157895
final_model,external,293,0.7894736842105263
final_model,external,294,0.763157894736842
final_model,external,295,0.3157894736842105
final_model,external,296,0.368421052631579
final_model,external,297,0.4736842105263158
final_model,external,298,0.9473684210526316
final_model,external,299,0.6315789473684211
final_model,external,300,0.9473684210526316
final_model,external,301,0.7368421052631579
final_model,external,302,0.8157894736842105
final_model,external,303,0.736842105263158
final_model,external,304,0.7105263157894737
final_model,external,305,1.0
final_model,external,306,0.7105263157894737
final_model,external,307,0.3157894736842105
final_model,external,308,0.9473684210526316
final_model,external,309,0.7105263157894737
final_model,external,310,0.9473684210526316
final_model,external,311,0.9473684210526316
final_model,external,312,0.26315789473684215
final_model,external,313,0.6578947368421053
final_model,external,314,1.0
final_model,external,315,0.8947368421052632
final_model,external,316,0.7105263157894737
final_model,external,317,0.26315789473684215
final_model,external,318,0.368421052631579
final_model,external,319,0.736842105263158
final_model,external,320,0.9473684210526316
final_model,external,321,0.8947368421052632
final_model,external,322,0.6578947368421052
final_model,external,323,0.7631578947368421
final_model,external,324,0.9473684210526316
final_model,external,325,0.8947368421052632
final_model,external,326,1.0
final_model,external,327,0.7105263157894737
final_model,external,328,0.868421052631579
final_model,external,329,0.8157894736842105
final_model,external,330,0.6578947368421052
final_model,external,331,0.7105263157894737
final_model,external,332,1.0
final_model,external,333,0.4736842105263158
final_model,external,334,0.4736842105263158
final_model,external,335,0.6578947368421053
final_model,external,336,0.8947368421052632
final_model,external,337,0.7631578947368421
final_model,external,338,0.9473684210526316
final_model,external,339,0.631578947368421
final_model,external,340,0.631578947368421
final_model,external,341,0.5263157894736843
final_model,external,342,0.5263157894736843
final_model,external,343,0.7631578947368421
final_model,external,344,0.7894736842105263
final_model,external,345,0.7894736842105263
final_model,external,346,0.4736842105263158
final_model,external,347,0.7631578947368421
final_model,external,348,0.42105263157894735
final_model,external,349,0.736842105263158
final_model,external,350,0.9473684210526315
final_model,external,351,0.8157894736842105
final_model,external,352,1.0
final_model,external,353,0.736842105263158
final_model,external,354,0.6842105263157895
final_model,external,355,0.7105263157894737
final_model,external,356,0.8421052631578948
final_model,external,357,0.4736842105263158
final_model,external,358,0.6842105263157895
final_model,external,359,0.5263157894736843
final_model,external,360,1.0
final_model,external,361,0.6842105263157895
final_model,external,362,0.736842105263158
final_model,external,363,0.9473684210526316
final_model,external,364,1.0
final_model,external,365,0.7631578947368421
final_model,external,366,0.8421052631578947
final_model,external,367,0.6842105263157895
final_model,external,368,0.9999999999999999
final_model,external,369,0.8947368421052632
final_model,external,370,0.6842105263157894
final_model,external,371,0.7894736842105263
final_model,external,372,0.5789473684210527
final_model,external,373,0.8947368421052632
final_model,external,374,0.9473684210526315
final_model,external,375,0.7105263157894737
final_model,external,376,0.7105263157894737
final_model,external,377,0.7105263157894737
final_model,external,378,0.736842105263158
final_model,external,379,1.0
final_model,external,380,0.26315789473684215
final_model,external,381,1.0
final_model,external,382,0.8157894736842105
final_model,external,383,0.42105263157894735
final_model,external,384,0.7631578947368421
final_model,external,385,0.8421052631578947
final_model,external,386,0.7631578947368421
final_model,external,387,0.6842105263157895
final_model,external,388,0.8947368421052632
final_model,external,389,0.7105263157894737
final_model,external,390,0.6315789473684211
final_model,external,391,1.0
final_model,external,392,0.6052631578947368
final_model,external,393,0.7105263157894737
final_model,external,394,0.7894736842105263
final_model,external,395,1.0
final_model,external,396,0.7631578947368421
final_model,external,397,0.42105263157894735
final_model,external,398,0.631578947368421
final_model,external,399,0.7105263157894737
final_model,external,400,0.6842105263157895
final_model,external,401,0.6578947368421053
final_model,external,402,1.0
final_model,external,403,0.8947368421052632
final_model,external,404,0.42105263157894735
final_model,external,405,0.7894736842105263
final_model,external,406,0.7105263157894737
final_model,external,407,0.8421052631578947
final_model,external,408,0.8947368421052632
final_model,external,409,1.0
final_model,external,410,0.736842105263158
final_model,external,411,0.6842105263157895
final_model,external,412,0.7368421052631579
final_model,external,413,0.7894736842105263
final_model,external,414,0.42105263157894735
final_model,external,415,0.8947368421052632
final_model,external,416,0.7105263157894737
final_model,external,417,0.6578947368421053
final_model,external,418,0.5263157894736843
final_model,external,419,0.7894736842105263
final_model,external,420,0.7105263157894737
final_model,external,421,0.7105263157894738
final_model,external,422,0.6052631578947368
final_model,external,423,0.3157894736842105
final_model,external,424,0.42105263157894735
final_model,external,425,0.5789473684210527
final_model,external,426,0.736842105263158
final_model,external,427,0.6315789473684211
final_model,external,428,0.5263157894736843
final_model,external,429,0.736842105263158
final_model,external,430,0.631578947368421
final_model,external,431,0.7631578947368421
final_model,external,432,1.0
final_model,external,433,0.8421052631578947
final_model,external,434,0.6315789473684211
final_model,external,435,0.7631578947368421
final_model,external,436,0.6842105263157895
final_model,external,437,1.0
final_model,external,438,0.7631578947368421
final_model,external,439,0.8157894736842105
final_model,external,440,0.5789473684210527
final_model,external,441,0.5789473684210527
final_model,external,442,0.8157894736842105
final_model,external,443,0.9473684210526316
final_model,external,444,0.4736842105263158
final_model,external,445,0.5263157894736843
final_model,external,446,0.6315789473684211
final_model,external,447,0.5263157894736843
final_model,external,448,0.736842105263158
final_model,external,449,0.9473684210526316
final_model,external,450,0.7894736842105263
final_model,external,451,0.736842105263158
final_model,external,452,0.7631578947368421
final_model,external,453,0.42105263157894735
final_model,external,454,0.7631578947368421
final_model,external,455,0.6315789473684211
final_model,external,456,0.736842105263158
final_model,external,457,0.8157894736842105
final_model,external,458,0.5789473684210527
final_model,external,459,0.736842105263158
final_model,external,460,0.6842105263157895
final_model,external,461,0.7105263157894737
final_model,external,462,0.6842105263157895
final_model,external,463,0.9473684210526316
final_model,external,464,0.9473684210526315
final_model,external,465,0.6842105263157895
final_model,external,466,0.8157894736842105
final_model,external,467,0.5789473684210527
final_model,external,468,0.9473684210526315
final_model,external,469,0.894736842105263
final_model,external,470,0.5789473684210527
final_model,external,471,0.9473684210526316
final_model,external,472,0.6578947368421053
final_model,external,473,0.8157894736842105
final_model,external,474,0.7105263157894737
final_model,external,475,0.6578947368421053
final_model,external,476,0.8157894736842105
final_model,external,477,0.5789473684210527
final_model,external,478,0.6578947368421052
final_model,external,479,0.5789473684210527
final_model,external,480,0.868421052631579
final_model,external,481,0.631578947368421
final_model,external,482,0.6315789473684211
final_model,external,483,0.42105263157894735
final_model,external,484,0.21052631578947367
final_model,external,485,1.0
final_model,external,486,0.7631578947368421
final_model,external,487,0.6842105263157895
final_model,external,488,0.9473684210526315
final_model,external,489,0.6842105263157895
final_model,external,490,0.6842105263157895
final_model,external,491,0.5263157894736843
final_model,external,492,0.5789473684210527
final_model,external,493,0.4736842105263158
final_model,external,494,0.736842105263158
final_model,external,495,0.8421052631578948
final_model,external,496,0.9473684210526316
final_model,external,497,0.7894736842105263
final_model,external,498,0.736842105263158
final_model,external,499,0.736842105263158
final_model,external,500,0.7105263157894737
final_model,external,501,0.7368421052631579
final_model,external,502,0.26315789473684215
final_model,external,503,0.763157894736842
final_model,external,504,0.7894736842105263
final_model,external,505,0.9473684210526315
final_model,external,506,0.26315789473684215
final_model,external,507,0.5789473684210527
final_model,external,508,0.736842105263158
final_model,external,509,0.4736842105263158
final_model,external,510,0.7631578947368421
final_model,external,511,0.5789473684210527
final_model,external,512,0.6842105263157895
final_model,external,513,0.8157894736842105
final_model,external,514,0.7368421052631579
final_model,external,515,0.7631578947368421
final_model,external,516,0.5263157894736843
final_model,external,517,0.631578947368421
final_model,external,518,0.6052631578947368
final_model,external,519,0.6842105263157895
final_model,external,520,0.736842105263158
final_model,external,521,0.6315789473684211
final_model,external,522,0.894736842105263
final_model,external,523,0.3157894736842105
final_model,external,524,0.8947368421052632
final_model,external,525,0.631578947368421
final_model,external,526,0.4736842105263158
final_model,external,527,0.6315789473684211
final_model,external,528,0.6842105263157895
final_model,external,529,1.0
final_model,external,530,1.0
final_model,external,531,0.9473684210526316
final_model,external,532,0.368421052631579
final_model,external,533,0.5789473684210527
final_model,external,534,0.9473684210526316
final_model,external,535,0.4736842105263158
final_model,external,536,0.6578947368421053
final_model,external,537,0.6578947368421053
final_model,external,538,0.7631578947368421
final_model,external,539,0.6842105263157895
final_model,external,540,0.631578947368421
final_model,external,541,0.8947368421052632
final_model,external,542,0.7105263157894737
final_model,external,543,0.7631578947368421
final_model,external,544,1.0
final_model,external,545,0.8157894736842105
final_model,external,546,0.3157894736842105
final_model,external,547,0.5789473684210527
final_model,external,548,0.8157894736842105
final_model,external,549,0.6842105263157895
final_model,external,550,0.7894736842105263
final_model,external,551,0.5789473684210527
final_model,external,552,0.9473684210526316
final_model,external,553,0.6052631578947368
final_model,external,554,1.0
final_model,external,555,0.6052631578947368
final_model,external,556,0.5263157894736843
final_model,external,557,1.0
final_model,external,558,0.42105263157894735
final_model,external,559,0.6842105263157894
final_model,external,560,0.7105263157894737
final_model,external,561,0.736842105263158
final_model,external,562,0.7894736842105263
final_model,external,563,0.7894736842105263
final_model,external,564,0.5526315789473685
final_model,external,565,1.0
final_model,external,566,0.5789473684210527
final_model,external,567,0.9473684210526316
final_model,external,568,0.4736842105263158
final_model,external,569,0.7368421052631579
final_model,external,570,0.6578947368421053
final_model,external,571,0.9473684210526315
final_model,external,572,0.7105263157894737
final_model,external,573,0.6842105263157895
final_model,external,574,0.3157894736842105
final_model,external,575,0.8947368421052633
final_model,external,576,0.7894736842105263
final_model,external,577,0.9473684210526316
final_model,external,578,0.7105263157894737
final_model,external,579,0.763157894736842
final_model,external,580,0.7105263157894737
final_model,external,581,0.7105263157894737
final_model,external,582,0.7105263157894737
final_model,external,583,0.8947368421052632
final_model,external,584,0.42105263157894735
final_model,external,585,0.6842105263157895
final_model,external,586,0.6842105263157895
final_model,external,587,0.5789473684210527
final_model,external,588,0.5263157894736843
final_model,external,589,0.6842105263157895
final_model,external,590,0.7631578947368421
final_model,external,591,0.6052631578947368
final_model,external,592,0.6052631578947368
final_model,external,593,1.0
final_model,external,594,0.5789473684210527
final_model,external,595,0.736842105263158
final_model,external,596,1.0
final_model,external,597,0.736842105263158
final_model,external,598,0.7631578947368421
final_model,external,599,0.6315789473684211
final_model,external,600,0.8947368421052633
final_model,external,601,0.7105263157894737
final_model,external,602,0.7105263157894737
final_model,external,603,0.4736842105263158
final_model,external,604,0.6578947368421053
final_model,external,605,1.0
final_model,external,606,0.42105263157894735
final_model,external,607,0.736842105263158
final_model,external,608,0.5789473684210527
final_model,external,609,0.7368421052631579
final_model,external,610,0.5263157894736843
final_model,external,611,0.8157894736842105
final_model,external,612,1.0
final_model,external,613,0.4736842105263158
final_model,external,614,0.7631578947368421
final_model,external,615,0.6315789473684211
final_model,external,616,0.736842105263158
final_model,external,617,0.6052631578947368
final_model,external,618,0.9473684210526316
final_model,external,619,0.6842105263157895
final_model,external,620,0.7894736842105263
final_model,external,621,0.5263157894736843
final_model,external,622,0.7368421052631579
final_model,external,623,0.6842105263157895
final_model,external,624,0.9473684210526315
final_model,external,625,0.7631578947368421
final_model,external,626,0.6842105263157895
final_model,external,627,0.7105263157894737
final_model,external,628,0.5789473684210527
final_model,external,629,0.3157894736842105
final_model,external,630,0.5263157894736843
final_model,external,631,0.9473684210526315
final_model,external,632,0.6052631578947368
final_model,external,633,0.6842105263157895
final_model,external,634,0.736842105263158
final_model,external,635,0.4736842105263158
final_model,external,636,0.8157894736842105
final_model,external,637,0.7105263157894737
final_model,external,638,0.5263157894736843
final_model,external,639,0.6842105263157895
final_model,external,640,0.9473684210526316
final_model,external,641,0.4736842105263158
final_model,external,642,0.736842105263158
final_model,external,643,0.6052631578947368
final_model,external,644,0.7631578947368421
final_model,external,645,0.5789473684210527
final_model,external,646,0.7105263157894737
final_model,external,647,0.9473684210526316
final_model,external,648,0.7105263157894737
final_model,external,649,0.7894736842105263
final_model,external,650,1.0
final_model,external,651,0.6842105263157895
final_model,external,652,0.8947368421052632
final_model,external,653,0.8947368421052632
final_model,external,654,1.0
final_model,external,655,0.6842105263157895
final_model,external,656,0.5789473684210527
final_model,external,657,0.631578947368421
final_model,external,658,0.368421052631579
final_model,external,659,0.7894736842105263
final_model,external,660,0.7631578947368421
final_model,external,661,0.631578947368421
final_model,external,662,0.6842105263157895
final_model,external,663,0.9473684210526316
final_model,external,664,0.6315789473684211
final_model,external,665,0.8157894736842105
final_model,external,666,0.868421052631579
final_model,external,667,0.42105263157894735
final_model,external,668,0.7105263157894737
final_model,external,669,0.42105263157894735
final_model,external,670,0.7631578947368421
final_model,external,671,0.8947368421052632
final_model,external,672,0.8947368421052633
final_model,external,673,0.6578947368421053
final_model,external,674,0.42105263157894735
final_model,external,675,0.763157894736842
final_model,external,676,0.9473684210526316
final_model,external,677,0.6578947368421052
final_model,external,678,0.368421052631579
final_model,external,679,0.7105263157894737
final_model,external,680,0.9473684210526316
final_model,external,681,1.0
final_model,external,682,0.7894736842105263
final_model,external,683,0.8157894736842105
final_model,external,684,0.8947368421052632
final_model,external,685,0.7368421052631579
final_model,external,686,0.4736842105263158
final_model,external,687,1.0
final_model,external,688,0.6842105263157895
final_model,external,689,0.42105263157894735
final_model,external,690,0.6578947368421053
final_model,external,691,0.7894736842105263
final_model,external,692,0.5526315789473684
final_model,external,693,0.42105263157894735
final_model,external,694,0.7105263157894737
final_model,external,695,0.5263157894736843
final_model,external,696,0.7631578947368421
final_model,external,697,0.9473684210526316
final_model,external,698,0.5263157894736843
final_model,external,699,0.9473684210526315
final_model,external,700,0.8947368421052632
final_model,external,701,1.0
final_model,external,702,0.8157894736842106
final_model,external,703,0.7631578947368421
final_model,external,704,0.6578947368421053
final_model,external,705,0.7894736842105263
final_model,external,706,0.9999999999999999
final_model,external,707,0.8947368421052632
final_model,external,708,0.7894736842105263
final_model,external,709,0.8421052631578948
final_model,external,710,0.6842105263157895
final_model,external,711,0.7894736842105263
final_model,external,712,0.6578947368421052
final_model,external,713,0.5263157894736843
final_model,external,714,0.6842105263157895
final_model,external,715,0.7105263157894737
final_model,external,716,0.5789473684210527
final_model,external,717,0.6578947368421053
final_model,external,718,0.7105263157894737
final_model,external,719,0.736842105263158
final_model,external,720,1.0
final_model,external,721,0.8421052631578947
final_model,external,722,0.7894736842105263
final_model,external,723,0.894736842105263
final_model,external,724,0.7105263157894737
final_model,external,725,0.7631578947368421
final_model,external,726,0.7105263157894737
final_model,external,727,0.6842105263157895
final_model,external,728,0.8947368421052632
final_model,external,729,0.7105263157894737
final_model,external,730,0.42105263157894735
final_model,external,731,0.8947368421052632
final_model,external,732,0.7631578947368421
final_model,external,733,0.7631578947368421
final_model,external,734,1.0
final_model,external,735,0.42105263157894735
final_model,external,736,0.6578947368421053
final_model,external,737,0.4736842105263158
final_model,external,738,0.368421052631579
final_model,external,739,0.7105263157894737
final_model,external,740,0.736842105263158
final_model,external,741,1.0
final_model,external,742,0.8157894736842105
final_model,external,743,0.5263157894736843
final_model,external,744,0.8157894736842105
final_model,external,745,0.631578947368421
final_model,external,746,0.6052631578947368
final_model,external,747,0.6842105263157895
final_model,external,748,0.7105263157894737
final_model,external,749,0.7631578947368421
final_model,external,750,0.368421052631579
final_model,external,751,0.8157894736842105
final_model,external,752,0.631578947368421
final_model,external,753,0.7105263157894737
final_model,external,754,0.4736842105263158
final_model,external,755,0.6052631578947368
final_model,external,756,0.3157894736842105
final_model,external,757,0.5263157894736843
final_model,external,758,0.6578947368421053
final_model,external,759,0.9473684210526316
final_model,external,760,0.368421052631579
final_model,external,761,0.6578947368421053
final_model,external,762,0.7631578947368421
final_model,external,763,0.6315789473684211
final_model,external,764,0.7368421052631579
final_model,external,765,0.605263157894737
final_model,external,766,1.0
final_model,external,767,0.7105263157894737
final_model,external,768,0.6842105263157895
final_model,external,769,0.368421052631579
final_model,external,770,1.0
final_model,external,771,0.26315789473684215
final_model,external,772,0.6578947368421053
final_model,external,773,1.0
final_model,external,774,0.5789473684210527
final_model,external,775,0.8421052631578947
final_model,external,776,0.7631578947368421
final_model,external,777,0.7631578947368421
final_model,external,778,0.42105263157894735
final_model,external,779,0.9473684210526315
final_model,external,780,0.6578947368421053
final_model,external,781,0.6842105263157895
final_model,external,782,0.42105263157894735
final_model,external,783,0.4736842105263158
final_model,external,784,0.763157894736842
final_model,external,785,0.9473684210526316
final_model,external,786,0.4736842105263158
final_model,external,787,0.631578947368421
final_model,external,788,0.7105263157894737
final_model,external,789,0.631578947368421
final_model,external,790,0.6578947368421053
final_model,external,791,0.7105263157894737
final_model,external,792,0.5263157894736843
final_model,external,793,1.0
final_model,external,794,0.6578947368421053
final_model,external,795,0.5263157894736843
final_model,external,796,0.26315789473684215
final_model,external,797,0.7631578947368421
final_model,external,798,0.9473684210526316
final_model,external,799,1.0
final_model,external,800,0.368421052631579
final_model,external,801,0.5263157894736843
final_model,external,802,0.8947368421052632
final_model,external,803,0.7631578947368421
final_model,external,804,1.0
final_model,external,805,0.6842105263157895
final_model,external,806,0.6052631578947368
final_model,external,807,1.0
final_model,external,808,0.6578947368421053
final_model,external,809,0.8421052631578948
final_model,external,810,0.8947368421052632
final_model,external,811,0.3157894736842105
final_model,external,812,0.42105263157894735
final_model,external,813,0.894736842105263
final_model,external,814,0.7631578947368421
final_model,external,815,0.6842105263157895
final_model,external,816,0.6578947368421053
final_model,external,817,0.9473684210526315
final_model,external,818,0.7368421052631579
final_model,external,819,0.4736842105263158
final_model,external,820,0.5789473684210527
final_model,external,821,0.9473684210526316
final_model,external,822,0.9473684210526315
final_model,external,823,0.5789473684210527
final_model,external,824,0.7894736842105263
final_model,external,825,0.631578947368421
final_model,external,826,0.5263157894736843
final_model,external,827,0.736842105263158
final_model,external,828,0.368421052631579
final_model,external,829,0.8157894736842105
final_model,external,830,0.5263157894736843
final_model,external,831,0.7105263157894737
final_model,external,832,1.0
final_model,external,833,0.8947368421052632
final_model,external,834,0.368421052631579
final_model,external,835,0.9473684210526316
final_model,external,836,0.5263157894736843
final_model,external,837,0.7105263157894737
final_model,external,838,0.6578947368421053
final_model,external,839,0.3157894736842105
final_model,external,840,0.42105263157894735
final_model,external,841,0.6578947368421053
final_model,external,842,0.631578947368421
final_model,external,843,0.736842105263158
final_model,external,844,0.9473684210526315
final_model,external,845,0.3157894736842105
final_model,external,846,0.7105263157894737
final_model,external,847,0.5789473684210527
final_model,external,848,0.736842105263158
final_model,external,849,0.7631578947368421
final_model,external,850,1.0
final_model,external,851,0.5789473684210527
final_model,external,852,1.0
final_model,external,853,0.8947368421052632
final_model,external,854,0.6315789473684211
final_model,external,855,0.7894736842105263
final_model,external,856,0.42105263157894735
final_model,external,857,0.7894736842105263
final_model,external,858,1.0
final_model,external,859,0.7631578947368421
final_model,external,860,0.5263157894736843
final_model,external,861,0.7105263157894737
final_model,external,862,0.5789473684210527
final_model,external,863,0.7894736842105263
final_model,external,864,0.8157894736842105
final_model,external,865,0.7105263157894737
final_model,external,866,0.6842105263157895
final_model,external,867,0.9473684210526316
final_model,external,868,0.631578947368421
final_model,external,869,0.5263157894736843
final_model,external,870,0.42105263157894735
final_model,external,871,0.8421052631578947
final_model,external,872,0.8421052631578947
final_model,external,873,1.0
final_model,external,874,1.0
final_model,external,875,0.9473684210526315
final_model,external,876,0.7631578947368421
final_model,external,877,0.7105263157894737
final_model,external,878,0.8421052631578948
final_model,external,879,0.6842105263157895
final_model,external,880,1.0
final_model,external,881,0.9473684210526316
final_model,external,882,0.6315789473684211
final_model,external,883,0.6842105263157895
final_model,external,884,0.5263157894736843
final_model,external,885,0.9473684210526316
final_model,external,886,0.5789473684210527
final_model,external,887,0.736842105263158
final_model,external,888,0.8421052631578947
final_model,external,889,0.5263157894736843
final_model,external,890,0.6052631578947368
final_model,external,891,0.7631578947368421
final_model,external,892,0.3157894736842105
final_model,external,893,1.0
final_model,external,894,0.9473684210526316
final_model,external,895,0.8947368421052632
final_model,external,896,0.7894736842105263
final_model,external,897,0.6578947368421052
final_model,external,898,0.9473684210526316
final_model,external,899,0.7631578947368421
final_model,external,900,0.5263157894736843
final_model,external,901,0.6842105263157895
final_model,external,902,0.7105263157894737
final_model,external,903,0.8157894736842105
final_model,external,904,0.7105263157894737
final_model,external,905,0.5789473684210527
final_model,external,906,0.368421052631579
final_model,external,907,0.9473684210526315
final_model,external,908,1.0
final_model,external,909,1.0
final_model,external,910,0.6842105263157895
final_model,external,911,0.736842105263158
final_model,external,912,0.9473684210526316
final_model,external,913,0.368421052631579
final_model,external,914,0.5
final_model,external,915,0.736842105263158
final_model,external,916,0.9473684210526315
final_model,external,917,0.42105263157894735
final_model,external,918,0.3157894736842105
final_model,external,919,0.5789473684210527
final_model,external,920,0.7105263157894737
final_model,external,921,0.7894736842105263
final_model,external,922,0.7105263157894737
final_model,external,923,0.6842105263157895
final_model,external,924,1.0
final_model,external,925,0.9473684210526315
final_model,external,926,0.736842105263158
final_model,external,927,0.7368421052631579
final_model,external,928,0.7105263157894737
final_model,external,929,0.7631578947368421
final_model,external,930,0.6578947368421053
final_model,external,931,0.7631578947368421
final_model,external,932,0.6052631578947368
final_model,external,933,0.7105263157894737
final_model,external,934,0.7105263157894737
final_model,external,935,0.6842105263157895
final_model,external,936,0.7631578947368421
final_model,external,937,0.7631578947368421
final_model,external,938,0.26315789473684215
final_model,external,939,0.5789473684210527
final_model,external,940,0.8947368421052632
final_model,external,941,0.7631578947368421
final_model,external,942,0.8947368421052632
final_model,external,943,0.6578947368421053
final_model,external,944,0.7894736842105263
final_model,external,945,0.42105263157894735
final_model,external,946,0.26315789473684215
final_model,external,947,0.5789473684210527
final_model,external,948,0.42105263157894735
final_model,external,949,0.631578947368421
final_model,external,950,0.4736842105263158
final_model,external,951,0.736842105263158
final_model,external,952,0.9473684210526316
final_model,external,953,0.6842105263157895
final_model,external,954,0.6578947368421053
final_model,external,955,0.8947368421052633
final_model,external,956,0.763157894736842
final_model,external,957,0.8157894736842105
final_model,external,958,0.736842105263158
final_model,external,959,0.6052631578947368
final_model,external,960,1.0
final_model,external,961,0.631578947368421
final_model,external,962,0.631578947368421
final_model,external,963,0.368421052631579
final_model,external,964,0.631578947368421
final_model,external,965,0.7631578947368421
final_model,external,966,0.8157894736842105
final_model,external,967,0.7105263157894737
final_model,external,968,0.7631578947368421
final_model,external,969,0.7105263157894737
final_model,external,970,0.42105263157894735
final_model,external,971,0.9473684210526315
final_model,external,972,0.7894736842105263
final_model,external,973,0.6578947368421053
final_model,external,974,0.368421052631579
final_model,external,975,0.368421052631579
final_model,external,976,0.7105263157894737
final_model,external,977,0.6578947368421052
final_model,external,978,0.9473684210526316
final_model,external,979,0.8157894736842105
final_model,external,980,0.6578947368421053
final_model,external,981,0.631578947368421
final_model,external,982,0.368421052631579
final_model,external,983,0.736842105263158
final_model,external,984,0.8157894736842105
final_model,external,985,1.0
final_model,external,986,0.42105263157894735
final_model,external,987,0.42105263157894735
final_model,external,988,0.9473684210526315
final_model,external,989,0.9473684210526316
final_model,external,990,0.42105263157894735
final_model,external,991,0.8421052631578948
final_model,external,992,0.6842105263157895
final_model,external,993,1.0
final_model,external,994,0.5789473684210527
final_model,external,995,1.0
final_model,external,996,0.6842105263157895
final_model,external,997,0.9473684210526316
final_model,external,998,1.0
final_model,external,999,1.0
final_model,external,1000,0.368421052631579
